group,stable_id,word,english_meaning,dictionary_gloss,suggested_decision,suggested_english_meaning,mizo_meaning,example,why_flagged,decision,fixed_mizo_meaning,fixed_english_meaning,reviewer_note
1 Culture (culture reviewer too),sentence.039,Tlawmngaihna chu kan nunphung hlu tak a ni.,Tlawmngaihna is a treasured value in Mizo life.,,,,,,Cultural review and nuanced translation mandatory,,,,
1 Culture (culture reviewer too),word.aiawt,aiâwt,woven bamboo trap for catching fish,,,,"Chakai manna chi, hnâng tah puma, patling malpui tia vêl.",Aiâwt chhungah chuan chakai duh zawng an dah a.,,,,,
1 Culture (culture reviewer too),word.arbawm-2,Arbâwm,"a woven bamboo cage or coop (e.g., for chickens)",,,,"Thlangpui hmangin siam, ar emaw ran te khum nan hman ip.",Ar chu arbâwm chhungah an khum.,VERIFY culture-sensitive: a traditional bamboo-craft item; route to human culture reviewer if needed. VERIFY possible duplicate: diacritic-variant of existing word 'arbawm' already in corpus — confirm same word or distinct before import.,,,,
1 Culture (culture reviewer too),word.awkpaka,âwkpakâ,the gap between railing bars of a bahzâr platform,,,,Zawlbûk bahzâr bang hmâwr inkâr a âwng hi a ni.,Âwkpakâah chuan naupangte an ke an insawn lut fo thin.,VERIFY culture-sensitive: traditional zawlbûk architecture detail.,,,,
1 Culture (culture reviewer too),word.awmnikham,awmni kham,a village day of rest declared due to death or a major event,,,,Mitthi emaw pawimawh dang emaw awm avanga khawtlang huapin hna thawk lova awm ni hi a ni.,Khaw chuan mitthi avangin awmni kham an chin.,"VERIFY culture-sensitive: death/mourning-related community custom, route to human culture reviewer.",,,,
1 Culture (culture reviewer too),word.bahzar,bahzâr,a raised wooden platform along a wall (zawlbûk or chief's house),,,,Zawlbûk emaw lal in emaw kawmchâr lama chhuat sang bik siam hi a ni.,Bahzâr ah zawlbûk mite an chen thin.,VERIFY culture-sensitive: traditional architecture tied to zawlbûk/chief's house.,,,,
1 Culture (culture reviewer too),word.bangkalhkim,Bang kalh kim,"a bamboo hat woven with an even, well-matched pattern",,,,Bang (khumpui) chi khat a chhuan dan a kim tak leh a rem tak lo siam.,"Chu khumpui chu bang kalh kim tak a ni, a chhuan a ṭha em em.",VERIFY culture-sensitive: describes a traditional bamboo-weaving craft quality; route to human culture reviewer if needed.,,,,
1 Culture (culture reviewer too),word.banglai,Banglai,a plain-brimmed traditional woven hat,,,,"Khumpui chi pakhat, a piah lam a bâng sang lo va bial mai.",Hmanlai mipain banglai an khum thin.,VERIFY culture-sensitive: a traditional headgear/attire item; route to human culture reviewer if needed.,,,,
1 Culture (culture reviewer too),word.bawhbel,bawhbel,a large log placed at a zawlbûk entrance one must climb over,,,,"Zawlbûk luhna kawng bulah dah, luh apiang bawh liam tur thing pum hi a ni.",Naupang zawlbûkah luh tan chuan bawhbel an bawh liam thin.,VERIFY culture-sensitive: traditional zawlbûk architecture practice.,,,,
1 Culture (culture reviewer too),word.buhtun,buhtun,wooden rice-pounding mortar,,,,Buh chi khat chaw aia ei chi ah phel tur mun.,Hmanlai hian buhtun fang phel hian buh an châwm thin.,,,,,
1 Culture (culture reviewer too),word.chawnlehlam,chawn leh lâm,a traditional feast and dance celebration,,,,"Zu leh sa ruaipuiin khawtlang hrai a ngai a, chawng leh lâm bawl hi a ni.",Chawn leh lâm bawlah chuan khaw mi zawng an chen khawm.,VERIFY culture-sensitive: traditional ceremonial feast/dance custom.,,,,
1 Culture (culture reviewer too),word.chenchilhtu,chenchilhtu,a caretaker/guardian spirit of a place,,,,Hmun emaw thing emaw vengtu leh chenpuitu ngaiha thlarau hi a ni.,Thing hlui chu chenchilhtu nei niin an ring.,VERIFY culture-sensitive: khuavang/spirit-folklore belief; exact nuance uncertain.,,,,
1 Culture (culture reviewer too),word.chhawng,chhâwng,mithun or domestic bovine used for feasts,,,,"Ran chi pakhat, kût emaw hun ṭha hun emawa an hnawt/ei ṭhin.",Kût laiin chhâwng an hnawt ṭhin.,"VERIFY: exact animal identity uncertain (could be mithun or pig); VERIFY culture-sensitive: relates to ceremonial/festive slaughter practice, route to human culture reviewer.",,,,
1 Culture (culture reviewer too),word.chhawnghnawh,chhâwng hnawh,a traditional egg-tapping game played during Pawl Kut,,,,"Artui inbarh hmangin infiamna, tu artui a chak zawk tih hriat nan tih.",Pawl Kut-ah chuan naupangte chhâwng hnawh an in tih ṭhin.,VERIFY culture-sensitive: a traditional children's game (egg-knocking contest) tied to the Pawl Kut festival; route to human culture reviewer.,,,,
1 Culture (culture reviewer too),word.chhiahhlawh,chhiahhlawh,"a servant, hired helper (historical social role)",,,,"Mi dang hnena hna thawk pui, man dawngin enkawl hi a ni.",Chhiahhlawh tan chuan an hnathawh pui thin.,"VERIFY culture-sensitive: traditional social/servitude role, route to human culture reviewer.",,,,
1 Culture (culture reviewer too),word.chhihri,chhihri,small woven basket (also called vaihrik),,,,"Hnâng sin tê têa hlai, âwng siarin an tah, buhkem hrîkna a tha.",Chhihri chu buhkem atan an hman thin.,,,,,
1 Culture (culture reviewer too),word.darmang,darmang,a type of small traditional gong/cymbal,,,,"Dâr chi khat, man leh mual atan hman hi a ni.",Darmang chu dâr chi hrang hrangte zinga pakhat a ni.,VERIFY culture-sensitive: traditional musical instrument.,,,,
1 Culture (culture reviewer too),word.dawvan,dawvân,a raised wooden platform (synonym of bahzâr),,,,Bahzâr ang bawka lal in emaw zawlbûk emaw kawmchâr lama siam chhuat sang bik hi a ni.,"Dawvân ah an chen a, an thlaruk hlim em em.",VERIFY culture-sensitive: traditional architecture tied to zawlbûk/chief's house.,,,,
1 Culture (culture reviewer too),word.ditip,ditip,a bag or quiver carried for tools/supplies,,,,Ditip hi thil emaw kutdawh emaw put theihna bawm a ni.,Ram a kal hian ditip a zuang a.,"VERIFY: Exact meaning uncertain from context (ditipa theihai); could denote a specific carrying-bag or quiver type — confirm with native speaker. VERIFY culture-sensitive: appears in a khuavang/tree-spirit (Phungpuinu) folktale passage, route to human culture reviewer.",,,,
1 Culture (culture reviewer too),word.doral,dorâl,"battlefield, place of war/conflict",,,,Dorâl hi ral inbuana leh indona hmun a ni.,Hmanlai mi ropuite chu dorâlah an chak thin.,"VERIFY culture-sensitive: occurs in a poem centred on pasaltha/warrior bravery and battle themes, route to human culture reviewer.",,,,
1 Culture (culture reviewer too),word.empai,Êmpâi,a woven bamboo carrying basket,,,,"Thlangpui hmangin siam, thil phurh emaw kâwl nan hman theih ip.",Lam kal chuan êmpâi hmangin thlai a phurh.,"VERIFY culture-sensitive: a traditional bamboo-woven craft item; route to human culture reviewer if needed. VERIFY: also appears in the source as ""pâiêm""; exact traditional form/use not fully confirmed beyond ""a carrying basket"".",,,,
1 Culture (culture reviewer too),word.faikhiat,faikhiat,winnowing tray used to sift rice,,,,"Kho tak tê, hnâng sin ner nawra tah, buhfai suah chhuah nâna hman.",Faikhiat hian buh chi a chhuak hlauh loh nan an hmang thin.,,,,,
1 Culture (culture reviewer too),word.halai,ha lai,an ancient/traditional simple wrap or loincloth-style garment,,,,"Ha lai hi Mizote hmanlai silh dan, puan tlem tak leh awlsam taka bih chi a ni.",Hmanlai Mizote chuan ha lai an silh thin.,"VERIFY: Meaning inferred from image captions (Hnawkhâl ha lai / Siapsuap ha lai); confirm exact sense of 'ha lai' as a term. VERIFY culture-sensitive: describes an ancient/traditional style of dress, route to human culture reviewer.",,,,
1 Culture (culture reviewer too),word.hleitling,hleitling,"loose and baggy, oversized (of clothing)",,,,"Puan lian leh hrawl, ke tak lo hi a ni.",Inbuan turin puan hleitling an ven thin.,VERIFY culture-sensitive: traditional wrestling attire.,,,,
1 Culture (culture reviewer too),word.hmusit,hmusit,"trap, snare (for hunting)",,,,Ram sa man nan siam thil.,Pasaltha chuan sa man nan hmusit an siam ṭhin.,"VERIFY culture-sensitive: relates to traditional pasaltha (warrior/hunter) hunting practice, route to human culture reviewer.",,,,
1 Culture (culture reviewer too),word.hnubih,hnu bih,the traditional style of tucking cloth at the back of the body,,,,Hnu bih hi puan a hnung lamah vet/khim dan a ni.,Thenkhat chuan puan an hnu bih zawk thin.,"VERIFY culture-sensitive: named traditional Mizo dress-wearing technique, route to human culture reviewer.",,,,
1 Culture (culture reviewer too),word.hruikhau-2,hruikhau,cord or rope used to fasten woven items,,,,Hnâng emaw thil emaw herh zawm nana hmang ral.,Hruikhau hi thil herh zawm dan turin an hman thin.,,,,,
1 Culture (culture reviewer too),word.huai,huai,a guardian spirit believed to inhabit a mountain or place,,,,"Ram emaw tlang emaw chunga awm ngaiha thlarau, mite ring hi a ni.",Reiêk tlang huai an ti thin.,"VERIFY culture-sensitive: khuavang/spirit-folklore belief, route to human culture reviewer.",,,,
1 Culture (culture reviewer too),word.inbuan,inbuan,Mizo traditional wrestling,,,,"Mizote hmanlai infiam chi, ban leh puan hmanga inzawh.",Kutpui khawvel puiah inbuan an infiam ṭhin.,"VERIFY: culture-sensitive, route to human culture reviewer.",,,,
1 Culture (culture reviewer too),word.inchhawn,inchhawn,to challenge one another to a match,,,,Mi pahnih inbuan tumin inko/insawi hi a ni.,Tlangval pahnih chu an inchhawn a.,VERIFY culture-sensitive: traditional wrestling challenge custom; exact nuance uncertain.,,,,
1 Culture (culture reviewer too),word.indaikhalh,indaikhalh,to sweep or trip an opponent's leg (wrestling technique),,,,"Inbuan laiin doral ke chhep chhawn a, tlu tir hi a ni.",A thiam zawk chuan a daikhalh leh nge nge thin.,VERIFY culture-sensitive: traditional wrestling technique.,,,,
1 Culture (culture reviewer too),word.inphawi,inphawi,to make a formal challenge/pledge for a match,,,,Inbuan tum ni tur ngun taka insawi/inko hi a ni.,Inban phawi tih hi inphawi tihna a ni.,VERIFY culture-sensitive: traditional wrestling challenge custom.,,,,
1 Culture (culture reviewer too),word.insuknawr,insuknawr,to warm up/loosen up the body before a match,,,,"Taksa in nawr a, tumte hmasa ah insik siam hi a ni.",Inbuan hmasak an insuknawr ṭhin.,VERIFY culture-sensitive: traditional wrestling custom; exact nuance inferred from context.,,,,
1 Culture (culture reviewer too),word.iptechei,iptechei,a traditional Mizo cloth/wrap (specific type),,,,"Iptechei hi puan chi pakhat, hmeichhiaten an bih thin a ni.",Iptechei hi Mizo puan hlui chi pakhat a ni.,"VERIFY: Exact identification of this traditional garment type not independently confirmed — verify with a native speaker/textile expert. VERIFY culture-sensitive: named traditional Mizo garment, route to human culture reviewer.",,,,
1 Culture (culture reviewer too),word.kangvar,kângvâr,a traditional pine-wood torch used for light,,,,"Thing kâng hmangin siam, zan lama eng atana hman thil hi a ni.",Hmanlai mite chuan kângvâr in in hnuaiah an eng ṭha thin.,VERIFY culture-sensitive: traditional craft/lighting practice.,,,,
1 Culture (culture reviewer too),word.kawlkhuang,kâwlkhuang,a type of traditional drum,,,,"Khuang chi khat, chai leh in laka hman hi a ni.",Kâwlkhuang chu khuang chi pakhat a ni.,VERIFY culture-sensitive: traditional musical instrument.,,,,
1 Culture (culture reviewer too),word.kawrtawnghak,kawrtawnghâk,a traditional style of wrapping cloth around the waist worn by men,,,,"Mipa puan silhna dan bik, kawr ang deuha nghawngah bat.",Hmanlai mipate chu kawrtawnghâk an silh ṭhin.,"VERIFY culture-sensitive: describes a traditional Mizo men's clothing/wrapping style from before woven garments were common; a traditional craft/dress practice, route to human culture reviewer.",,,,
1 Culture (culture reviewer too),word.khel,khêl,the manner/style of wrapping traditional cloth around the body,,,,Khêl hi puan invawnna dan emaw zawng a ni.,Mipa khêl leh hmeichhia khêl chu an danglam thin.,"VERIFY: Meaning inferred from context (kan khêl zawnah hian puan inthuah chu kan lip chhuak thin); confirm precise sense. VERIFY culture-sensitive: specific traditional Mizo dress-wearing terminology, route to human culture reviewer.",,,,
1 Culture (culture reviewer too),word.kho,kho,small hand-woven basket,,,,"Khote tak tê, hnâng sin ner nawra tah, a mawi deuh.",Kho hi puan bân nân te pawh an hmang ve.,,,,,
1 Culture (culture reviewer too),word.khuanghlang,khuang hlâng,a ceremonial carrying platform for the khuangchawi lead drummer,,,,Khuang chawi nia chhungkaw nu ber muala an zâwna an sêp kânna hlâng hi a ni.,Khuang hlâng chungah an zâwn a.,"VERIFY culture-sensitive: khuangchawi ceremonial practice, route to human culture reviewer.",,,,
1 Culture (culture reviewer too),word.khuanhmasa,khuan hmasa,the first ceremonial post/bamboo set when building a house,,,,In sa laia hmasa taka phun bâl.,Khuan hmasa phun hi Mizo in siam dan pakhat a ni.,"VERIFY: culture-sensitive, route to human culture reviewer.",,,,
1 Culture (culture reviewer too),word.khuavangrikhamsa,khuavang ri kham sa,an eerie sound in the mountains believed to be a spirit's voice,,,,Tlang dung emaw kawr emaw inrina tur remchang awm sa hi a ni.,Zanah tlang ah khuavang ri kham sa an hria.,"VERIFY culture-sensitive: khuavang/spirit-folklore belief, route to human culture reviewer.",,,,
1 Culture (culture reviewer too),word.khumbeu,khumbeu,traditional woven bamboo hat,,,,"Hnâng lukhum, tunlai pawhin an la khum fo.",Kan kawmthlangpa pawhin khumbeu a khum thin.,,,,,
1 Culture (culture reviewer too),word.kutnivangthla,kûtni vângthla,traditional festival days and calendar,,,,"Kût hun, kût hman ni leh thla sawina hi a ni.",Kûtni vângthla chu Mizote ngaih pawimawh a ni.,VERIFY culture-sensitive: traditional festival calendar/practice.,,,,
1 Culture (culture reviewer too),word.laikingfaneih,laiking fa neih,to have a child out of wedlock,,,,Nupui pasal loh laia fa neih.,Khawtlangin laiking fa neih chu an rin duh lo.,"VERIFY: culture-sensitive, route to human culture reviewer.",,,,
1 Culture (culture reviewer too),word.lal,lal,"chief, king",,,,Lal chu khua emaw ram pakhat rorel tu a ni.,Hmanlai khan Mizo khaw tinah an Lal an nei ṭhin.,"VERIFY culture-sensitive: touches traditional Mizo chieftainship, route to human culture reviewer.",,,,
1 Culture (culture reviewer too),word.lalpa,lalpa,chief; local ruler,,,,Khaw emaw ram emaw lam hruaitu bik.,Lalpa chuan khawtlang tana thil tha a ngaihtuah ṭheuh a ngai.,,,,,
1 Culture (culture reviewer too),word.lamthluk,Lamthlûk,a hanging bamboo rack placed near the fireplace for storage,,,,"Meichhâwl lam chhung dawnah thil dah tur siam, thlangpui hmangin siam.",A thawmhnaw chu lamthlûk chungah a dah zung zung thin.,VERIFY culture-sensitive: a traditional household craft item; route to human culture reviewer if needed.,,,,
1 Culture (culture reviewer too),word.liang,liang,a defensive wooden barricade around a house,,,,In emaw thlâm emaw chunga do tura ban chhak leh ban thlang hmawra thing phuar khamphei hi a ni.,Ramsa laka vênghim atan liang an siam.,VERIFY culture-sensitive: traditional defensive/craft practice.,,,,
1 Culture (culture reviewer too),word.losul,Losûl,a newly cleared field prepared for planting (jhum-farming term),,,,Buh emaw ba emaw phun tur atan sak thar tak lo.,Kan pa chu losûl atangin a lo haw tawh.,VERIFY culture-sensitive: refers to traditional jhum (shifting) cultivation practice; route to human culture reviewer if needed. VERIFY: precise term for this stage of shifting/jhum cultivation inferred from narrative context.,,,,
1 Culture (culture reviewer too),word.lungphun,lungphun,a memorial stone/standing stone erected in honor of someone,,,,Lungphun hi mi hlu emaw thil lo thleng hriat rengna atan din lung a ni.,Lal ropui chanvo hriat rengna atan lungphun an din sak.,"VERIFY culture-sensitive: a memorial/gravestone associated with death-commemoration customs, route to human culture reviewer.",,,,
1 Culture (culture reviewer too),word.lungthu,lungthu,"courage, resolve, wholeheartedness",,,,"Rilru huaisenna, thil tih ngamna leh insiamsakna.",Lungthu nei mi chu a hlau ngai lo.,"VERIFY: meaning uncertain (possibly courage/resolve or spirit/will); VERIFY culture-sensitive: appears in a pasaltha (warrior) narrative, route to human culture reviewer.",,,,
1 Culture (culture reviewer too),word.manlehmual,man leh mual,traditional bride price/dowry payment,,,,"Inneihna man, nula man atana pêk hi a ni.",Man leh mual chu an inhmang tha hle.,"VERIFY culture-sensitive: traditional marriage custom, route to human culture reviewer.",,,,
1 Culture (culture reviewer too),word.mautawtawrawt,mau tawtawrawt,a bamboo wind/percussion instrument,,,,Mau hmangin siam rimawi hmanrua hi a ni.,Mau tawtawrawt chu chai laiin an tum thin.,VERIFY culture-sensitive: traditional musical instrument.,,,,
1 Culture (culture reviewer too),word.mihrang,mi hrâng,"a brave hero, a warrior (pasaltha)",,,,"Mi huaisen, pasaltha chi hi a ni.",Mi hrâng te chungchang thawnthu kan chhiar thin.,VERIFY culture-sensitive: pasaltha/warrior-culture reference.,,,,
1 Culture (culture reviewer too),word.nghalchang,nghalchang,a spring-loaded animal trap,,,,"Ram sa man nan siam, a khawih chuan a phîng ṭhin thil.",Nghalchang chu ram sa mannaah an hmang ṭhin.,"VERIFY culture-sensitive: a traditional Mizo hunting-trap mechanism, route to human culture reviewer.",,,,
1 Culture (culture reviewer too),word.paikawng,paikâwng,bamboo winnowing basket,,,,"Hmeichhiain thil phurh nana an hman ber, tui chawi te, thing phurh te an hmang.",Ka nu pawhin a phurh thin paikâwng chu a chak em em.,,,,,
1 Culture (culture reviewer too),word.paiper,Paipêr,a large woven basket used to store seed rice,,,,"Buh chi tuh atan dah, thlangpui hmangin siam ip lian.",Buh chi chu paipêr chhungah an dah khum.,VERIFY culture-sensitive: a traditional bamboo-craft storage item; route to human culture reviewer if needed.,,,,
1 Culture (culture reviewer too),word.phaipheng,phaipheng,a stone monument/memorial slab set up in honor of the dead,,,,"Mitthi chhun turin lung phur luang tea siam, hming chhuahna atan.",Hmanlai Mizote chuan mi ropui thi hnuah phaipheng an din thin.,,,,,
1 Culture (culture reviewer too),word.pialleikara,piallei kara,"beneath the earth, in the grave",,,,"Lei hnuaia, thlan chhunga awm hi a ni.",Piallei kara chu mitthi te thlan hmun a ni.,VERIFY culture-sensitive: reference to burial/the grave.,,,,
1 Culture (culture reviewer too),word.pitar,pitar,a small creature associated with khuavang folklore,,,,"Rannung tê deuh, khuavang thawnthu ah sawi thin hi a ni.",Khuavang pitar tê an tih chu an hria.,"VERIFY culture-sensitive: khuavang/spirit-folklore creature; exact identity (insect vs. small animal) uncertain, route to human culture reviewer.",,,,
1 Culture (culture reviewer too),word.puichhuah,puichhuah,ritual release of an animal in mourning custom,,,,Mi thih hnua a nu duhsak taka thlawn ran (VERIFY exact ritual meaning).,Puichhuah dan chu khawtlang zawng zawngin an hriat ngai lo.,"VERIFY: culture-sensitive, route to human culture reviewer.",,,,
1 Culture (culture reviewer too),word.ral-2,râl,enemy,,,,"Mi do tak, remruat lo mi.",Kan khua chu râl an lo run duh a.,"VERIFY: meaning inferred from folk-tale context; VERIFY culture-sensitive: appears in a mushroom-transformation folk tale (Zirlai 2), route to human culture reviewer. VERIFY spelling-variant: also found as class1:word.ral='ral'(K1), class3:word.ral2='râl'(K3), class4:word.ral='râl'(K4) — confirm distinct words or same word/typo.",,,,
1 Culture (culture reviewer too),word.ralluaih,ral lu aih,a traditional victory celebration involving an enemy's severed head (historical warfare custom),,,,"Hmanlai chuan râl an thah hian a lu an hawn a, an ai (lawm) thin, chumi sawina hi a ni.",Ral lu aih hi hmanlai khawtlang chanchin ah kan hria.,"VERIFY culture-sensitive: historical headhunting/war-trophy celebration custom, route to human culture reviewer.",,,,
1 Culture (culture reviewer too),word.ramchhuah,ramchhuah,a title earned by a renowned hunter (one who has killed prescribed numbers of wild game),,,,Ramchhuah hi hmanlai Mizo khawtlangin sahmat tam taka mansaktu hmingthang mi pe hming a ni.,A pa chu ramchhuah a nih avangin khua zawng zawngin an hria.,"VERIFY culture-sensitive: refers to the traditional ramchhuah hunting-title/status system, route to human culture reviewer.",,,,
1 Culture (culture reviewer too),word.ramhuai,ramhuai,a forest/wild spirit,,,,Ram emaw thlifim emaw chunga awm ngaiha thlarau hi a ni.,Ramhuai chungchang thawnthu kan hria.,"VERIFY culture-sensitive: khuavang/spirit-folklore belief, route to human culture reviewer.",,,,
1 Culture (culture reviewer too),word.rapchung,rapchung,a deep pit dug for parching/roasting paddy,,,,Buh hâk tumin tapchhak thuka siam kua hi a ni.,Rapchung ah buh an hâk thin.,VERIFY culture-sensitive: traditional agricultural craft practice.,,,,
1 Culture (culture reviewer too),word.riltam-2,rilṭam,"jealousy, envy",,,,Mi dang neih emaw hlawhtling emaw avanga rilru buai.,Rilṭam avangin an unau inhmelhrei ta.,"VERIFY: culture-sensitive, route to human culture reviewer.",,,,
1 Culture (culture reviewer too),word.ruang,ruang,"a corpse, dead body",,,,"Mihring thi tawh, taksa awm chhun hi a ni (chang khat).",Ruang chu an phum a.,VERIFY culture-sensitive: reference to a dead body/death context.,,,,
1 Culture (culture reviewer too),word.sabawp,sa bawp,"animal snare, trap",,,,"Sa man nan siam thil, a khawih chu a man ve ṭhin.",Ramhnuaiah sa bawp an dah.,"VERIFY culture-sensitive: relates to traditional hunting practice, route to human culture reviewer.",,,,
1 Culture (culture reviewer too),word.sahmim,sahmîm,a blanket/quilt made from animal fur,,,,"Ipte chi khat, savun hmanga siam hi a ni.",Zan a fim chuan sahmîm kan inbuk.,VERIFY culture-sensitive: traditional craft item.,,,,
1 Culture (culture reviewer too),word.sahmul,sahmul,animal hair/fur (used as decoration on traditional cloth),,,,"Sahmul hi ram sa mul, puan zeh mawi tuina nan hman thin a ni.",Puan chi thenkhat hnuaiah sahmul an bih thin.,"VERIFY: Meaning inferred from context (sa=animal, mul=hair) in a list of traditional weaving materials; confirm exact usage. VERIFY culture-sensitive: traditional weaving/decoration craft material, route to human culture reviewer.",,,,
1 Culture (culture reviewer too),word.saisir,saisir,"hair (used here as something to climb down by, in a folktale)",,,,Saisir hi mi lu chunga awm sam a ni.,Hmeichhia chuan a saisir a lo sen tak a ni.,"VERIFY: Meaning inferred loosely from folktale context (a saisira lawn); confirm exact sense — may refer to a vine/cord rather than hair. VERIFY culture-sensitive: word appears within a khuavang/tree-spirit (Phungpuinu) folktale passage, route to human culture reviewer.",,,,
1 Culture (culture reviewer too),word.saphai,saphâi,"a spirit-bird, a mythical talking guardian bird",,,,"Sava ang mihmelin lang a, thil hriattir thei thlarau chi hi a ni.",Saphâi chuan an unau chu a hriattir.,"VERIFY culture-sensitive: khuavang/spirit-folklore creature, route to human culture reviewer.",,,,
1 Culture (culture reviewer too),word.sehranlu,Se hrân lu,a mithun skull displayed as part of a memorial or grave-marking custom,,,,"Mitthi chhinchhiahna leh lungphun huna sial lu an târ, chu chu a ni.",Hmanlai khan lal thih hunah se hrân lu an târ thin.,VERIFY culture-sensitive: relates to traditional death/memorial rites involving mithun skulls; route to human culture reviewer.,,,,
1 Culture (culture reviewer too),word.sentezel,sentezêl,a tree whose bark was traditionally used to dye cloth,,,,Sentezêl hi a pil hmanga puan chhum senna nan hman thing chi a ni.,Sentezêl pil chu puan chhum sen nan an hmang bawk thin.,"VERIFY: Traditional-dye tree name; exact botanical identity not independently confirmed — verify with a native speaker. VERIFY culture-sensitive: traditional dye-making/weaving craft material, route to human culture reviewer.",,,,
1 Culture (culture reviewer too),word.sial,sial,mithun (a large domesticated bovine),,,,"Bawng ang deuh, hmun sang taka enkawl, Mizote hnathawh hlutah hman pahnih chi a ni.",Sial hi ram taka enkawl a ngai a ni.,VERIFY culture-sensitive: sial (mithun) is a domesticated bovine central to traditional Mizo feasts of merit and status; route to human culture reviewer.,,,,
1 Culture (culture reviewer too),word.sichangneii,sichangneii,a fairy/spirit maiden of folklore,,,,"Tuikam leh ram ṭha tak lamah awm thin, khuavang ang mihring hmelin lang thin thlarau hi a ni.",Thawnthu ah Sichangneii chanchin kan chhiar thin.,"VERIFY culture-sensitive: khuavang/spirit-folklore figure, route to human culture reviewer.",,,,
1 Culture (culture reviewer too),word.siksil,siksil,carrying loop/strap made of cane or vine,,,,Ruah sur changa hnathawh laia lu atanga hnungzâng khuh vek theih khawpa tah.,Siksil hi hnâng an tah nan zung tum bawk vela hlaiin an tah.,,,,,
1 Culture (culture reviewer too),word.sisep,sisêp,basket used for straining/washing rice,,,,Buh an seng hnua hruih zawla buh zah fai nâna an hman.,Sisêp hmangin buh a fai a han hruih thin.,,,,,
1 Culture (culture reviewer too),word.sulsutu,sûlsutu,"a torch-bearer, one who carries a pine torch",,,,"Sûl (kâng thing) hmangin eng siamtu, hunga zin lamtu hi a ni.",Sûlsutu chu an hnuhnung berah an zui.,VERIFY culture-sensitive: traditional hunting/lighting practice; exact nuance uncertain.,,,,
1 Culture (culture reviewer too),word.sut-2,sût,the ridge support beam in a traditional Mizo house,,,,"In chunga thing tlawn kham ban dotu, in tlûng dotu hi a ni.",In siam khan sût tha takin an siam ngai.,VERIFY culture-sensitive: traditional architecture/craft practice. VERIFY possible duplicate: diacritic-variant of existing word 'sut' already in corpus — confirm same word or distinct before import.,,,,
1 Culture (culture reviewer too),word.tah,tah,to weave (bamboo or cane),,,,"Mau emaw rua emawin thil siam, arbawm emaw bâwm emaw siam nan.",Sir Dika chuan naupangte hnenah hnâng an tah dan a zirtir.,"VERIFY culture-sensitive: refers to traditional bamboo/cane weaving craft, route to human culture reviewer.",,,,
1 Culture (culture reviewer too),word.tapchepsut,tap chep sût,the support posts near a zawlbûk's hearth/fireplace area,,,,Zawlbûk chhuata mei tuahna tap sir tawna sût dingte hi a ni.,Tap chep sût kaihah zawlbûk mite an chen ngun.,VERIFY culture-sensitive: traditional zawlbûk architecture practice.,,,,
1 Culture (culture reviewer too),word.thangchhuahpuan,thangchhuahpuan,a ceremonial cloth associated with the traditional 'thangchhuah' status,,,,Thangchhuahpuan hi thangchhuah changtu mite bih thin puan chi bik a ni.,Thangchhuahpuan chu awmzia nei tak puan a ni.,"VERIFY culture-sensitive: a named ceremonial cloth tied to the traditional thangchhuah (feast/hunting-earned) status system, route to human culture reviewer.",,,,
1 Culture (culture reviewer too),word.thawmmawl,Thawmmâwl,a small pouch tied at the waist to carry small items,,,,In hnuaia kaldung te leh thil tê tê chelh nan kawrah bân thin ip tê.,"Hmanlai mipain thawmmâwl an bân thin a, chutah chelhte an dah thin.",VERIFY culture-sensitive: a traditional waist-pouch that was part of everyday men's dress; route to human culture reviewer if needed.,,,,
1 Culture (culture reviewer too),word.thianchhanthihngam,thian chhan thih ngam,one brave enough to die for a friend,,,,Thian chhan thih ngam tih hi a thian chanvo atana a nunna pe rêng rêng huaisen mi sawi na a ni.,Pasaltha ropui chu thian chhan thih ngam an ni thin.,"VERIFY culture-sensitive: an idiom explicitly explained in the textbook in connection with pasaltha/warrior loyalty and bravery, route to human culture reviewer.",,,,
1 Culture (culture reviewer too),word.thinbih,thin bih,the traditional style of tucking cloth at the front of the body,,,,Thin bih hi puan a hmasang lamah vet/khim dan a ni.,Chang chuan puan an thin bih thin.,"VERIFY culture-sensitive: named traditional Mizo dress-wearing technique, route to human culture reviewer.",,,,
1 Culture (culture reviewer too),word.thingsaphu,thingsaphu,a tree whose bark was traditionally used to dye cloth,,,,Thingsaphu hi a pil hmanga puan chhum senna nan hman thing chi a ni.,Thingsaphu pil chu puan chhum sen nan an hmang thin.,"VERIFY: Traditional-dye tree name; exact botanical identity not independently confirmed — verify with a native speaker. VERIFY culture-sensitive: traditional dye-making/weaving craft material, route to human culture reviewer.",,,,
1 Culture (culture reviewer too),word.thingtuluang,thingtuluang,a magical rooster in Mizo folktale,,,,"Thawnthu zinga arpa mit thei nei, thu sawi thei ngaihna.",Thawnthu chuan thingtuluang hi mit nei arpa ang deuhin a sawi.,"VERIFY: culture-sensitive, route to human culture reviewer.",,,,
1 Culture (culture reviewer too),word.thlaichhiah,thlaichhiah,a Mim Kut ritual of offering food at the graves of the dead,,,,"Chhungte thi tawh te tan ei tur an dah khawmna, thi zinga awm ngaihsan dan.",Mim Kut hunah chuan an chhungte thlaichhiah nan an thlan-ah ei an dah ṭhin.,VERIFY culture-sensitive: a Mim Kut ancestor-remembrance/death custom where food is offered at graves of deceased family members; route to human culture reviewer.,,,,
1 Culture (culture reviewer too),word.thlaichhiahna,Thlaichhiahna,a memorial marking or grave-related practice for the deceased,,,,Mitthi chhinchhiahna nana thil siam emaw hman dan.,"Hmanlai Mizoten mitthi an chhinchhiah nan lung an phun thin, chu chu thlaichhiahna a ni.",VERIFY culture-sensitive: relates to death/mourning customs (grave-marking); route to human culture reviewer.,,,,
1 Culture (culture reviewer too),word.thlangra,Thlangrâ,a flat woven bamboo winnowing tray,,,,"Buh thlak nan hman, thlangpui hmangin siam ip bial.",Thlangrâ hmangin buh a chi leh a hnah a then thin.,VERIFY culture-sensitive: a traditional bamboo-weaving craft item; route to human culture reviewer if needed.,,,,
1 Culture (culture reviewer too),word.thufing,Thufing,,,,,,,Source and definition review mandatory,,,,
1 Culture (culture reviewer too),word.thul,thûl,large wicker rain-hat,,,,Hmanlai chuan thawmhnaw dahna nan an hman ber.,Ruah lai chuan thûl khum chuan a him zawk.,,,,,
1 Culture (culture reviewer too),word.tlangau,tlangau,"a village crier, a traditional town announcer",,,,"Khaw thu hriattir tumin au a, chhuak sung sung hi a ni.",Tlangau chuan khaw mite hnenah thu a puang.,VERIFY culture-sensitive: traditional community announcement practice.,,,,
1 Culture (culture reviewer too),word.tlangban,Tlangbân,a cord or strap for slinging a bundle over the shoulder,,,,Puan emaw thil pawh chu phak lama zâr theih nana hrui thlun.,A puanpuih chu tlangbân hmangin a phak.,VERIFY culture-sensitive: a traditional carrying-strap item; route to human culture reviewer if needed.,,,,
1 Culture (culture reviewer too),word.tlawm-2,tlâwm,"weak, easily overpowered (in a fight)",,,,"Tlâwm tih hi indona emaw invonna emawah chak lo va, hneh a awm zawk dan a ni.",Ral do tur chuan tlâwm loh a ngai.,"VERIFY: This sense (weak/easily defeated) is glossed explicitly in the textbook and is distinct from the adjective 'tlawm' (small/little) already catalogued; confirm they are treated as separate headwords. VERIFY culture-sensitive: occurs in a poem centred on pasaltha/warrior bravery and battle themes, route to human culture reviewer. VERIFY possible duplicate: diacritic-variant of existing word 'tlawm' already in corpus — confirm same word or distinct before import.",,,,
1 Culture (culture reviewer too),word.tlawmngaihna,Tlawmngaihna,,,,,,,Cultural review mandatory,,,,
1 Culture (culture reviewer too),word.tuiumdar,tuiumdâr,a traditional single-string musical instrument,,,,"Hrui nei chi rimawi hmanrua, indopui bakah an ngainâ hi a ni.",Tuiumdâr tumin an hla an sa thin.,VERIFY culture-sensitive: traditional musical instrument.,,,,
1 Culture (culture reviewer too),word.tungchaw,Tungchaw,a decorative pin or peg on a traditional headdress,,,,"Khumpui lu lamah dah, thil dah theih tur ang maiin siam ban.",A khumpui chungah tungchaw ṭha tak a dah.,VERIFY culture-sensitive: a traditional attire/craft ornament; route to human culture reviewer if needed.,,,,
1 Culture (culture reviewer too),word.vaihrik,Vaihrik,a bamboo sifting tool (alternate name for chhihri),,,,Chhihri tih ang bawkin buhkem thenna atan hman ip.,Buh a kem chuan vaihrik hmangin a thenpui thin.,"VERIFY culture-sensitive: a traditional bamboo-craft tool; route to human culture reviewer if needed. VERIFY: given in the book as an alternate/regional name for the sifting tool ""chhihri""; usage confirmed only from that one gloss.",,,,
1 Culture (culture reviewer too),word.vakul,vakul,hornbill,,,,"Vakul hi sava lian tak, a mul hmangin lu chunga fah mawiin an hmang thin.",Vakul mul chu hmanlai lalten an in mawi tir nan an hman thin.,"VERIFY culture-sensitive: hornbill feathers are traditionally worn as a ceremonial headdress element tied to status/chieftainship, route to human culture reviewer.",,,,
1 Culture (culture reviewer too),word.vanduaithlak,vanduaithlâk,"unfortunate, disadvantaged",,,,Harsatna emaw natna emaw avanga thil that tak awm lo.,Vanduaithlâk mite tanpuina kan tum tlat a ngai.,"VERIFY: culture-sensitive, route to human culture reviewer.",,,,
1 Culture (culture reviewer too),word.vet,vêt,to tuck up (clothing),,,,Vêt tih hi puan emaw silfen emaw a rei lam tuck zawh dan a ni.,Kawng a kal hian a puan a vêt phei a.,"VERIFY: Traditional dress technical term; confirm exact meaning/nuance with a native speaker. VERIFY culture-sensitive: describes a traditional Mizo way of wearing cloth, route to human culture reviewer.",,,,
1 Culture (culture reviewer too),word.zam,zâm,"to flee, run away (in fear, especially from battle)",,,,Zâm tih hi hlauhna emaw hlauhawmna emaw avanga tlan bo dan a ni.,Huaisen tak chu ral hmaah an zâm ngai lo.,"VERIFY culture-sensitive: occurs in a poem about pasaltha/warrior honor and not fleeing battle, route to human culture reviewer.",,,,
1 Culture (culture reviewer too),word.zangkhua,zângkhua,the Great Bear constellation,,,,"Arsi chi khat, van chunga hmuh theih.",Zan lian khan zângkhua kan en ve ṭhin.,"VERIFY: culture-sensitive, route to human culture reviewer.",,,,
1 Culture (culture reviewer too),word.zawlbuk,Zawlbûk,,,,,,,Cultural/source review mandatory,,,,
1 Culture (culture reviewer too),word.zawlpuan,Zawlpuan,a traditional handwoven Mizo shawl/textile,,,,"Mizo puan chi pakhat, hnathiam takin siam a, hun pawimawh atan hman thin.",Kohhran inkhawmpuiah zawlpuan pun mite ka hmu.,"VERIFY culture-sensitive: traditional woven textile; the lesson glosses it in a funerary-use context, so route to human culture reviewer. VERIFY: in this lesson's glossary it is specifically described in a funeral/mourning context, though it is broadly known as a ceremonial textile.",,,,
1 Culture (culture reviewer too),word.zodipuan,zodipuan,a traditional Mizo ceremonial cloth (specific named type),,,,"Zodipuan hi Mizo puan hlui chi pakhat, ven chi leh sin chi a ni.",Zodipuan hi kut laiin an bih thin.,"VERIFY: Exact identification of this cloth type not independently confirmed — verify with a native speaker/textile expert. VERIFY culture-sensitive: named traditional Mizo ceremonial cloth, route to human culture reviewer.",,,,
1 Culture (culture reviewer too),word.zualko,zualko,a customary practice/announcement associated with death,,,,Mitthi thu hriattirna atana khawtlang zinga siam dan hi a ni.,Zualko thu an hriatin mitthi chhungte an lainat pui.,"VERIFY culture-sensitive: death/mourning-related community custom; exact nuance uncertain, route to human culture reviewer.",,,,
1 Culture (culture reviewer too),word.zufang,Zufâng,a container used for serving or storing zu (traditional rice beer),,,,Zu (buh atanga siam dawtharh) dahna leh chawihna hmang bêl emaw thawmhnaw.,Hmanlai khan zufâng chu zu chelhna atan an hmang thin.,"VERIFY culture-sensitive: relates to zu (traditional rice beer), a customary drink in older Mizo life; route to human culture reviewer. VERIFY: the glossary's wording for this item was hard to parse precisely; general meaning kept broad.",,,,
2 Possible duplicate,word.bal-2,bâl,"a stain, blemish",,,,Thil chunga awm chhe leh felfai lo tihna hi a ni.,Puan chunga bâl a lo awm.,VERIFY: context-specific meaning (blemish/stain); word can also mean numbness elsewhere. VERIFY possible duplicate: diacritic-variant of existing word 'Bal' already in corpus — confirm same word or distinct before import.,,,,
2 Possible duplicate,word.chawm-2,châwm,to nurture / care for / feed,,,,"Duh taka enkawl a, chaw pe fo mek a ni.",Sava note kha ka châwm ang.,VERIFY possible duplicate: diacritic-variant of existing word 'chawm' already in corpus — confirm same word or distinct before import.,,,,
2 Possible duplicate,word.chhem-2,chhêm,to set fire to / burn (deliberately),,,,Ram emaw thing hnah emaw chu mei hmangin hal a ni.,Loah chuan thing hnah an chhêm thin.,"VERIFY: distinguish from ""chhem"" already catalogued (different diacritic/word); gloss (to set fire to, burn deliberately) confirmed from jhum-fire context. VERIFY possible duplicate: diacritic-variant of existing word 'chhem' already in corpus — confirm same word or distinct before import.",,,,
2 Possible duplicate,word.dawr-2,Dawr,shop/store,,,,Dawr chu thil zawrh leh lei nan mi an kal theihna hmun a ni.,"Kan khua-ah dawr pakhat a awm a, chumi ah chuan buhfai te an zawrh.",VERIFY possible duplicate: diacritic-variant of existing word 'dâwr' already in corpus — confirm same word or distinct before import.,,,,
2 Possible duplicate,word.dial,dial,"joyful, cheerful",,,,Dial tih chu hlim taka in ngah dawn tihna a ni.,Naupangte chu dial dialin an in ṭhin.,"VERIFY: normally appears reduplicated as ""dial dial""; standalone adjective sense is inferred.",,,,
2 Possible duplicate,word.eng-3,êng,light (in weight),,,,"A rit lo va, phurh awlsam dan.",He bawm hi a êng hle.,VERIFY possible duplicate: diacritic-variant of existing word 'Eng' already in corpus — confirm same word or distinct before import.,,,,
2 Possible duplicate,word.fu-2,Fu,flour,,,,"Fu chu buhfai vuah chhehin siam, chaw siamna a hman thil a ni.",Nu chuan fu hmangin bahkhawr a siam.,"VERIFY: may overlap with the separately-known word 'fû' (chaff/husk); this book's diacritic is unclear, please confirm exact meaning. VERIFY possible duplicate: diacritic-variant of existing word 'fû' already in corpus — confirm same word or distinct before import.",,,,
2 Possible duplicate,word.hahchawl-2,hahchâwl,to rest / take a break,,,,Hna thawk hnua khawlin dam vaknaa hunbi hman a ni.,Hna thawk hnu chuan kan hahchâwl a.,VERIFY possible duplicate: diacritic-variant of existing word 'hahchawl' already in corpus — confirm same word or distinct before import.,,,,
2 Possible duplicate,word.harhvang-2,harhvâng,"mischievous, restless (of a child)",,,,Naupang thawh that leh muang lo taka awm dan.,Zova chu naupang harhvâng tak a ni.,VERIFY possible duplicate: diacritic-variant of existing word 'harhvang' already in corpus — confirm same word or distinct before import.,,,,
2 Possible duplicate,word.hawihhawm-2,hawihhâwm,"polite, courteous",,,,Hawihhâwm tih chu mi zahna leh nunhmang ṭha a ni.,Naupang chu zirtirtute hnenah hawihhâwm takin a awm ṭhin.,VERIFY possible duplicate: diacritic-variant of existing word 'hawihhawm' already in corpus — confirm same word or distinct before import.,,,,
2 Possible duplicate,word.hawng-2,hawng,to open,,,,Khar tawh emaw dinh tawh emaw thil chu fel takin siam let a ni.,Thlifim chu ngun takin hawng rawh.,"VERIFY: gloss (to open) inferred from an antonym-matching exercise, confirm the paired antonym before use. VERIFY possible duplicate: diacritic-variant of existing word 'hâwng' already in corpus — confirm same word or distinct before import.",,,,
2 Possible duplicate,word.hlauthawng-2,hlauthâwng,"dreadful, terrified",,,,Hlau lutuk avanga thinlung a lo tikhawih dan.,Rûl a hmuh chuan a hlauthâwng hle.,VERIFY possible duplicate: diacritic-variant of existing word 'hlauthawng' already in corpus — confirm same word or distinct before import.,,,,
2 Possible duplicate,word.hnar-2,hnâr,"to protect, to secure (against loss)",,,,Thil neih chu bo lo tur leh chhiat lo tur atan vênghim hi a ni.,I sum chu hnâr ngheta siam ang che.,VERIFY possible duplicate: diacritic-variant of existing word 'Hnar' already in corpus — confirm same word or distinct before import.,,,,
2 Possible duplicate,word.hnuk-2,hnûk,to trick / deceive,,,,Thurel dik lo hmangin mi dang lak bo a ni.,"Mi hnûk hi a tha lo, dik takin kan awm tur a ni.",VERIFY possible duplicate: diacritic-variant of existing word 'hnuk' already in corpus — confirm same word or distinct before import.,,,,
2 Possible duplicate,word.hram-3,hrâm,to bark (of a dog),,,,Hrâm tih chu ui au ri lantirna a ni.,Mikhual a lo kal chuan ka ui a hrâm ṭhin.,VERIFY: possible diacritic variant of an already-excluded form spelled without the circumflex. VERIFY possible duplicate: diacritic-variant of existing word 'hram' already in corpus — confirm same word or distinct before import.,,,,
2 Possible duplicate,word.khau-2,khâu,caterpillar,,,,"Rüng chi khat, thlai hnah ei chi hi a ni.",Khâu hian phaia hnah tam tak a ei.,VERIFY: exact species/local usage uncertain. VERIFY possible duplicate: diacritic-variant of existing word 'khau' already in corpus — confirm same word or distinct before import.,,,,
2 Possible duplicate,word.lam-3,lam,"direction, side",,,,Lam chu kawng emaw hmun pakhat ka pan zawh a ni.,Tlang lam ah chuan thing tam tak a awm.,VERIFY possible duplicate: diacritic-variant of existing word 'lâm' already in corpus — confirm same word or distinct before import.,,,,
2 Possible duplicate,word.mai-2,Mai,pumpkin,,,,"Mai chu bul long, rah lian tak nei thlai a ni.","Nu chuan mai a at a, a chhum.",VERIFY possible duplicate: diacritic-variant of existing word 'mâi' already in corpus — confirm same word or distinct before import.,,,,
2 Possible duplicate,word.nawt-2,nâwt,to brush (e.g. teeth),,,,Nâwt tih chu hâ emaw thil pakhat fai taka silfai nan hnawtna a ni.,Zingkar leh zanah ka hâ ka nâwt ṭhin.,VERIFY: possible diacritic variant of an already-excluded form spelled without the circumflex. VERIFY possible duplicate: diacritic-variant of existing word 'nawt' already in corpus — confirm same word or distinct before import.,,,,
2 Possible duplicate,word.ngun-2,ngun,diligent / earnest,,,,"Duhawm taka, hna a thawk theuh a ni.",Zirlai bu ngun takin chhiar rawh.,VERIFY possible duplicate: diacritic-variant of existing word 'ngûn' already in corpus — confirm same word or distinct before import.,,,,
2 Possible duplicate,word.pawl-4,pâwl,purple (colour),,,,"Sen leh ting tangkawpa dawn, pangpar chi thenkhat rawng a ni.",Pangpar pâwl rawng chu tunah ka hmu ta a.,"Note: distinct from ""pawl"" (group/class) already catalogued; here pâwl names a colour in the rainbow-colours lesson. VERIFY possible duplicate: diacritic-variant of existing word 'pawl' already in corpus — confirm same word or distinct before import.",,,,
2 Possible duplicate,word.phengphehlep-2,Phengphehlep,a kitchen/food item (exact identification unverified),,,,Phengphehlep chu chaw dahna atan hman thil chi pakhat a ni.,"A hming ka hre chiang famkim lo, mahse chaw dahna a hman ṭhin tih ka hria.",VERIFY strongly: appears in a kitchen-items word list (p.46); exact identification not confirmed. VERIFY possible duplicate: diacritic-variant of existing word 'phêngphehlep' already in corpus — confirm same word or distinct before import.,,,,
2 Possible duplicate,word.sa-2,sâ,"fat, grease",,,,Sa emaw taksa emawa awm thau chi.,He sa hi a sâ tak a ni.,VERIFY: confirm precise gloss; possible near-duplicate of 'thau'. VERIFY possible duplicate: diacritic-variant of existing word 'Sa' already in corpus — confirm same word or distinct before import.,,,,
2 Possible duplicate,word.sirva-2,sîrva,a small bird species,,,,"Sava chi tê deuh, ram leh khua vela awm thin hi a ni.",Zing tinah sîrva chu kan in hnuaiah a lo hla thin.,VERIFY: exact bird species uncertain; glossed generically as a small bird. VERIFY possible duplicate: diacritic-variant of existing word 'sirva' already in corpus — confirm same word or distinct before import.,,,,
2 Possible duplicate,word.taihmakna-2,taihmâkna,"diligence, perseverance, hard work",,,,"Hlauhawm lovin, taima leh chak takin thawk zel hi a ni.",Taihmâkna avangin hlawhtlinna a chang.,VERIFY possible duplicate: diacritic-variant of existing word 'taihmakna' already in corpus — confirm same word or distinct before import.,,,,
2 Possible duplicate,word.thelh-2,ṭhelh,to spread rapidly (fire/news),,,,"Hmun khatah alh a, hmun tam takah zawnah a puan a ni.",Mei chu thli avangin a ṭhelh chak hle a.,VERIFY possible duplicate: diacritic-variant of existing word 'thelh' already in corpus — confirm same word or distinct before import.,,,,
2 Possible duplicate,word.thenawm-2,Ṭhenawm,neighbour,,,,Ṭhenawm chu kan in bul velah awm mi kan tih a ni.,Kan ṭhenawm te chu mi ṭha tak an ni.,Book captions this as plural 'Ṭhenawmte'; singular root form 'Ṭhenawm' used here as the canonical vocabulary entry. VERIFY possible duplicate: diacritic-variant of existing word 'thenawm' already in corpus — confirm same word or distinct before import.,,,,
2 Possible duplicate,word.thui-2,ṭhui,"string, thread, lace",,,,Thil khai emaw pheh emaw nan hman thui te.,Ka khawpui ṭhui chu a phêk ta.,VERIFY: spelling uncertain (may be a variant of the excluded word 'thui'); confirm exact meaning (thread/lace vs a distinct term). VERIFY possible duplicate: diacritic-variant of existing word 'thui' already in corpus — confirm same word or distinct before import.,,,,
2 Possible duplicate,word.tlai-2,tlai,late,,,,"Hun ngaihtuah lo va, hnuhnung berah thleng dan.",Sikul kal ni chuan i tlai lo ang che.,VERIFY possible duplicate: diacritic-variant of existing word 'Tlâi' already in corpus — confirm same word or distinct before import.,,,,
2 Possible duplicate,word.tuihnai-2,tuihnâi,"to crave intensely, eat ravenously",,,,"Ei duh nasa tak, chak taka duh dan.",Ui chuan sa a tuihnâi ṭhin.,VERIFY: inferred from a rat's ravenous eating in a fable's word-box; precise shade of meaning not glossed in the text. VERIFY possible duplicate: diacritic-variant of existing word 'tuihnai' already in corpus — confirm same word or distinct before import.,,,,
2 Possible duplicate,word.var-2,vâr,to dawn / become bright,,,,Zan atangin khua a lo eng ve zel a ni.,Khaw a lo vâr tawh avangin naupangte chu an tho ta a.,VERIFY possible duplicate: diacritic-variant of existing word 'Var' already in corpus — confirm same word or distinct before import.,,,,
2 Possible duplicate,word.zar-2,zâr,to swarm out / spread out densely,,,,Mi emaw rannung te chu hmun khatah tam takin lo puan chhuak a ni.,Khuaiho chu an vutah lo zâr chhuak a.,"VERIFY: exact nuance (swarm out / spread densely) inferred from ant-swarm context, confirm before use. VERIFY possible duplicate: diacritic-variant of existing word 'zar' already in corpus — confirm same word or distinct before import.",,,,
2 Possible duplicate,word.zawhte-2,zawhtê,"a small creature (named for its call, exact identity uncertain)",,,,"Ran te emaw sava te, a ri hriat theih chi.",Zawhtê ri chu zanah kan hriat ṭhin.,VERIFY: exact animal identity not confirmed; named in an exercise about animal calls/sounds. VERIFY possible duplicate: diacritic-variant of existing word 'Zawhte' already in corpus — confirm same word or distinct before import.,,,,
2 Possible duplicate,word.zawngte-2,Zâwngte,monkey,,,,"Zâwngte chu thingah reng reng awm, kut leh ke hmanga pem chi sahuan a ni.",Zâwngte chu thing atanga thing lamah an pem.,VERIFY: distinguish from the verb 'zawng' (to search); confirm this is the standard noun for monkey. VERIFY possible duplicate: diacritic-variant of existing word 'zawngte' already in corpus — confirm same word or distinct before import.,,,,
3 Plant/animal identity uncertain,word.aieng,aieng,a plant/fruit traditionally used to treat blurred vision and cataracts,,,,Aieng hi mit natna leh mit liam tihdam nana hman ram hmul damdawi chi pakhat a ni.,Mit a liam avangin aieng an hman thin.,VERIFY: Traditional-medicine plant name; exact botanical identity not independently confirmed — verify with a native speaker/ethnobotanist.,,,,
3 Plant/animal identity uncertain,word.anhling,Anhling,a small purple fruit growing in clusters (mangosteen-type),,,,"A rah sên dum a, ṭhah pahnihin an chuang thin rah chi.","Anhling nal hi a rah dum vek a, a tui hle.",VERIFY: uncertain exact species; identified only from the lesson's illustrated description of a clustered purple fruit.,,,,
3 Plant/animal identity uncertain,word.antam,anṭam,caterpillar,,,,"Phêngphehlep a la ni hma, hnah ei tur rah.",Anṭam chuan hnah a ei ṭhin.,"VERIFY: spelling/diacritics uncertain; confirm standard Mizo word for caterpillar. VERIFY spelling-variant: also found as class3:word.antam='anṭam'(K3), class6:word.antam='Antam'(K6), vartian:word.antam='Anṭam'(TQ0) — confirm distinct words or same word/typo.",,,,
3 Plant/animal identity uncertain,word.antam-2,Antam,a leafy green vegetable (mustard-type greens),,,,"A hnah hring rêng ei theih, chilin emaw baiin emaw ei thin thlai.",Antam hi bai leh chil apiangin a tui thin.,"VERIFY: uncertain of the exact species this leafy vegetable refers to. VERIFY spelling-variant: also found as class3:word.antam='anṭam'(K3), class6:word.antam='Antam'(K6), vartian:word.antam='Anṭam'(TQ0) — confirm distinct words or same word/typo.",,,,
3 Plant/animal identity uncertain,word.anthur,Anthûr,a red flowering shrub,,,,"A par a sen êm êm a, kum tinin a par thin par chi.",In hmun ah Anthûr par sen mawi tak a par.,VERIFY: uncertain exact flower species; identified only from the lesson's illustration.,,,,
3 Plant/animal identity uncertain,word.artukkhuan,Artukkhuan,a fragrant flowering plant (species uncertain),,,,"Rim ṭha tak nei par chi pakhat, khawvar chuan a par a inphel thin.","Kan huan ah Artukkhuan par a par a, a rim chu kan hnai vek thin.",VERIFY: exact botanical identity uncertain; identified only from the lesson's illustrated description (pale/pink night-blooming flower).,,,,
3 Plant/animal identity uncertain,word.behlawi,behlawi,a plant whose sap is traditionally used as eye drops,,,,"Behlawi hi mit chhunga thil lut tihchhuah/tidam nana hman ram hmul damdawi a ni, a tui mitah an sawr thin.",Mitah thil a lut chuan behlawi tui an sawr tir thin.,VERIFY: Traditional-medicine plant name; exact botanical identity not independently confirmed — verify with a native speaker/ethnobotanist.,,,,
3 Plant/animal identity uncertain,word.bul,bul,"base, origin, stump",,,,"Bul chu thil emaw thing a hnuaipui, a tanna a ni.",Thingpui bul ah naupangte an ṭawi ṭhin.,VERIFY: standalone sense (base/stump vs origin) is uncertain from limited context.,,,,
3 Plant/animal identity uncertain,word.bulbawk,Bulbawk,radish,,,,"Bulbawk chu bulah pot thlai rah, ei theih a ni.","Nu chuan bulbawk a lo lak a, a at.",VERIFY: exact species/local variety unconfirmed.,,,,
3 Plant/animal identity uncertain,word.bullut,bullut,a species of wild bird,,,,Sava chi hrang hrang zinga mi pakhat.,Bullut chu ramhnuaia an hmuh ṭhin.,VERIFY: species identity uncertain (named in a bird-categorisation exercise).,,,,
3 Plant/animal identity uncertain,word.chaldar,chaldâr,a vital/critical spot on the body,,,,Taksa chunga thlen chhuak tur hmun pawimawh tak hi a ni.,Rawthla chu a chaldârah a lo kap.,"VERIFY: exact anatomical meaning uncertain, inferred from hunting context.",,,,
3 Plant/animal identity uncertain,word.changpat,changpât,a small insect-eating bird,,,,"Sava tê, insect man ei.",Changpât chuan vate an man ṭhin.,VERIFY: species identity uncertain; named in a story about birds catching insects.,,,,
3 Plant/animal identity uncertain,word.chengkawl,chêngkawl,a wild bird (possibly a heron),,,,"Sava chi, tui kama insu ṭhin.",Chêngkawl chuan pitte an manthei ṭhin.,VERIFY: species identity uncertain; named in a story about birds catching insects.,,,,
3 Plant/animal identity uncertain,word.chhawlhring,chhâwlhring,a species of wild bird,,,,Sava chi hrang hrang zinga mi pakhat.,Lui kamah chuan chhâwlhring an hmu.,VERIFY: species identity uncertain (named in a hunting story and a bird-categorisation exercise).,,,,
3 Plant/animal identity uncertain,word.chhuangtuar,chhuangtuar,a species of wild bird,,,,Sava chi hrang hrang zinga mi pakhat.,Chhuangtuar chu ramhnuaia an hmuh ṭhin.,VERIFY: species identity uncertain (named in a bird-categorisation exercise).,,,,
3 Plant/animal identity uncertain,word.chingit,Chingit,a climbing gourd vine (sponge-gourd type),,,,"A hlingah a chhuak thin, ei theih rah nei bâl thlai.","Kan huan bâlah chuan chingit kan phun a, a rah kan ei ve thin.","VERIFY: reasonably confident this is a sponge-gourd/loofah-type vine, but exact species not fully confirmed.",,,,
3 Plant/animal identity uncertain,word.chinrang,chinrâng,a species of wild bird,,,,Sava chi hrang hrang zinga mi pakhat.,Chinrâng chu lui kamah an hmu ṭhin.,VERIFY: species identity uncertain (named in a hunting story and a bird-categorisation exercise).,,,,
3 Plant/animal identity uncertain,word.der,der,flapping/fluttering sound,,,,Der chu ang emaw thil ṭheuh a lâwk chhuah aia awi ri a ni.,"Ar chuan a hnaih a phawk a, der der a ti.","VERIFY: exact standalone meaning uncertain, appears as an onomatopoeic root (""dêr dêr"") in the book's poem describing wing-flapping — include with caution.",,,,
3 Plant/animal identity uncertain,word.derhken,derhken,a garden flower,,,,Huan-ah phun ṭhin pangpar chi pakhat.,Derhken hi kan sikul huanah an tlar.,VERIFY: specific flower species uncertain (likely dahlia-type).,,,,
3 Plant/animal identity uncertain,word.dingdi,dingdi,a garden flower,,,,Huan-ah phun ṭhin pangpar chi pakhat.,Kan huan-ah dingdi an par êm êm.,VERIFY: specific flower species uncertain (likely marigold-type).,,,,
3 Plant/animal identity uncertain,word.fartuah,Farṭuah,a wild pear tree species,,,,"Thing chi khat, thla hrang hrangah par leh rah chhuahtu hi a ni.",Farṭuah par chu a mawi hle.,VERIFY: exact botanical species uncertain.,,,,
3 Plant/animal identity uncertain,word.hlai,hlâi,a tall tree species,,,,"Sikul huanah dah kung, a sang leh a ding thulh thing chi pakhat.",Hlâi thing kha kan sikul kawngah a ding.,"VERIFY: exact species uncertain; possible homonym with the craft-related word 'hlâi' (bamboo strip) seen elsewhere in the book, kept as a separate entry.",,,,
3 Plant/animal identity uncertain,word.hmatiang,hmatiang,in this manner/direction (directional word),,,,"""-tiang"" tawi hmang, kawng emaw dan sawina a ni.","Hmatiang hian kal ang che, chumi hnuah i lo pan thei ang.","VERIFY: directional suffix word, exact nuance uncertain outside grammar context.",,,,
3 Plant/animal identity uncertain,word.hnahsin,hnahsin,an ornamental leaf plant,,,,A hnah rawng eng emaw emawa awm avanga huanah phun thlai.,Hnahsin hi a hnah rawng avangin a mawi hle.,VERIFY: specific plant species uncertain (likely coleus-type ornamental).,,,,
3 Plant/animal identity uncertain,word.kawltheizik,kawlthei zik,a plant traditionally used as a cough remedy,,,,Kawlthei zik hi kal (cough) tihdam nana hman ram hmul damdawi a ni.,Kal a chak mi chuan kawlthei zik an ei tir thin.,VERIFY: Traditional-medicine plant name; exact botanical identity not independently confirmed — verify with a native speaker/ethnobotanist.,,,,
3 Plant/animal identity uncertain,word.kawt,kawt,"fence, hedge",,,,In emaw huan emaw kul kim vela dah bang.,Kan huan kawt kovah pangpar an tlar.,VERIFY: exact meaning (fence vs garden border) uncertain from context.,,,,
3 Plant/animal identity uncertain,word.khiang,khiang,a kind of bamboo/cane tree,,,,"Thing chi khat, a kung a rem a, tam takin hman theih a ni.",Khiang kung hi kan in bulah a awm a.,"VERIFY: gloss (a kind of bamboo/cane tree, from the lesson's own definition ""thing chi khat"") is broad; confirm the exact species before use.",,,,
3 Plant/animal identity uncertain,word.kireuh,kireuh,a species of wild bird,,,,Sava chi hrang hrang zinga mi pakhat.,Kireuh chu huan kamah an hmu.,VERIFY: species identity uncertain (named in a hunting story and a bird-categorisation exercise).,,,,
3 Plant/animal identity uncertain,word.lawi,lâwi,mithun (wild ox-like cattle),,,,Lâwi chu bâwng anga ran lian pakhat a ni.,Lâwi chu ramah kan hmu ṭhin.,VERIFY: Exact species/gloss for 'lâwi' not fully certain from the picture-primer page alone; recommend a fluent-speaker check. Source: Kumtluang Class I (SCERT Mizoram).,,,,
3 Plant/animal identity uncertain,word.lengphar,lengphâr,a species of wild bird (possibly a green pigeon),,,,Sava chi hrang hrang zinga mi pakhat.,Huan kama chuan lengphâr an hmu.,VERIFY: species identity uncertain; named among birds caught in a fishing net in the source story.,,,,
3 Plant/animal identity uncertain,word.mangkhawh,mang khawh,to be capable of dreaming/perceiving deeply,,,,Rilru sunga thil hriat theih dan.,A pa chuan lawmna thu a mang khawh ṭhin.,VERIFY: gloss inferred from limited context; nuance uncertain. Source: Kumtluang Class V (SCERT Mizoram),,,,
3 Plant/animal identity uncertain,word.mualliam,Mual liam,to journey or spread across hills and land (poetic phrase),,,,Tlang leh mual chhung zawng zawng a zâwn/kal dan sawina.,Kan hla thu-ah kan tuikhawhthlak ram chu mual liam tuma an ti thin.,VERIFY: exact idiomatic nuance uncertain; drawn from a single line of poetry without a direct dictionary gloss.,,,,
3 Plant/animal identity uncertain,word.nakalai,nâkalai,around that time / the following day,,,,"Chu hun laia awm, a hnuah nichhun tur hi a ni.",Chutih nâkalai chuan a damlo va.,VERIFY: precise temporal nuance uncertain.,,,,
3 Plant/animal identity uncertain,word.nawi,nawi,"gentle, soft, mild",,,,"Nasa lo va, muang taka awm dan.",A thusawi dan chu a nawi hle.,"VERIFY: exact nuance uncertain; inferred from a poem-vocabulary exercise pairing it with 'nuam' (pleasant) without a plain-language gloss given in the text. VERIFY spelling-variant: also found as class4:word.nawi='nawi'(K4), class5:word.nawi='nâwi'(K5) — confirm distinct words or same word/typo.",,,,
3 Plant/animal identity uncertain,word.nghadawl,nghadawl,a species of wild dove or pigeon,,,,"Vahu chi hrang hrang zinga mi pakhat, ramhnuaia awm ṭhin.",An pafa chuan nghadawl an man.,VERIFY: 'nghadawl' is one of several dove/pigeon species named in a hunting story and a bird-categorisation exercise; exact common English species name not confirmed.,,,,
3 Plant/animal identity uncertain,word.nghahrah,nghahrah,a species of wild dove or pigeon,,,,"Vahu chi hrang hrang zinga mi pakhat, ramhnuaia awm ṭhin.",An pafa chuan nghahrah an man.,VERIFY: 'nghahrah' is one of several dove/pigeon species named in a hunting story and a bird-categorisation exercise; exact common English species name not confirmed.,,,,
3 Plant/animal identity uncertain,word.ngharul,ngharûl,a species of wild dove or pigeon,,,,"Vahu chi hrang hrang zinga mi pakhat, ramhnuaia awm ṭhin.",An pafa chuan ngharûl an man.,VERIFY: 'ngharûl' is one of several dove/pigeon species named in a hunting story and a bird-categorisation exercise; exact common English species name not confirmed.,,,,
3 Plant/animal identity uncertain,word.nghatun,nghatun,a species of wild dove or pigeon,,,,"Vahu chi hrang hrang zinga mi pakhat, ramhnuaia awm ṭhin.",An pafa chuan nghatun an man.,VERIFY: 'nghatun' is one of several dove/pigeon species named in a hunting story and a bird-categorisation exercise; exact common English species name not confirmed.,,,,
3 Plant/animal identity uncertain,word.nghavang,nghavâng,a species of wild dove or pigeon,,,,"Vahu chi hrang hrang zinga mi pakhat, ramhnuaia awm ṭhin.",An pafa chuan nghavâng an man.,VERIFY: 'nghavâng' is one of several dove/pigeon species named in a hunting story and a bird-categorisation exercise; exact common English species name not confirmed.,,,,
3 Plant/animal identity uncertain,word.nghavawk,nghavawk,a species of wild dove or pigeon,,,,"Vahu chi hrang hrang zinga mi pakhat, ramhnuaia awm ṭhin.",An pafa chuan nghavawk an man.,VERIFY: 'nghavawk' is one of several dove/pigeon species named in a hunting story and a bird-categorisation exercise; exact common English species name not confirmed.,,,,
3 Plant/animal identity uncertain,word.phuihnam,phuihnam,a plant traditionally used as a blood tonic,,,,Phuihnam hi thisen sang (blood-boosting) nana hman ram hmul damdawi a ni.,A thisen a nem avangin phuihnam an ei tir thin.,VERIFY: Traditional-medicine plant name; exact botanical identity not independently confirmed — verify with a native speaker/ethnobotanist.,,,,
3 Plant/animal identity uncertain,word.phulraw,phûlraw,a type of gourd used as a container,,,,"Raw chi khat, a châng chu thil dahna atan hman hi a ni.",Phûlraw chu tui dahna atan an hman thin.,VERIFY: exact plant identification uncertain.,,,,
3 Plant/animal identity uncertain,word.pit,pit,a small bird,,,,Sava tê tê.,Pittê chu thing changah an chun.,VERIFY: species identity uncertain (small generic bird named in a story).,,,,
3 Plant/animal identity uncertain,word.sarzuk,sarzuk,a plant traditionally used to stop diarrhea,,,,Sarzuk hi chhul chak lohna atana hman ram hmul damdawi chi pakhat a ni.,Chhul a chak avangin sarzuk an ei tir thin.,VERIFY: Traditional-medicine plant name; exact botanical identity not independently confirmed — verify with a native speaker/ethnobotanist.,,,,
3 Plant/animal identity uncertain,word.sawhthing,sawhthing,a plant traditionally used to deworm livestock,,,,Sawhthing hi rannungte chhung rul (worm) chhuah tirna atana hman ram hmul damdawi a ni.,Sakawr rannung hnawihna atan sawhthing an hman.,VERIFY: Traditional-medicine plant name; exact botanical identity not independently confirmed — verify with a native speaker/ethnobotanist.,,,,
3 Plant/animal identity uncertain,word.sekhupthur,sekhupthur,a plant traditionally used to treat toothache,,,,Sekhupthur hi ha natna tihdam nana hman ram hmul damdawi a ni.,Ha a tih avangin sekhupthur an hman thin.,VERIFY: Traditional-medicine plant name; exact botanical identity not independently confirmed — verify with a native speaker/ethnobotanist.,,,,
3 Plant/animal identity uncertain,word.siahthing,siahthing,a type of large tree,,,,"Thing kung chi khat, ram huamah awm thin hi a ni.",Siahthing hnuaiah kan hmun a nuam.,VERIFY: exact tree species uncertain.,,,,
3 Plant/animal identity uncertain,word.sumbul,sumbul,a plant traditionally used as a cough remedy,,,,Sumbul hi kal (cough) tihdam nana hman ram hmul damdawi a ni.,Kal a chak avangin sumbul damdawi an ei.,VERIFY: Traditional-medicine plant name; exact botanical identity not independently confirmed — verify with a native speaker/ethnobotanist.,,,,
3 Plant/animal identity uncertain,word.sunhlu,Sunhlu,Indian gooseberry (amla),,,,"A rah tê tak a, ei chuan a rêp em avang hnuah a tui, vitamin C hlang tam rah thei.",Sunhlu ei hian ka ha a fut thin.,"VERIFY: reasonably confident this is Indian gooseberry/amla, but exact species not fully confirmed.",,,,
3 Plant/animal identity uncertain,word.tawitaw,tawitaw,a plant traditionally used to numb toothache before extraction,,,,Tawitaw hi ha tihreh hma numna atana hman ram hmul damdawi a ni.,Ha chhoh hma chuan tawitaw an hman thin.,VERIFY: Traditional-medicine plant name; exact botanical identity not independently confirmed — verify with a native speaker/ethnobotanist.,,,,
3 Plant/animal identity uncertain,word.tawllawt,tawllâwt,a species of wild bird,,,,Sava chi hrang hrang zinga mi pakhat.,Tawllâwt chu lui kamah an hmuh ṭhin.,VERIFY: species identity uncertain (named in a bird-categorisation exercise).,,,,
3 Plant/animal identity uncertain,word.tengte,Tengte,elephant-apple (a sour fruit used in cooking),,,,"Tengte chu a hai thlum thlai rah, chaw thlum siamna atan hman ṭhin a ni.","Nu chuan tengte a chhum a, a hai.",VERIFY exact species name.,,,,
3 Plant/animal identity uncertain,word.thangrei,thangrei,a garden plant,,,,Huan-ah phun ṭhin thlai chi pakhat.,Kan sikul kawt kovah thangrei an phun.,VERIFY: specific plant species uncertain.,,,,
3 Plant/animal identity uncertain,word.theiherawt-2,theiherawt,a plant traditionally used for chest pain and blurred vision,,,,Theiherawt hi thin natna leh mit liam tihdam nana hman ram hmul damdawi a ni.,Thin a na avangin theiherawt an ei tir thin.,"VERIFY: Traditional-medicine plant name; exact botanical identity not independently confirmed — verify with a native speaker/ethnobotanist. VERIFY spelling-variant: also found as class4:word.theiherawt='theiherâwt'(K4), class5:word.theiherawt='theiherawt'(K5) — confirm distinct words or same word/typo.",,,,
3 Plant/animal identity uncertain,word.theite,theitê,mandarin orange,,,,"Thei chi pakhat, a vôr a sen a, a tui a lum.",Thlasikah chuan theitê a hmin thin.,VERIFY: the exact fruit species the book means is not fully certain. Source: Kumtluang Class III (SCERT Mizoram).,,,,
3 Plant/animal identity uncertain,word.tlangsam,tlangsam,a plant traditionally used to stop bleeding from wounds,,,,Tlangsam hi pem emaw thi luang chhuah tihreh nana hman ram hmul damdawi a ni.,Pem a thi luang chuan tlangsam an hman thin.,VERIFY: Traditional-medicine plant name; exact botanical identity not independently confirmed — verify with a native speaker/ethnobotanist.,,,,
3 Plant/animal identity uncertain,word.uchang,Uchang,a wild fruit or nut (species unverified),,,,Uchang chu ramah cheng thing rah chi a ni.,Naupang te chuan uchang an va lak ṭhin.,VERIFY: exact species/translation unconfirmed; drawn from an isolated phonics word list without image.,,,,
3 Plant/animal identity uncertain,word.vapual,vapual,a species of dove or pigeon,,,,Vahu chi hrang hrang zinga mi pakhat.,Vapual chu ramhnuaia an hmuh ṭhin.,VERIFY: species identity uncertain (named in a bird-categorisation exercise).,,,,
3 Plant/animal identity uncertain,word.varihaw,varihâw,"a large wild bird, possibly a hornbill",,,,"Sava lian tak, ram thlirah awm ṭhin.",Varihâw hi sava lian tak a ni.,"VERIFY: species identity uncertain; possibly refers to a hornbill, inferred from the 'va-' bird prefix and 'lian' size context.",,,,
3 Plant/animal identity uncertain,word.veilam-2,veilam,the side of / alongside (possibly wrist),,,,A chhehvel emaw a kar lamah emaw a ni.,Lehkhabu chu dawrkang veilamah ka dah a.,"VERIFY: exact meaning uncertain — could mean ""wrist"" or more generally ""the side/alongside""; confirm before use.",,,,
3 Plant/animal identity uncertain,word.zuk,zuk,"continuously, on and on",,,,Zuk tih chu a tawp lo va zui zel tihna a ni.,Naupang chu a zuk ṭap a.,VERIFY: exact nuance of this adverb is uncertain from limited context; gloss is a best estimate.,,,,
4 Spelling / diacritics,word.antam-3,Anṭam,cabbage,,,,"Anṭam chu hnah tampui nei thlai rah, chaw dahna atana hmang tur a ni.","Nu chuan anṭam a lei a, sum-um-ah a thlak.","VERIFY spelling-variant: also found as class3:word.antam='anṭam'(K3), class6:word.antam='Antam'(K6), vartian:word.antam='Anṭam'(TQ0) — confirm distinct words or same word/typo.",,,,
4 Spelling / diacritics,word.chhang,Chhang,a type of grain or crop (exact species unverified),,,,"Chhang chu buh chi pakhat a ni tih ka hria, mahse a chiang famkim lo.",Chhang chu lo-ah kan tuh ṭhin.,"VERIFY strongly: appears beside 'vaimim' (maize) in a spelling drill list; could instead be a different part of speech, not confirmed as this noun sense.",,,,
4 Spelling / diacritics,word.dawhkan,dawhkân,a table,,,,"Chaw emaw thil emaw dah nan hman, ke pali nei siamthil a ni.",Chaw kan ei hmaah dawhkân kan siam a.,"VERIFY spelling-variant: also found as class2:word.dawhkan='dawhkân'(K2), vartian:word.dawhkan='Dawhkan'(TQ0) — confirm distinct words or same word/typo.",,,,
4 Spelling / diacritics,word.dawhkan-2,Dawhkan,table (furniture),,,,"Dawhkan chu ke pali nei, thil dah nan hman kungpui a ni.",Dawhkan chunga chuan lehkhabu a awm.,"VERIFY: meaning inferred from a book riddle ('ke pali ka nei, mahse ka kal thei lo' = 'I have four legs but cannot walk'); not fully confirmed. VERIFY spelling-variant: also found as class2:word.dawhkan='dawhkân'(K2), vartian:word.dawhkan='Dawhkan'(TQ0) — confirm distinct words or same word/typo.",,,,
4 Spelling / diacritics,word.hnamtlawm,hnam tlawm,a minority tribe/small ethnic group,,,,Hnam tlawm tih hi mi tam lo nei hnam sawi na a ni.,Mizoram hian hnam tlawm tam tak an awm bawk.,VERIFY: Compound noun distinct from adjective 'tlawm' (small) already recorded; confirm exact sociolinguistic usage.,,,,
4 Spelling / diacritics,word.inkawm,inkâwm,"to gather, associate together",,,,Inkâwm tih chu mi hotute inhriltiin khawm tihna a ni.,Sikul chhuahni chuan kan thiante nen kan inkâwm ṭhin.,"VERIFY spelling-variant: also found as class1:word.inkawm='inkâwm'(K1), vartian:word.inkawm='Inkawm'(TQ0) — confirm distinct words or same word/typo.",,,,
4 Spelling / diacritics,word.inkawm-2,Inkawm,conversation/chat,,,,Inkawm chu mi pahnih emaw tam zawk in thu insawi chi a ni.,Ṭhenawm te chuan innah an inkawm.,"VERIFY exact part of speech (noun vs. verb usage). VERIFY spelling-variant: also found as class1:word.inkawm='inkâwm'(K1), vartian:word.inkawm='Inkawm'(TQ0) — confirm distinct words or same word/typo.",,,,
4 Spelling / diacritics,word.kawngkhar,kawngkhâr,"gate, doorway",,,,"In lut chhuahna hmun, kawng bâwr.",Kawngkhâr pahin naupangte an lawn lut.,"VERIFY spelling-variant: also found as class4:word.kawngkhar='kawngkhâr'(K4), vartian:word.kawngkhar='Kawngkhar'(TQ0) — confirm distinct words or same word/typo.",,,,
4 Spelling / diacritics,word.kawngkhar-2,Kawngkhar,door/gate,,,,Kawngkhar chu in lam leh kal chhuahna hmun a ni.,Kawngkhar hi i khar tawh loh chuan sakhua a lut ve thei.,"VERIFY spelling-variant: also found as class4:word.kawngkhar='kawngkhâr'(K4), vartian:word.kawngkhar='Kawngkhar'(TQ0) — confirm distinct words or same word/typo.",,,,
4 Spelling / diacritics,word.lieng,Lieng,Blue,,,,Rawng chi khat.,He rawng hi lieng a ni.,VERIFY: confirm exact word/spelling for blue Provisional: not yet grade-verified against Kumtluang curriculum (2026-09-16).,,,,
4 Spelling / diacritics,word.maian,maian,banana plant,,,,"Thlai zâm chi, thlai a rem reng reng",Maian hnuaiah chuan naupangte an ṭawi ṭhin.,VERIFY: confirm 'maian' is the standard modern spelling for the banana plant used in the book's tree-classification exercise. | Source: Kumtluang Class II (SCERT Mizoram),,,,
4 Spelling / diacritics,word.nawi-2,nâwi,"small change, coins",,,,"Nâwi hi pawisa tlêm tê, sumdâwng chi a ni.",Pathennaah chuan nâwi tlêm ka nei.,"VERIFY spelling-variant: also found as class4:word.nawi='nawi'(K4), class5:word.nawi='nâwi'(K5) — confirm distinct words or same word/typo.",,,,
4 Spelling / diacritics,word.nawlhbawk,Nawlhbawk,matchstick,,,,Nawlhbawk chu mei kap nan hman thil a ni.,Nawlhbawk hmangin mei a kap.,VERIFY exact spelling.,,,,
4 Spelling / diacritics,word.peng,pêng,"side, edge",,,,Peng chu thil pakhat kawng emaw a bial lam a ni.,Lawng pêng ah kan lo ṭhu a.,"VERIFY spelling-variant: also found as class1:word.peng='pêng'(K1), class3:word.peng='peng'(K3) — confirm distinct words or same word/typo.",,,,
4 Spelling / diacritics,word.peng-2,peng,"part, section (of the body)",,,,Taksa emaw thil emaw a chen tin.,Taksa peng tinah an hna a inang lo.,"VERIFY spelling-variant: also found as class1:word.peng='pêng'(K1), class3:word.peng='peng'(K3) — confirm distinct words or same word/typo.",,,,
4 Spelling / diacritics,word.ral,ral,"enemy, war",,,,Ral chu mi doral emaw indona a ni.,"Ral an lo awm lo va, muanna kan nei.","VERIFY spelling-variant: also found as class1:word.ral='ral'(K1), class3:word.ral2='râl'(K3), class4:word.ral='râl'(K4) — confirm distinct words or same word/typo.",,,,
4 Spelling / diacritics,word.sairawkherh,sairawkherh,a large traditional cutting knife/dao,,,,Sairawkherh hi thing tan leh ram hnathawh atana hman chem lian a ni.,Ram a kal hian sairawkherh a keng thin.,VERIFY: Exact identification/spelling of this traditional tool name should be confirmed with a native speaker.,,,,
4 Spelling / diacritics,word.sakawr,Sakawr,Horse,,,,"Ramsa lian, mi chhawr tur.",Sakawr chu a tlan chak.,VERIFY: confirm spelling Provisional: not yet grade-verified against Kumtluang curriculum (2026-09-16).,,,,
4 Spelling / diacritics,word.sanghal,sanghal,"a wild game animal (exact identity uncertain, possibly related to 'sanghar')",,,,Ramsa chi pakhat.,Sanghal chu ramah an hmuh ṭhin.,VERIFY: spelling is close to 'sanghar' (porcupine) elsewhere in the same book; may be the same animal or a distinct one—needs language review.,,,,
4 Spelling / diacritics,word.sawmhnih,Sawmhnih,Twenty,,,,Number 20.,,VERIFY: confirm compound form/spelling; NO_EMOJI: no clean single glyph for 20 -- needs custom illustration or compound display Provisional: not yet grade-verified against Kumtluang curriculum (2026-09-16).,,,,
4 Spelling / diacritics,word.sawmkhat,Sawmkhat,Eleven,,,,Number 11.,,VERIFY: confirm compound form/spelling; NO_EMOJI: no clean single glyph for 11 -- needs custom illustration or compound display Provisional: not yet grade-verified against Kumtluang curriculum (2026-09-16).,,,,
4 Spelling / diacritics,word.tap,ṭap,"to cry, weep",,,,Ṭap tih chu mittui chhuahsak taka lungngaihna lantirna a ni.,Naupang tê chu a ṭap a.,"VERIFY spelling-variant: also found as class1:word.tap='ṭap'(K1), class3:word.tap='tap'(K3) — confirm distinct words or same word/typo.",,,,
4 Spelling / diacritics,word.tap-2,tap,to cry,,,,Mittui chhuak takin thinrim lantirna.,Naupang chu a ṭap ta a.,"VERIFY spelling-variant: also found as class1:word.tap='ṭap'(K1), class3:word.tap='tap'(K3) — confirm distinct words or same word/typo.",,,,
4 Spelling / diacritics,word.tel,têl,ball (a round object used in games),,,,"Rilru dinhmuna siam, kick emaw vah emaw theih thil kawlkawr hi a ni.",Têl vahin kan lawm.,"VERIFY spelling-variant: also found as class7:word.tel='têl'(K7), vartian:word.tel='Tel'(TQ0) — confirm distinct words or same word/typo.",,,,
4 Spelling / diacritics,word.tel-2,Tel,cooking oil,,,,Tel chu chaw siamna a hman tui bang thil a ni.,"Bêl-ah tel a buak a, a chhang.","VERIFY spelling-variant: also found as class7:word.tel='têl'(K7), vartian:word.tel='Tel'(TQ0) — confirm distinct words or same word/typo.",,,,
4 Spelling / diacritics,word.thal,ṭhâl,the dry season,,,,"Kum chhunga ruah tlem taka rah lai, khaw ro lai a ni.",Ṭhâl lai chuan lui te an ro thin a.,"Gloss given directly by the lesson's own glossary-style definition (khaw ro lai tak). VERIFY spelling-variant: also found as class2:word.thal='ṭhâl'(K2), class3:word.thal='thal'(K3) — confirm distinct words or same word/typo.",,,,
4 Spelling / diacritics,word.thal-2,thal,"strong, sturdy, resilient",,,,"Chak tak, chher lo taka awm thei.",He hrui hi a thal hle.,"VERIFY: confirm precise gloss from a minimal-pair exercise. VERIFY spelling-variant: also found as class2:word.thal='ṭhâl'(K2), class3:word.thal='thal'(K3) — confirm distinct words or same word/typo.",,,,
4 Spelling / diacritics,word.thangthar,ṭhangthar,"youth, the young generation",,,,"Tlangval leh nula lai mek, mi thar lai.",Kan khua ṭhangtharte chu an fing hle.,"VERIFY spelling-variant: also found as class4:word.thangthar='ṭhangthar'(K4), class7:word.thangthar='thangthar'(K7) — confirm distinct words or same word/typo.",,,,
4 Spelling / diacritics,word.thangthar-2,thangthar,"youth, the young generation",,,,"Naupang leh tlangval hnathar chi, khawtlang atana thar chhuak hi a ni.",Thangthar chuan ram hmasawnna an bei tul.,"VERIFY spelling-variant: also found as class4:word.thangthar='ṭhangthar'(K4), class7:word.thangthar='thangthar'(K7) — confirm distinct words or same word/typo.",,,,
4 Spelling / diacritics,word.theiherawt,theiherâwt,rose apple (a local fruit),,,,"Thei chi, a rah a sen vâr.",Theiherâwt chu kan huanah an ling.,"VERIFY: identified as a local fruit whose fruit turns reddish, matched in a fruit-vocabulary exercise; exact common English name not fully confirmed. VERIFY spelling-variant: also found as class4:word.theiherawt='theiherâwt'(K4), class5:word.theiherawt='theiherawt'(K5) — confirm distinct words or same word/typo.",,,,
4 Spelling / diacritics,word.thinur,Thinur,Angry,,,,Thinrim rilru put dan.,A thinur.,VERIFY: confirm spelling/register Provisional: not yet grade-verified against Kumtluang curriculum (2026-09-16).,,,,
4 Spelling / diacritics,word.thlal,thlal,cold/dry season,,,,"Khaw a dai a, ruah a sûr lova hun",Thlâl hunah chuan thli a fim hle.,VERIFY: spelling of tone marks on 'thlâl' — confirm with a fluent speaker. | Source: Kumtluang Class II (SCERT Mizoram),,,,
4 Spelling / diacritics,word.tin,tin,palm of the hand,,,,Tin chu kut a hnuaipui lam nem tak chu a ni.,Ka tin ah chuan pangpar rah ka pawm a.,"VERIFY spelling-variant: also found as class1:word.tin='tin'(K1), vartian:word.tin='Ṭin'(TQ0) — confirm distinct words or same word/typo.",,,,
4 Spelling / diacritics,word.tin-2,Ṭin,tin/can container,,,,Ṭin chu thil dah nan hman thir emaw bawm a ni.,No ṭin chu dawrah an zawrh.,"VERIFY exact usage (generic can vs. specific milk-tin). VERIFY spelling-variant: also found as class1:word.tin='tin'(K1), vartian:word.tin='Ṭin'(TQ0) — confirm distinct words or same word/typo.",,,,
4 Spelling / diacritics,word.tuium,Tui um,water pot/jar,,,,Tui um chu tui dah nan hman thil a ni.,Tui um chu tuikhurah a khai.,VERIFY compound spelling/usage.,,,,
4 Spelling / diacritics,word.u,U,Older sibling,,,,"Chhungkua member, upa zawk unaupa/unaunu.",Ka u chu a sang.,"VERIFY: single-letter form; confirm searchable/orthography handling; NO_EMOJI: sibling terms need custom illustration, not a generic person glyph; picture_match dropped: a picture cannot visually distinguish a kinship-relation word from a generic person/couple -- keep to spelling/word_search/listen_pick tq_level remapped 2026-09-16: was TQ1 -> TQ2 per Kumtluang curriculum cross-reference.",,,,
4 Spelling / diacritics,word.vengtu,vêngtu,shepherd / guardian,,,,"Rannung emaw mi emaw enkawl a, venhim a ni.",Berâm vêngtu chuan a berâm te ram takin a enkawl thin a.,"VERIFY spelling-variant: also found as class2:word.vengtu='vêngtu'(K2), class7:word.vengtu='vengtu'(K7) — confirm distinct words or same word/typo.",,,,
4 Spelling / diacritics,word.vengtu-2,vengtu,"a guardian, watcher, protector",,,,"Mi emaw hmun emaw enkawl a, vênghim tu hi a ni.",Kan khaw vengtu an awm.,"VERIFY spelling-variant: also found as class2:word.vengtu='vêngtu'(K2), class7:word.vengtu='vengtu'(K7) — confirm distinct words or same word/typo.",,,,
4 Spelling / diacritics,word.vur,Vur,Cloud,,,,Van chunga zar mi.,Vur a lang.,VERIFY: confirm spelling Provisional: not yet grade-verified against Kumtluang curriculum (2026-09-16).,,,,
4 Spelling / diacritics,word.za,Za,Hundred,,,,Number 100.,,VERIFY: confirm standalone usage vs compound Provisional: not yet grade-verified against Kumtluang curriculum (2026-09-16).,,,,
4 Spelling / diacritics,word.zawrhna,Zawrhna,"a selling place (stall/shop, root word)",,,,Zawrhna chu thil zawrh theihna hmun a ni.,Thei zawrhna-ah theihai kan lei.,VERIFY: this is a productive suffix root seen in the compound 'Thei zawrhna' (fruit stall) rather than a standalone labelled word; confirm standalone usage.,,,,
5 Meaning / sense,word.awllen,âwllên,busy farming season,,,,Lo leh huan hna thawh nasa taka tih hun.,Âwllên hunah chuan mi zawng zawng lo an kal ṭhin.,VERIFY: gloss inferred from a Mizo calendar/seasons description.,,,,
5 Meaning / sense,word.bawhtir,bawhtîr,to make (an animal) lie down and rest,,,,"Chawlhna atan chak takin a bo suk a, a lektir a ni.",Rannung chu hlim taka a bawhtîr thin a.,"VERIFY: gloss (to make an animal lie down and rest) inferred from a Psalm-23-style poem context, confirm before use.",,,,
5 Meaning / sense,word.berul,Berul,a gourd used as a water container,,,,"Berul chu berul thlai a kang tirin, tui dah nan hman a ni.",Sialah tui chu berul-ah an dah ṭhin.,VERIFY exact meaning and traditional usage.,,,,
5 Meaning / sense,word.buak,buak,to spill,,,,Tui emaw thil emaw a awm hmun aṭanga chhuak.,Tui chu bâwm chhungin a buak ve.,VERIFY: confirm precise verb sense (to spill vs to scatter).,,,,
5 Meaning / sense,word.chah,chah,"to hurt or injure (someone), often by accident",,,,Chah tih hi mi emaw chunga natna emaw hlauhawmna thlen dan a ni.,Motor tlanna avangin mi chah leh chhiat tam takin an awm thin.,VERIFY: Gloss inferred from context (mi chah nasa thei lutuk); double-check precise shade of meaning vs. related verbs.,,,,
5 Meaning / sense,word.chang,chang,"turn (one's turn, as in a game)",,,,Mi emaw thil emaw thawh tur/tih tur a thleng hun.,Ka chang a thleng chuan ka insûk dawn nia.,VERIFY: confirm precise gloss (turn/sequence vs another sense) from a minimal-pair exercise.,,,,
5 Meaning / sense,word.chawtani,Chawtani,comb,,,,Chawtani chu sam chikna atan hman thil a ni.,Chawtani hmangin a sam a chik.,"VERIFY: meaning inferred from a book riddle ('ha ka nei a, mi ka seh thei lo' = 'I have teeth but cannot bite'); not fully confirmed.",,,,
5 Meaning / sense,word.chherup,chhe rup,"to become degraded, worn/depleted (of the environment)",,,,Nunna nei a duat avanga a chhe tihpat.,Ram ngaw humhalh loh chuan a chhe rup thei.,VERIFY: contextual meaning from Zirlai 8 environmental passage. Source: Kumtluang Class V (SCERT Mizoram),,,,
5 Meaning / sense,word.chuantir,chuantir,to snap or pluck quickly,,,,Rang taka phêk emaw phawt emaw.,Fanghmira chuan a kotute chu a thlaah a chuantir.,VERIFY: gloss inferred from a fable context; confirm precise meaning.,,,,
5 Meaning / sense,word.chuk,chuk,to feel cold,,,,Chuk tih chu khawvel dan avangin taksa rilna hniam tak hriatna a ni.,Zân lakah ka chuk hle.,VERIFY: gloss inferred from limited narrative context.,,,,
5 Meaning / sense,word.dai,dai,lightning,,,,Dai chu ruah lai vâna eng lêk lêk a ni.,Dai a lêk chuan ka ṭih ṭhin.,"VERIFY: Gloss (lightning, as distinct from thunder) inferred from context in a short sky-themed word list; not cross-checked against a dictionary. Source: Kumtluang Class I (SCERT Mizoram).",,,,
5 Meaning / sense,word.dar,Dar,Clock / bell,,,,Hun enna thil.,Dar a beng.,VERIFY: confirm sense (clock vs bell vs generic metal) Provisional: not yet grade-verified against Kumtluang curriculum (2026-09-16).,,,,
5 Meaning / sense,word.dim,dim,to hide / lurk stealthily,,,,Mi hmuh loh nan hmun thupah insual a ni.,Sazu chu thingpui hnuaiah a dim a.,"VERIFY: gloss (to hide/lurk stealthily) inferred from a jackal lurking in the story context, confirm before use.",,,,
5 Meaning / sense,word.faihliau,fai hliau,to wipe away,,,,Tui emaw thil emaw a chunga awm chu chiah/tuk chhuak.,A mit-ah luangte chu a fai hliau ṭhin.,VERIFY: gloss inferred from a folk-tale context (wiping away tracks/tears).,,,,
5 Meaning / sense,word.felna,felna,righteousness / moral uprightness,,,,Thil dik leh tha taka thawh dan a ni.,Felna kawngah kan awm reng tur a ni.,"VERIFY: gloss (righteousness/moral uprightness) inferred from a Psalm-23-style poem context, confirm before use.",,,,
5 Meaning / sense,word.hlet,Hlet,to be an equal match or worthy rival,,,,Mi dang nen inbântlang theih a chak leh a thiam dan lam ah.,Football-ah kan team hi kan hmelmate hlet tak a ni.,VERIFY: word-box vocabulary item without an explicit dictionary definition given in the book; gloss inferred from context.,,,,
5 Meaning / sense,word.hlimhla,Hlimhla,"possibly ""shadow"" (uncertain; inferred from a riddle)",,,,"Hlimhla an sawi dan chuan mi zui reng a, khawih theih a ni lo.",Ni a chhuak hian ka hlimhla a lo lang.,"VERIFY heavily: meaning inferred only from a riddle answer ('ka zui reng che a, mahse min khawih thei lo' = 'I always follow you but you cannot catch me'); could plausibly mean 'shadow' but this is not confirmed and may be wrong.",,,,
5 Meaning / sense,word.hlobet,hlobet,a green meadow / pasture,,,,"Hnah hring tak puan, rannung ei tur famkim hmun a ni.",Berâmte chu hlobet ah an rem a.,"VERIFY: gloss (a green meadow/pasture) inferred from a Psalm-23-style poem context, confirm before use.",,,,
5 Meaning / sense,word.hmaihthelh,hmaihthelh,"to neglect, delay",,,,"Tih tur thil rangin ti lo, hnuhnung takin ti.",Ka sin tur ka hmaihthelh ngai lo.,VERIFY: confirm precise gloss (neglect vs delay).,,,,
5 Meaning / sense,word.hmangchang,hmangchang,"clearly, obviously (evident to onlookers)",,,,Hmangchang tih hi thil pakhat hriat theih tur ngaihnawm taka lang dan sawi na a ni.,A thil tih dan atangin a sual tih hmangchang a hriat theih.,VERIFY: Meaning inferred from context (hmangchang an hria ka ti hle mai); confirm exact register (adverb vs. adjective).,,,,
5 Meaning / sense,word.hmaram,hmarâm,facial or body tattoo/decoration,,,,Hmel emaw taksaah chi eng hmangin ti dah,Hmanlai mite chu hmarâm nei tam an awm.,VERIFY: general gloss for a traditional body-marking practice mentioned as historical background.,,,,
5 Meaning / sense,word.hmuingilna,hmuingilna,"harmony, unity, concord",,,,"Inrem taka awmna, indo lohna.",Chhungkuaah hmuingilna a awm chuan a nuam.,VERIFY: confirm precise gloss (harmony/concord vs another related sense).,,,,
5 Meaning / sense,word.hnianghnar,hnianghnâr,"abundant, plentiful (of wildlife)",,,,Ram sa emaw thil awm tam êm êm dan.,Sava an hnianghnâr avangin khaw mite an lawm.,VERIFY: gloss inferred from context (a village's dove population becoming plentiful after a hunting method was banned); no direct definition given in text.,,,,
5 Meaning / sense,word.hrai,hrai,to carry on the back,,,,Naupang emaw thil emaw hnungah phur.,A nu chuan naupang a hrai ṭhin.,VERIFY: near-synonym of 'pua'; confirm if this specific term differs in meaning or usage.,,,,
5 Meaning / sense,word.hring,Hring,Green,,,,Rawng chi khat.,He rawng hi hring a ni.,VERIFY: hring also means raw/unripe; confirm color sense is natural usage tq_level confirmed TQ1 by Kumtluang curriculum cross-reference (2026-09-16).,,,,
5 Meaning / sense,word.inkalhtlat,inkalh tlat,tightly bolted/locked shut (a door),,,,Inkalh tlat tih hi kutkhar emaw thawhkhar emaw fim taka kalh/khaih dan a ni.,Zân lamah chuan an thawhkhar chu an inkalh tlat ngei ngei.,VERIFY: Distinguish from the already-catalogued noun 'inkalh khung' (door-bolt); confirm exact usage as a verb/state describing the door being shut fast.,,,,
5 Meaning / sense,word.inlar,inlâr,to appear / manifest oneself,,,,Awmzia lantir turin lo lang chhuak a ni.,Lal chu naupang mumangah a lo inlâr thin.,"VERIFY: gloss (to appear/manifest oneself) inferred from a Bible-story context (God appearing in a dream), confirm before use.",,,,
5 Meaning / sense,word.intihretak,intihre tak,"sincerely, earnestly (making something clearly understood)",,,,Intihre tak tih hi thil pakhat chiang taka hriattir/hrehtir dan sawi na a ni.,Intihre takin thil kan sawi a ngai tawh.,VERIFY: Exact meaning/context not fully confirmed from the visible passage; morphology suggests 'to make clearly understood' — verify with a native speaker.,,,,
5 Meaning / sense,word.it,ît,to crave / be eager for,,,,"Duh nasa hle a, tan lo mai theih lo a ni.",Chaw ei a ît avangin a hun a la ngai lo.,"VERIFY: gloss (to crave/be eager for) inferred from a hungry-owl story context, confirm before use.",,,,
5 Meaning / sense,word.kar,Kar,Week / interval,,,,Hun chhung tê khat.,Kar khat chhung.,VERIFY: confirm exact sense (week vs generic interval) Provisional: not yet grade-verified against Kumtluang curriculum (2026-09-16).,,,,
5 Meaning / sense,word.kezungpui,kezungpui,big toe,,,,"Ke zung chhungril lian ber, ke a bul lam a awm.",Ka kezungpui hi lung ka tawk avangin a na.,"VERIFY: gloss inferred from word parts (ke=foot, zung=base, pui=big); confirm exact meaning.",,,,
5 Meaning / sense,word.khar,khâr,far / distant,,,,"A hnai lo va, hmun rei takah awm a ni.",Ka pi in chu kan in atangin a khâr hle a.,"VERIFY: gloss (far) inferred from an antonym-matching exercise, confirm the paired antonym before use.",,,,
5 Meaning / sense,word.khawrh,khawrh,fishing bait / trap,,,,Sangha emaw chakai emaw man nan hman thil a ni.,Khawrh hmangin sangha ka man thin a.,VERIFY: exact gloss (bait/trap for catching crab or fish) inferred from the monkey-and-tortoise story context.,,,,
5 Meaning / sense,word.ki,ki,horn,,,,"Ran engemaw a lu chunga puak, hâk",Sialin ki a nei bawk.,VERIFY: 'ki' as a standalone noun can be ambiguous outside context; confirm meaning with a native speaker. | Source: Kumtluang Class II (SCERT Mizoram),,,,
5 Meaning / sense,word.kuhmum,kuhmûm,to bud (flower),,,,"Pangpar chi chhuak tan a ni, a hak hma lai a ni.","Pangpar kung chuan a lo kuhmûm ta a, chhuak dawn tawh a ni.","VERIFY: gloss (to form flower buds) inferred from context, confirm before use.",,,,
5 Meaning / sense,word.lei,lei,to buy,,,,Sum pêkin thil neih.,Ka nu chuan bazar aṭangin thil a lei ṭhin.,VERIFY: potential homonym confusion with 'lei' meaning ground/earth; confirm intended sense from context.,,,,
5 Meaning / sense,word.leimin,lei min,"landslide, soil erosion",,,,Lei min hi tlang emaw kawtlai lei a bo/tla dan a ni.,Ruahnasa hnu chuan lei min avangin kawng a bo thin.,VERIFY: Gloss inferred from context listing natural disasters caused by deforestation; confirm exact term (possibly two separate words).,,,,
5 Meaning / sense,word.mitthlaah,mitthlaah,"in the presence of, before the eyes of",,,,Mitthlaah tih hi mi hmuh theihna hmun/laka awm dan sawi na a ni.,Mipui mitthlaah chuan a thusawi a chhuah ve.,VERIFY: Meaning inferred from context (suangtuahna mitthlaah Maharaja chu a lo kal a); confirm compositional sense (mit + thlaah).,,,,
5 Meaning / sense,word.nachang,nachâng,"nature, character, trait",,,,Mi rilru put dan leh nun ziarang.,Mi dangte ngaihsak nachâng chu a ṭha.,VERIFY: confirm precise gloss (character/trait vs habit).,,,,
5 Meaning / sense,word.nem,nêm,"soft, gentle, tender",,,,"Khal lo, ṭha taka en; thuk hnem theih.",Puan nêm hi ka duh hle.,VERIFY: confirm precise gloss from a minimal-pair exercise.,,,,
5 Meaning / sense,word.nghafuan,nghafuan,a snare or trap used for catching birds,,,,Sava mante khap nan hman thil.,Nghafuan hi khawtlangin an khap ta.,VERIFY: gloss inferred from context describing a hunting method being restricted to protect dove numbers; exact construction of the trap is not described in the text.,,,,
5 Meaning / sense,word.nghawng,nghâwng,root (of a plant),,,,Nghâwng chu thing/pangpar hnuaia lei chhûnga zung a ni.,Thing nghâwng chu lei hnuaiah a awm.,VERIFY: Gloss inferred from a dialogue line where a flower character says its 'nghâwng' hurts; recommend a fluent-speaker check. Source: Kumtluang Class I (SCERT Mizoram).,,,,
5 Meaning / sense,word.ngilneihna,ngilneihna,mercy / kindness,,,,Mi harsatna tawktu chunga khawngaihna lantirna a ni.,Ngilneihna hmangin mi harsa te kan tanpui tur a ni.,"VERIFY: gloss (mercy/kindness) inferred from a Psalm-23-style poem context, confirm before use.",,,,
5 Meaning / sense,word.pawhraw,Pawhraw,"rowdy or mischievous behavior, especially among young men",,,,Tlangvalte chungah lo hmuh theih inbuainan emaw suahsualnain emaw.,Tlangvalho pawhraw avangin khaw mipuiin an duh lo.,VERIFY: meaning inferred from context (listed among undesirable youthful behaviors); precise dictionary definition not confirmed.,,,,
5 Meaning / sense,word.pawl,pawl,blue,,,,Pawl chu van dâwn ang rawng a ni.,Van chu a pawl.,VERIFY: Gloss inferred from a blue mug's picture caption in a colour-naming exercise; not cross-checked against a dictionary. Source: Kumtluang Class I (SCERT Mizoram).,,,,
5 Meaning / sense,word.pawng,pâwng,"to discriminate, show unfair partiality",,,,"Pâwng tih hi mi pakhat lam ngaisang a, mi dang ngaihsak lo dan a ni.",Mi tha leh mi retheite kan pâwng hek tur a ni lo.,VERIFY: Meaning inferred from context (mi tha leh neinung an pâwng hek lo); confirm exact shade of meaning.,,,,
5 Meaning / sense,word.phian,phian,"easily, readily",,,,"Phian tih hi harsatna tam lovin, awlsam taka thawh theih dan sawi na a ni.",A thu chu phian takin a zawm ṭhin.,VERIFY: Meaning inferred from a single narrative use (a awih phian mai lehnghal); confirm as standalone headword vs. bound form.,,,,
5 Meaning / sense,word.phu,phu,to blow / pant hard,,,,Kar takin thli emaw huih emaw hmangin thawh chhuah a ni.,Tlan zawh hnu chuan a phu ve thin.,VERIFY: gloss (to blow/pant hard) inferred from a dove panting for breath in the story context.,,,,
5 Meaning / sense,word.phuh,phuh,to spray / blow out (water),,,,Kam emaw hnar emaw atanga tui emaw thli emaw thlawn chhuah a ni.,Naupang chuan tui a phuh ve thin.,VERIFY: gloss (to spray/blow out water or breath) inferred from an elephant spraying water in the story context.,,,,
5 Meaning / sense,word.puak,puak,to bear fruit / swell,,,,"Thlai emaw thil emaw chu a lian zel a, chhuah dawn ang a ni.",Thlai kung chuan thlai a puak fo thin.,"VERIFY: gloss (to bear fruit / swell) inferred from a flower-and-rain story context, confirm before use.",,,,
5 Meaning / sense,word.rapthlak,râpthlâk,"pitiful, miserable",,,,"Ngaihdam tur, khawngaih a tul mi.",Rethei mi chu râpthlâk tak an ni.,VERIFY: confirm precise gloss from a sentiment-classification exercise.,,,,
5 Meaning / sense,word.ruahmansak,ruahmansak,"to think of, plan, or scheme (something, often for others)",,,,Ruahmansak tih hi mi dang tan emaw thil pakhat atan hun hmasaa ngaihtuah/ruahman dan a ni.,Kan thlahte hmasawnna atan kan ruahmansak tur a ni.,VERIFY: Meaning inferred from context (min ruahmansak te); confirm exact shade of meaning vs. plain 'ruahman'.,,,,
5 Meaning / sense,word.ruai,ruai,rumour / word-of-mouth warning,,,,"Thil thleng dawn emaw thil thleng tawh emaw chungchang thu, mi hnenah pek zel a ni.","Khua chhungah ruai a lo thleng a, mi tam takin an hre ta a.","VERIFY: exact sense (a rumour/warning cry spread by word of mouth among the animals) inferred from context, confirm before use.",,,,
5 Meaning / sense,word.rualthawt,rual ṭhawt,to fly off together (startled),,,,Vanah pahnih emaw tam emaw inkarah thlâwk chhuak.,Sava te chu an rual ṭhawt ta.,VERIFY: gloss inferred from a caterpillar/butterfly story context.,,,,
5 Meaning / sense,word.sena,sêna,"to nag or press persistently (for something, e.g. money)",,,,Sêna tih hi mi hnena thil emaw pawisa emaw ngen zel dan a ni.,Zirna atan pawisa an sêna thin.,VERIFY: Meaning inferred from context (kan zirna atan pawisa te an sêna); confirm exact nuance vs. plain 'ngen'.,,,,
5 Meaning / sense,word.siang,siang,"dwelling, home (poetic word)",,,,"Awmna in, chenna hmun.",A siang atangin a chhuak.,"VERIFY: an archaic/poetic word glossed in the textbook itself as 'in, chenna' (house, dwelling); modern usage is rare so confidence is moderate.",,,,
5 Meaning / sense,word.thahrui,thahrui,sinew / tendon (physical strength),,,,"Chak nan a pawimawh, taksaa thahriamna",Pasal chak tak chu thahrui a chak a ni.,VERIFY: gloss inferred from context in a strongman legend; literal meaning may be closer to 'sinew/muscle'.,,,,
5 Meaning / sense,word.theitehmul,theitehmul,peach,,,,"Thei chi pakhat, a pum ah mul tê tê a awm.",Theitehmul hi a chi tui tak a ni.,"VERIFY: gloss inferred from word parts (thei=fruit, mul=fuzz); confirm exact meaning.",,,,
5 Meaning / sense,word.thial,thial,"spilled, messy",,,,"A dah dan a ṭha lo, a chher der der.",Thil ei lai thial lan chu a mawi lo.,VERIFY: confirm precise gloss (spilled vs messy) from context.,,,,
5 Meaning / sense,word.thlaphang,thlaphâng,"forest, wilderness",,,,"Ram ngaw zau tak, thing leh ram nawlpui awmna.",Sakei chu thlaphâng chhungah a awm ṭhin.,VERIFY: gloss inferred from lion-and-mouse fable context.,,,,
5 Meaning / sense,word.thlitfimsak,thlit fimsak,to trim/harvest carefully without waste,,,,"Ngaihdan neiin, seng lo takin lak dan.",Thing kan phuah chuan thlit fimsak a ngai.,VERIFY: exact nuance inferred from forest-conservation context; gloss may need native-speaker check. Source: Kumtluang Class V (SCERT Mizoram),,,,
5 Meaning / sense,word.thuhnuairawlh,thuhnuairawlh,"meek, gentle-natured",,,,"Mi ngawi tak, thu hnuai lo chhang mi.",Thuhnuairawlh mite chu mi zawng zawngin an duh ṭhin.,VERIFY: gloss inferred from a paraphrase-style Beatitudes poem; confirm precise meaning.,,,,
5 Meaning / sense,word.thuttir,thuttir,"to inspect, examine closely",,,,Thuttir tih hi mi emaw thil emaw fimkhur taka enfiah dan a ni.,Zirtirtu chuan naupangte hnathawh a thuttir zel.,VERIFY: Meaning inferred from context (mikhual pa chuan naupanghote chu a thuttir a); confirm exact nuance vs. 'en fiah'.,,,,
5 Meaning / sense,word.tiang,tiang,a rod / staff,,,,"Thing rem, kut ah pawm a, kal lai chak nan hman a ni.",Pu chuan tiang chelhin lamah a kal a.,"VERIFY: gloss (a rod/staff) inferred from a Psalm-23-style poem context, confirm before use.",,,,
5 Meaning / sense,word.tiauvut,ṭiauvut,assorted debris swept together (e.g. by floodwater),,,,"Thil hrang hrang inla khawm, tuiin a rawn kaihhnawih.",Tuipui in loh chuan ṭiauvut tam tak a rawn kaihhnawih.,VERIFY: this word's precise sense is not glossed in the textbook; inferred from flood-poem context (debris/miscellaneous things carried by floodwater).,,,,
5 Meaning / sense,word.tichereu,tichereu,"to make barren, to lay waste",,,,Ram ngaw emaw lo emaw hnungchhung awm lo taka siam dan.,Thing tam tak phuah chuan ram a tichereu thei.,"VERIFY: contextual meaning inferred, not explicitly glossed in book. Source: Kumtluang Class V (SCERT Mizoram)",,,,
5 Meaning / sense,word.tlakbuak,tlakbuak,"to fall short, come up lacking",,,,"Tlakbuak tih hi thil beisei ang taka thleng lo va, a tlem zawk dan a ni.",Harsatna a lo thleng chuan an tumruhna a tlakbuak thei lo.,VERIFY: Meaning inferred from context (harsain a tlakbuak chang pawha); confirm exact register/usage.,,,,
5 Meaning / sense,word.to,ṭo,"to sprout, grow",,,,Ṭo tih chu thing emaw chi a puitling nana a tan tihna a ni.,Kan phun chi hi zarah a ṭo tho.,VERIFY: gloss inferred from limited narrative context (Little Red Hen story).,,,,
5 Meaning / sense,word.tu,Tu,Grandchild,,,,Fapa/fanu fa.,Ka tu a nau.,"VERIFY: single syllable, homonym-heavy; confirm sense disambiguation; Rough placeholder -- consider custom illustration Provisional: not yet grade-verified against Kumtluang curriculum (2026-09-16).",,,,
5 Meaning / sense,word.tuihal,tuihâl,thirsty,,,,"Tui dawn a ngai dan, a hal a ni.",Tlan zawh hnu chuan ka tuihâl hle a.,"VERIFY: gloss (thirsty) inferred from a proverb-style matching exercise, confirm before use.",,,,
5 Meaning / sense,word.tuihawk,tuihâwk,flood / strong current,,,,Ruah nasa avanga tui nasa taka luang a ni.,Ruah sur nasa avangin tuihâwk a lo luang a.,"VERIFY: gloss (flood / strong river current) inferred from a heavy-rain story context, confirm before use.",,,,
5 Meaning / sense,word.umpha,ûmpha,severely / very badly,,,,A hnuklam tak taka thleng a ni.,A ke chu a kang ûmpha avangin daktawr hnenah an kal ta a.,"VERIFY: gloss (severely/very badly) inferred from a burn-injury story context, confirm before use.",,,,
5 Meaning / sense,word.urh,urh,"warmth, heat",,,,"Mei emaw ni emawa awm rimna, khal lo taka awm.",Meichhawn hnaih chuan urh a lo awm.,VERIFY: confirm precise meaning (warmth vs a related sense) from context.,,,,
5 Meaning / sense,word.vui,vûi,"to ripen, head out (of grain)",,,,Vûi tih chu buh emaw chi a puitling taka rah tan tihna a ni.,Kan huan buh chu a vûi ta.,VERIFY: gloss inferred from limited narrative context (Little Red Hen story).,,,,
5 Meaning / sense,word.zangruh,zângruh,a vulnerable or exposed spot (weak point),,,,"Mi emaw ran vênhim theih loh chhehvel, tuar hlauna hmun.","Sa aiawh chuan a zângruh a hmu a, a man.",VERIFY: gloss inferred from fable context (a predator spotting an opponent's exposed weak spot); not a common everyday word.,,,,
5 Meaning / sense,word.zelthel,zelthel,"to avoid, keep away from",,,,Thil emaw hna emaw ti lova pumpelh.,Hnathawh honaah zelthel pawl chu a ṭha lo.,VERIFY: confirm precise gloss (to avoid vs to skip/shirk).,,,,
6 Other,word.aletlingakhaiang,a letlinga khai ang,"""like a gong that has lost its ring"" — to be clueless/oblivious",,,,"Thil eng emaw hria lo, thil chungchang bo map deuh mi sawina.","Ka zawng eng mah ka hre lo, a letlinga khai ang mai ka ni.",,,,,
6 Other,word.aserhzingaameiang,a serh zinga a mei ang,"""like fire smouldering under ash"" — a hidden danger that may flare up",,,,"Tel ngei ngei tura ngaih, tel lo thei lo, pawimawh sawina.",Sikul naupang tan chuan pen hi a serh zinga a mei ang mai a ni.,,,,,
6 Other,word.aurinna,Au rinna,microphone or loudspeaker,,,,Au rinna chu aw thlen chhoh nan hman thil a ni.,Zirtirtu chuan au rinna hmangin thu a hril.,VERIFY exact scope (microphone vs. megaphone/loudspeaker).,,,,
6 Other,word.avawtuinekacheh,a vawtuin êk a cheh,"""bitten by one's own snake"" — undone by one's own trick",,,,Mahni tih hmasa lehin mahni tan a harsa a chhuahsan chi.,"A tlawm zâwkah a tang leh si a, a vawtuin êk a cheh tih ang mai a ni.",,,,,
6 Other,word.belthleng,Belthleng,a leafy vegetable from the pumpkin/squash vine family,,,,"Belthleng chu hnah ei theih, mai zung atanga chhuak a ni.",Nu chuan belthleng a chhum.,VERIFY exact identification.,,,,
6 Other,word.boralsan,boralsan,to pass away (respectful term for dying),,,,"Mi nun boral tih sawi fel dan, ngaihsan takin sawi thin.",A pa a boralsan hnu chuan a chhungte chu an harsa hle.,,,,,
6 Other,word.charsutphawi,char sût phawi,a younger sibling doted on and spoiled,,,,Unau nula awma a naupang zâwk nupuia neih sawina.,Sangan char sût phawiin nupui a nei.,,,,,
6 Other,word.chau,Chau,Tired,,,,Chakna bo dan.,Ka chau tawh.,VERIFY: confirm standard word for tired tq_level remapped 2026-09-16: was TQ1 -> TQ3 per Kumtluang curriculum cross-reference.,,,,
6 Other,word.chhah,chhah,narrow (VERIFY),,,,"A zau lo, tinreng deuh hi a ni.",Kawng chhah zawnga kan kal a har.,VERIFY: paired opposite of 'zau' (wide) in a grammar list; precise nuance not independently confirmed.,,,,
6 Other,word.chhep,chhep,to hoot / screech (owl's cry),,,,"Sava-bu au dan, zan lamah au thin a ni.",Zanah savabu chu a chhep thin a.,VERIFY: exact onomatopoeic nuance (owl's hoot) confirmed from a fable-listening exercise sentence.,,,,
6 Other,word.chhuatphah,Chhuatphah,a kitchen/food item (exact identification unverified),,,,Chhuatphah chu chaw siamna-ah hman thil chi pakhat a ni.,A hming ka hre chiang famkim lo.,VERIFY strongly: appears in a kitchen-items word list (p.46); exact identification not confirmed.,,,,
6 Other,word.diar,Diar,headscarf/turban,,,,Diar chu lu chunga khan theih puan te chi a ni.,Pu chuan a lu-ah diar a khan.,VERIFY: exact style and occasion of wear unconfirmed.,,,,
6 Other,word.emping,Emping,a woven bamboo container or hat (exact form unverified),,,,"Emping chu mau-a siam, thil put emawa khan theih thil a ni.",Emping chu tui hnuaiah min khan sak ṭhin.,VERIFY: exact form/use (basket vs. hat) unconfirmed.,,,,
6 Other,word.eng,Eng,Yellow,,,,Rawng chi khat.,He rawng hi eng a ni.,VERIFY (low confidence): eng usually means light/shine -- confirm real word for yellow tq_level confirmed TQ1 by Kumtluang curriculum cross-reference (2026-09-16).,,,,
6 Other,word.hahip,hahip,to recount a story with amazement/awe,,,,Thawnthu emaw huaisenna emaw mak takin sawi zel hi a ni.,A huaizia chu hahipin an sawi thin.,VERIFY: nuance inferred from limited context.,,,,
6 Other,word.harsatnathli,harsatna thli,"""wind of hardship"" (figurative: life's difficult trials)",,,,"Nunah harsatna a thleng ṭheuh dan chi, thli anga hriat tur.","Harsatna thli a lo thlen chang chang, mahse kan chhelh hna zel a ngai.",,,,,
6 Other,word.hauhuk,Hauhuk,hoolock gibbon,,,,"Hauhuk chu thingah reng reng awm sahuan, a ban hla tak a ni.",Hauhuk chu thing atanga thing lamah a pem ṭhin.,VERIFY: confirm this is the standard term for hoolock gibbon.,,,,
6 Other,word.intihhlimna,Intihhlimna,entertainment/amusement (fairground activities),,,,Intihhlimna chu lawmna leh hlimna siamna atana thil tih a ni.,Kut ni chuan intihhlimna hmun kan pan ṭhin.,VERIFY exact scope (activity vs. place).,,,,
6 Other,word.ipte,Ipte,traditional woven shoulder bag,,,,Ipte chu puan zianga khaih theih thil put nan hman bag a ni.,"A ipte chu a phei ah a ken a, kawng a kal.",VERIFY: exact craft/weave term should be checked with a fluent speaker.,,,,
6 Other,word.kaina,kaina,a garden fence/hedge boundary,,,,"Sumtual emaw huan emaw kim, veng na hi a ni.",Sumtualan kaina ah pangpar an phun.,VERIFY: nuance inferred from limited context (boundary/edge of a garden).,,,,
6 Other,word.kaizaveng,kaiza veng,"rear guards, those watching the flank of a group",,,,Pawl hnuhnung lam vengtute hi a ni.,Kaiza veng chu an rawn thlengin hlauhawm an hria.,VERIFY: nuance inferred from limited context.,,,,
6 Other,word.kam,Kam,Mouth,,,,Kan taksa chhiah pakhat.,He hi kam a ni.,VERIFY (moderate confidence): confirm standard word for mouth Provisional: not yet grade-verified against Kumtluang curriculum (2026-09-16).,,,,
6 Other,word.kawtchhuah,kawtchhuah,a formal public first appearance (coming-out),,,,"A hmasa berah khalh chhuah a, mi tan intar lan hi a ni.",Tlangval thar chu an kawtchhuah zel thin.,VERIFY: nuance inferred from limited context.,,,,
6 Other,word.kawtthler,Kawtthler,a cluster of shops/houses (village row); exact sense unverified,,,,Kawtthler chu in leh dawr tam tak khata awm hmun a ni.,Kawtthler-ah dawr hrang hrang an awm.,VERIFY: image on p.4 shows a cluster of houses/shops; exact translation not confirmed.,,,,
6 Other,word.kelphungtapchimhmuang,kêlphûng tap chim hmu ang,restless like a goat licking a salt-lick — unable to sit still,,,,Awmzia hi thil tih ngai ti nawn tlut tlut sawina.,Ani ngaihzawng nei ve chu kêlphûng tap chim hmu ang maiin a rîm tlut tlut mai.,,,,,
6 Other,word.khalhna,khalhna,steering wheel,,,,Thawmhnaw kaltlang atu tu hmanga awihna.,Driver chuan khalhna a vawn thin.,VERIFY: the exact term the book uses for this vehicle part is not fully certain. Source: Kumtluang Class III (SCERT Mizoram).,,,,
6 Other,word.khapna,khapna,brake,,,,Thawmhnaw kal tihtâwp nana hman thil.,Bus a thutna atan khapna an hmang thin.,VERIFY: the exact term the book uses for this vehicle part is not fully certain. Source: Kumtluang Class III (SCERT Mizoram).,,,,
6 Other,word.khuangchawi,khuangchawi,feast of merit (traditional Mizo festival),,,,"Hmanlai Mizo khawtlangah hman ropui tak, mi pakhat lalzahna tur hman.",Khuangchawi hi Mizo kût hlu tak a ni.,VERIFY: this is a specific traditional festival name; details are simplified here for a vocabulary entry. Source: Kumtluang Class III (SCERT Mizoram).,,,,
6 Other,word.khuavang,khuavang,a nature spirit/fairy of Mizo folklore,,,,"Ram huna lo lang mi, khawvel dang miah mihring hmuh loh theih.",Hmanlai thawnthu ah khuavang chungchang tam takin an sawi ṭheuh.,,,,,
6 Other,word.lamthuam,lamthuam,a crossroads (often linked with folk beliefs),,,,"Kawng inpumkhawmna, lam pahnih emaw pathum emaw inhmuhna.",Hmanlai thawnthu ah lamthuam hi hmun ngaihzawng tak a ni.,,,,,
6 Other,word.lawngpar,Lawngpar,a flowering plant (exact species unverified),,,,Lawngpar chu pangpar chi pakhat a ni.,Lawngpar chu a rawng a ṭha hle.,VERIFY strongly.,,,,
6 Other,word.lirthei,Lirthei,vehicle/car (generic term),,,,"Lirthei chu kawngah lam theih thil siam, mi leh thil chawi thei a ni.",Lirthei chuan kawngah a lam.,VERIFY exact scope (car specifically vs. vehicle generally).,,,,
6 Other,word.lupanhnathawh,lu pân hnathawh,to work half-heartedly / without real effort,,,,"Thawk tha peih lo, ti nial nual, zawmthaw dan sawina.",Lu pân hnathawha in thawh te chuan in zo thei nang.,,,,,
6 Other,word.makpa,Makpa,Son-in-law,,,,Fanu pasal.,Ka makpa a thra.,VERIFY (lower confidence): confirm exact term; NO_EMOJI: needs custom illustration distinct from Pasal/husband; picture_match dropped: same reasoning as word.u -- kinship-relation words aren't visually disambiguable Provisional: not yet grade-verified against Kumtluang curriculum (2026-09-16).,,,,
6 Other,word.mipui,Mipui,the public / a crowd of people,,,,Mipui chu khawtlanga awm mi zawng zawng kan tih a ni.,"Mipui tam tak an lo kal a, biakin chu an khat vek.",VERIFY: exact nuance (public vs. crowd) not fully confirmed from context.,,,,
6 Other,word.monu,Monu,Daughter-in-law,,,,Fapa nupui.,Ka monu a fel.,VERIFY (lower confidence): confirm exact term; NO_EMOJI: needs custom illustration distinct from Nupui/wife; picture_match dropped: same reasoning as word.u -- kinship-relation words aren't visually disambiguable Provisional: not yet grade-verified against Kumtluang curriculum (2026-09-16).,,,,
6 Other,word.nawinawk,nawinâwk,orange (colour),,,,"Thei nawinawk ang rawng, sen leh eng tangkawpa rawng a ni.",Ka kawr chu nawinâwk rawng a ni.,"VERIFY: exact shade (orange) inferred from rainbow-colours lesson list, confirm before use.",,,,
6 Other,word.nawm,nawm,playful / done for fun,,,,"Hlim taka, tibengvarna atana thawh thil a ni.","Nawm avanga ka ti mai a, thin a rim tur a ni lo.","VERIFY: nuance (done playfully / for fun) distinguished from ""nuam"" (pleasant) already catalogued, confirm before use.",,,,
6 Other,word.nikir,nikir,mid-year monsoon rain,,,,"Kum laizawnah lo tla ruah chi, khua tam tak a chêng thin.",Nikir ruah chuan lui a tikam thin.,VERIFY: the exact scope of this seasonal word is not fully certain. Source: Kumtluang Class III (SCERT Mizoram).,,,,
6 Other,word.pasaltha,pasaltha,brave hunter / warrior (traditional term),,,,Hmanlai Mizo khawtlanga chak leh ngam tak mipa hming.,Hmanlai Mizo khawtlangah pasaltha hi zah an ni thin.,VERIFY: this is a traditional cultural term; kept general rather than tied to the hunting-story plot. Source: Kumtluang Class III (SCERT Mizoram).,,,,
6 Other,word.perek,Perek,edible fern shoot,,,,"Perek chu ramah cheng thing zung, ei theih a ni.","Nu chuan perek a va lak a, a chhum.",VERIFY translation.,,,,
6 Other,word.phalhauh,phalhauh,to readily consent/allow,,,,"Ngun tak takin phal, dûm dâm lo phal hi a ni.",A pa chuan a phalhauh lo.,VERIFY: precise nuance inferred from limited context.,,,,
6 Other,word.phuba,phubâ,paddy granary / barn,,,,"Buh dahna in, chhak lam emaw huan kovah din thin.",Kan phubâah buh kan dah thin.,VERIFY: the exact traditional structure this refers to is simplified here. Source: Kumtluang Class III (SCERT Mizoram).,,,,
6 Other,word.phurhhlan,phurhhlân,"a heavy, cherished burden (figurative: heritage/legacy)",,,,"Êm phurh chi, pawimawh taka phur tur.",Kan hnam phurhhlân hi kan zawng zawngin kan phur ve tur a ni.,,,,,
6 Other,word.ralkairual,râl kai rual,a comrade who fights alongside one; battle companion,,,,Mipa râl donaa tel rual sawina.,"Liana chu ka rual, râl kai rual a ni ve ta.",,,,,
6 Other,word.sanghar,sanghar,porcupine,,,,"Ramsa, a tisen zau tak nei.",Sanghar chu tisen a nei avangin an hre chiang.,"VERIFY: likely means porcupine, inferred from grouping with other wild-game names in an animal-sounds exercise.",,,,
6 Other,word.serthlum,serthlum,golden-yellow (colour),,,,"Sikpui rawng ang deuh, eng leh sen tangkawpa rawng a ni.",Ni tlak lai van chu serthlum rawngin a eng thin.,"VERIFY: exact shade (golden-yellow) inferred from rainbow-colours lesson list, confirm before use.",,,,
6 Other,word.sihal,sihal,barking deer (a small wild deer),,,,"Ramsa te, sakhi chi te zinga mi pakhat.",Sihal chu ramah kan hmuh ṭhin.,"VERIFY: likely refers to the barking deer, inferred from its grouping with other deer/wild-game names.",,,,
6 Other,word.tawktarh,tawktarh,old muzzle-loading gun,,,,Hmanlai Mizoten sa man atana an hman silai chi.,Hmanlai mite chuan tawktarh an hman thin.,"VERIFY: a traditional historical tool; included as vocabulary, not for hunting instruction. Source: Kumtluang Class III (SCERT Mizoram).",,,,
6 Other,word.tawlailir,Tawlailir,swing/seesaw ride,,,,"Tawlailir chu insawi nan hman puitling, tui chunga khan pahnih insawi thei chi a ni.",Naupang te chuan tawlailirah an insawi.,VERIFY exact type of ride.,,,,
6 Other,word.thingchangvar,thingchang var,"""the pre-dawn light"" — cramming or preparing at the very last moment",,,,Khawvar hmaa khaw lo ên lawk hun sawina.,Exam lai chuan thingchang vara thawh thin a ṭha lo.,,,,,
6 Other,word.thingfanghmai,Thingfanghmai,papaya,,,,"A hring chuan a rong sên buk a, a nal chuan a tui hle rah thei.",Thingfanghmai nal hi ei tur chuan a chhuih hma ngei tur a ni.,"VERIFY: reasonably confident this is papaya, based on the lesson's illustration and description.",,,,
6 Other,word.thinghar,Thing hâr,"a tough, resilient, strong-willed person (idiom, lit. ""hard wood"")",,,,"Harsatna hmaah pawh tap lo mi, rinhlelh tak leh chak tak mi sawina.",Anih chu thing hâr ang a nih avangin buaina eng emawah pawh a tlan ngai lo.,VERIFY: idiomatic nuance inferred from the lesson's narrative context; no explicit dictionary definition was given.,,,,
6 Other,word.thirbel,Thirbel,metal cooking pot,,,,Thirbel chu thir-a siam bêl a ni.,Thirbel-ah chaw a chhum.,VERIFY exact distinction from plain 'bêl'.,,,,
6 Other,word.thlang,thlang,"west (direction, in this context)",,,,"Ni tlâk lam, chhak kim laka awm hi a ni.",Thlang lam aṭangin ni a tlâk.,VERIFY: 'thlang' more commonly means hillside; here paired with chhak (east) to mean west.,,,,
6 Other,word.thlemnathli,thlêmna thli,"""wind of temptation"" (figurative: forces that tempt one into wrongdoing)",,,,"Sual thawh tura mi tihthawhtu rilru chhungril nun, thli anga hriat tur.",Thlêmna thli chu kan zawng zawngin kan tawk fo a ni.,,,,,
6 Other,word.ting,ting,indigo / dark blue (colour),,,,"Van rawng ang deuh, thim leh eng tangkawpa rawng a ni.",Chhimbal chhung zinga khat chu ting rawng a ni.,"VERIFY: exact shade (indigo/blue) inferred from rainbow-colours lesson list, confirm before use.",,,,
6 Other,word.tluklohrimnam,tluk loh rim nam,an unusually powerful or unmistakable smell,,,,"A rim tluk loh, hriat theih tur hi a ni.",Ramhuai lêng chuan tluk loh rim nam a chhuak thin.,VERIFY: nuance inferred from limited context.,,,,
6 Other,word.vani-an,vani-an,a marriage vow / betrothal promise,,,,Nupui pasal nih tura inṭiam dan hlanlai.,Vani-an tih hi hmanlai Mizote inneih dan pawimawh a ni.,VERIFY: term as used in this specific folktale context. Source: Kumtluang Class V (SCERT Mizoram),,,,
6 Other,word.zikhlum,Zikhlum,a leafy vegetable (exact species unverified),,,,Zikhlum chu hnah ei theih chi pakhat a ni.,Nu chuan zikhlum a chhum.,VERIFY strongly: drawn from an isolated phonics list without image or further context.,,,,
