candidate_id,canonical_form,seed_category,tq_level,status,language_review,learning_review,notes,english_gloss,meaning_mizo,example_mizo,difficulty,game_modes,emoji
word.ar,âr,animals,TQ1,draft,pending,pending,Source: Kumtluang Class I (SCERT Mizoram).,chicken / rooster,Âr chu chhûngin kan vulh sava pakhat a ni.,Kan âr chuan zîng tinah a au ṭhin.,1,"word_chain,picture_match,spelling,word_search,tawng_upa,crossword,thumal_kawp,sentence_builder",🐔
word.awle,awle,animals,TQ1,draft,pending,pending,Source: Kumtluang Class I (SCERT Mizoram).,crocodile,"Awle chu tuikam-ah awm, hâ hriat tak nei ran a ni.",Awle chu tuipui kamah kan hmu thin.,1,"word_chain,picture_match,spelling,word_search,tawng_upa,crossword,thumal_kawp,sentence_builder",🐊
word.bak,bâk,animals,TQ1,draft,pending,pending,Source: Kumtluang Class I (SCERT Mizoram).,bat,"Bâk chu zanah a lêng ṭhin, thla nei sa a ni.",Bâk chu zanah kan hmu ṭhin.,1,"word_chain,picture_match,spelling,word_search,tawng_upa,crossword,thumal_kawp,sentence_builder",🦇
word.chem,chem,objects,TQ1,draft,pending,pending,Source: Kumtluang Class I (SCERT Mizoram).,dao / machete,Chem chu thing tan leh tuk nân hmang thil hriat a ni.,Ka pa chuan chem hmangin thing a tan.,1,"word_chain,picture_match,spelling,word_search,tawng_upa,crossword,thumal_kawp,sentence_builder",🔪
word.dar,dâr,objects,TQ1,draft,pending,pending,Source: Kumtluang Class I (SCERT Mizoram).,gong,"Dâr chu khawng chhuah hmanrua, thlai a ni.",Kum thar niah dâr an khawng ṭhin.,1,"word_chain,spelling,word_search,tawng_upa,crossword,sentence_builder",
word.em,êm,objects,TQ1,draft,pending,pending,Source: Kumtluang Class I (SCERT Mizoram).,carrying basket,Êm chu thil put/keng nân hmang paih hmanrua a ni.,Nu chuan êm hmangin thlai a rawn keng.,1,"word_chain,picture_match,spelling,word_search,tawng_upa,crossword,thumal_kawp,sentence_builder",🧺
word.fu,fû,food,TQ1,draft,pending,pending,Source: Kumtluang Class I (SCERT Mizoram).,sugarcane,"Fû chu a tui tak thing rah, an ei ṭhin.",Naupangte chuan fû an ei duh hle.,1,"word_chain,picture_match,spelling,word_search,tawng_upa,crossword,thumal_kawp,sentence_builder",
word.ngun,ngûn,clothing,TQ1,draft,pending,pending,Source: Kumtluang Class I (SCERT Mizoram).,bangle / bracelet,"Ngûn chu kut-ah bun bâwm hmanrua, dar leh sumkhawah siam a ni.",Nu-in ngûn a bun ṭhin.,1,"word_chain,picture_match,spelling,word_search,tawng_upa,crossword,thumal_kawp,sentence_builder",💍
word.ha,hâ,body,TQ1,draft,pending,pending,Source: Kumtluang Class I (SCERT Mizoram).,tooth / teeth,"Hâ chu kâ chhûnga awm, ei nân hman taksa chhiah a ni.",Zîng tinin ka hâ ka nawt ṭhin.,1,"word_chain,picture_match,spelling,word_search,tawng_upa,crossword,thumal_kawp,sentence_builder",🦷
word.in,in,objects,TQ1,draft,pending,pending,Source: Kumtluang Class I (SCERT Mizoram).,house,"In chu mite an awm nghalna, siam bik hmun a ni.",Kan in chu tlâng chungah a awm.,1,"word_chain,picture_match,spelling,word_search,tawng_upa,crossword,thumal_kawp,sentence_builder",🏠
word.kel,kêl,animals,TQ1,draft,pending,pending,Source: Kumtluang Class I (SCERT Mizoram).,goat,"Kêl chu ke pali nei ran vulh, ki nei a ni.",Kan kêl chuan hlo an ei duh.,1,"word_chain,picture_match,spelling,word_search,tawng_upa,crossword,thumal_kawp,sentence_builder",🐐
word.lawi,lâwi,animals,TQ1,draft,pending,pending,VERIFY: Exact species/gloss for 'lâwi' not fully certain from the picture-primer page alone; recommend a fluent-speaker check. Source: Kumtluang Class I (SCERT Mizoram).,mithun (wild ox-like cattle),Lâwi chu bâwng anga ran lian pakhat a ni.,Lâwi chu ramah kan hmu ṭhin.,1,"word_chain,spelling,word_search,tawng_upa,crossword,sentence_builder",
word.mai,mâi,food,TQ1,draft,pending,pending,Source: Kumtluang Class I (SCERT Mizoram).,pumpkin,Mâi chu eng leh a lian thlai rah a ni.,Nu chuan mâi a rawn chhum.,1,"word_chain,picture_match,spelling,word_search,tawng_upa,crossword,thumal_kawp,sentence_builder",🎃
word.ni,ni,nature,TQ1,draft,pending,pending,Source: Kumtluang Class I (SCERT Mizoram).,sun,"Ni chu chunglam-a eng a châwm, khawvêl a tihvar ṭhin.",Zîngkâr chuan ni a chhuak ṭhin.,1,"word_chain,picture_match,spelling,word_search,tawng_upa,crossword,thumal_kawp,sentence_builder",☀️
word.no,no,objects,TQ1,draft,pending,pending,Source: Kumtluang Class I (SCERT Mizoram).,cup / mug,No chu tui in nân hmang hmanrua a ni.,No chhunga tui ka chelh.,1,"word_chain,picture_match,spelling,word_search,tawng_upa,crossword,thumal_kawp,sentence_builder",☕
word.puan,puan,clothing,TQ1,draft,pending,pending,Source: Kumtluang Class I (SCERT Mizoram).,traditional woven cloth,"Puan chu Mizote silh thawnthu puan, tak leh dah a ni.",Kum thar niah puan ṭha kan silh ṭhin.,1,"word_chain,picture_match,spelling,word_search,tawng_upa,crossword,thumal_kawp,sentence_builder",
word.rul,rûl,animals,TQ1,draft,pending,pending,Source: Kumtluang Class I (SCERT Mizoram).,snake,"Rûl chu ke nei lo, a rin taka a kal ran a ni.","Rûl chu ramah kan hmu a, kan ṭih.",1,"word_chain,picture_match,spelling,word_search,tawng_upa,crossword,thumal_kawp,sentence_builder",🐍
word.sai,sai,animals,TQ1,draft,pending,pending,Source: Kumtluang Class I (SCERT Mizoram).,elephant,"Sai chu ran lian tak, hnâr sei tak nei a ni.",Sai chu ramah kan hmu ṭhin.,1,"word_chain,picture_match,spelling,word_search,tawng_upa,crossword,thumal_kawp,sentence_builder",🐘
word.tho,tho,animals,TQ1,draft,pending,pending,Source: Kumtluang Class I (SCERT Mizoram).,housefly,"Tho chu thla nei rangkachak tê, chaw chungah lêng ṭhin sa a ni.",Chaw chungah tho a lêng.,1,"word_chain,picture_match,spelling,word_search,tawng_upa,crossword,thumal_kawp,sentence_builder",🪰
word.thi,ṭhi,clothing,TQ1,draft,pending,pending,Source: Kumtluang Class I (SCERT Mizoram).,beads / necklace,Ṭhi chu ngawnga awrh chi hmanrua a ni.,Nu chuan ṭhi tha tak a bun.,1,"word_chain,picture_match,spelling,word_search,tawng_upa,crossword,thumal_kawp,sentence_builder",📿
word.ui,ui,animals,TQ1,draft,pending,pending,Source: Kumtluang Class I (SCERT Mizoram).,dog,"Ui chu in-ah kan vulh ran, mi rinawm a ni.",Kan ui chuan ei a ngaih hian a bauh ṭhin.,1,"word_chain,picture_match,spelling,word_search,tawng_upa,crossword,thumal_kawp",🐕
word.vawk,vawk,animals,TQ1,draft,pending,pending,Source: Kumtluang Class I (SCERT Mizoram).,pig,"Vawk chu in-ah kan vulh ran, a rawn pu a ni.",Kan vawk chu a lian hle.,1,"word_chain,picture_match,spelling,word_search,tawng_upa,crossword,thumal_kawp,sentence_builder",🐖
word.zawng,zawng,animals,TQ1,draft,pending,pending,Source: Kumtluang Class I (SCERT Mizoram).,monkey,Zawng chu thingah kai thiam ran a ni.,Zawng chu ramhnuaiah kan hmu ṭhin.,1,"word_chain,picture_match,spelling,word_search,tawng_upa,crossword,thumal_kawp,sentence_builder",🐒
word.sen,sen,colors,TQ1,draft,pending,pending,Source: Kumtluang Class I (SCERT Mizoram).,red,Sen chu thisen ang rawng a ni.,Ka puan chu a sen.,1,"word_chain,picture_match,spelling,word_search,tawng_upa,crossword,thumal_kawp,sentence_builder",🔴
word.hring,hring,colors,TQ1,draft,pending,pending,Source: Kumtluang Class I (SCERT Mizoram).,green,Hring chu thlai hlim ang rawng a ni.,Thing hnah chu a hring.,1,"word_chain,picture_match,spelling,word_search,tawng_upa,crossword,thumal_kawp,sentence_builder",🟢
word.pawl,pawl,colors,TQ1,draft,pending,pending,VERIFY: Gloss inferred from a blue mug's picture caption in a colour-naming exercise; not cross-checked against a dictionary. Source: Kumtluang Class I (SCERT Mizoram).,blue,Pawl chu van dâwn ang rawng a ni.,Van chu a pawl.,1,"word_chain,spelling,word_search,tawng_upa,crossword,sentence_builder",
word.eng,eng,colors,TQ1,draft,pending,pending,"VERIFY: Gloss inferred from a yellow pumpkin's picture caption in a colour-naming exercise; 'eng' also has other common meanings (e.g. 'what'), so this reading is not fully certain. Source: Kumtluang Class I (SCERT Mizoram).",yellow,Eng chu ni ang rawng a ni.,Mâi chu a eng.,1,"word_chain,spelling,word_search,tawng_upa,crossword,sentence_builder",
word.nu,nu,family,TQ1,draft,pending,pending,Source: Kumtluang Class I (SCERT Mizoram).,mother,Nu chu naupang nei tu hmeichhia a ni.,Ka nu chu a ṭha hle.,1,"word_chain,picture_match,spelling,word_search,tawng_upa,crossword,thumal_kawp,sentence_builder",👩
word.pa,pa,family,TQ1,draft,pending,pending,Source: Kumtluang Class I (SCERT Mizoram).,father,Pa chu naupang nei tu mipa a ni.,Ka pa chuan rawngbawlnaah a kal ṭhin.,1,"word_chain,picture_match,spelling,word_search,tawng_upa,crossword,thumal_kawp,sentence_builder",👨
word.pi,pi,family,TQ1,draft,pending,pending,Source: Kumtluang Class I (SCERT Mizoram).,grandmother,Pi chu nu emaw pa nu a ni.,Ka pi chuan thawnthu min hrilh ṭhin.,1,"word_chain,picture_match,spelling,word_search,tawng_upa,crossword,thumal_kawp,sentence_builder",👵
word.pu,pu,family,TQ1,draft,pending,pending,Source: Kumtluang Class I (SCERT Mizoram).,grandfather,Pu chu nu emaw pa pa a ni.,Ka pu chu mi ṭha tak a ni.,1,"word_chain,picture_match,spelling,word_search,tawng_upa,crossword,thumal_kawp,sentence_builder",👴
word.zirtirtu,zirtirtu,school,TQ1,draft,pending,pending,Source: Kumtluang Class I (SCERT Mizoram).,teacher,Zirtirtu chu sikulah min zirtir tu a ni.,Kan zirtirtu chuan min hmangaih hle.,1,"word_chain,picture_match,spelling,word_search,tawng_upa,crossword,thumal_kawp,sentence_builder",👩‍🏫
word.naupang,naupang,family,TQ1,draft,pending,pending,Source: Kumtluang Class I (SCERT Mizoram).,child,Naupang chu kum tlêm tak mi a ni.,Naupangte chuan an inkawm ṭhin.,1,"word_chain,picture_match,spelling,word_search,tawng_upa,crossword,thumal_kawp,sentence_builder",🧒
word.thian,thian,family,TQ1,draft,pending,pending,Source: Kumtluang Class I (SCERT Mizoram).,friend,"Thian chu kan inngaih tu, kan inkawm chhungpui a ni.",Ka thian nen kan inkawm ṭhin.,1,"word_chain,picture_match,spelling,word_search,tawng_upa,crossword,thumal_kawp,sentence_builder",🧑‍🤝‍🧑
word.unau,unau,family,TQ1,draft,pending,pending,Source: Kumtluang Class I (SCERT Mizoram).,sibling(s),Unau chu nu leh pa fanu/fapa inpumkhat a ni.,Kan unau chuan kan inngaih.,1,"word_chain,picture_match,spelling,word_search,tawng_upa,crossword,thumal_kawp,sentence_builder",👫
word.beng,beng,body,TQ1,draft,pending,pending,Source: Kumtluang Class I (SCERT Mizoram).,ear,Beng chu thil aw hriatna taksa chhiah a ni.,Ka beng chuan a aw ka hria.,1,"word_chain,picture_match,spelling,word_search,tawng_upa,crossword,thumal_kawp,sentence_builder",👂
word.hmai,hmai,body,TQ1,draft,pending,pending,Source: Kumtluang Class I (SCERT Mizoram).,face,Hmai chu lu hmaah awm taksa chhiah a ni.,Zîng tinin ka hmai ka phih ṭhin.,1,"word_chain,picture_match,spelling,word_search,tawng_upa,crossword,thumal_kawp,sentence_builder",
word.ka,kâ,body,TQ1,draft,pending,pending,Source: Kumtluang Class I (SCERT Mizoram).,mouth,Kâ chu thil ei leh thu sawina taksa chhiah a ni.,Ka kâ hmangin thu ka sawi.,1,"word_chain,picture_match,spelling,word_search,tawng_upa,crossword,thumal_kawp,sentence_builder",👄
word.lu,lu,body,TQ1,draft,pending,pending,Source: Kumtluang Class I (SCERT Mizoram).,head,Lu chu taksa chunglam ber a ni.,Ka lu chungah lu-em ka bun.,1,"word_chain,picture_match,spelling,word_search,tawng_upa,crossword,thumal_kawp,sentence_builder",
word.ke,kê,body,TQ1,draft,pending,pending,Source: Kumtluang Class I (SCERT Mizoram).,foot / leg,Kê chu kal nân hman taksa chhiah a ni.,Ka kê hmangin ka tlân ṭhin.,1,"word_chain,picture_match,spelling,word_search,tawng_upa,crossword,thumal_kawp,sentence_builder",🦶
word.taksa,taksa,body,TQ1,draft,pending,pending,Source: Kumtluang Class I (SCERT Mizoram).,body,Taksa chu mi pum huap a ni.,Taksa dam tûr chuan ei ṭha kan tul.,1,"word_chain,picture_match,spelling,word_search,tawng_upa,crossword,thumal_kawp,sentence_builder",
word.kut,kut,body,TQ1,draft,pending,pending,Source: Kumtluang Class I (SCERT Mizoram).,hand,Kut chu thil man leh siamna taksa chhiah a ni.,Ei hmasain kut kan sil ṭhin.,1,"word_chain,picture_match,spelling,word_search,tawng_upa,crossword,thumal_kawp,sentence_builder",✋
word.sam,sam,body,TQ1,draft,pending,pending,Source: Kumtluang Class I (SCERT Mizoram).,hair,Sam chu lu chunga poh chhiah a ni.,Ka sam ka khuih tir ṭhin.,1,"word_chain,picture_match,spelling,word_search,tawng_upa,crossword,thumal_kawp,sentence_builder",
word.bawng,bâwng,animals,TQ1,draft,pending,pending,Source: Kumtluang Class I (SCERT Mizoram).,cow,Bâwng chu lo-ah rawngbawl nân hman ran vulh a ni.,Kan bâwng chuan hlo a ei ṭhin.,1,"word_chain,picture_match,spelling,word_search,tawng_upa,crossword,thumal_kawp,sentence_builder",🐄
word.arte,arte,animals,TQ1,draft,pending,pending,Source: Kumtluang Class I (SCERT Mizoram).,chick (baby chicken),Arte chu âr fanu tê tê a ni.,"Arte an tê hle a, an duai êm êm.",1,"word_chain,picture_match,spelling,word_search,tawng_upa,crossword,thumal_kawp,sentence_builder",🐥
word.sazu,sazu,animals,TQ1,draft,pending,pending,Source: Kumtluang Class I (SCERT Mizoram).,cat,"Sazu chu in-ah kan vulh ran, changkang tûm thiam a ni.",Kan sazu chuan zanah a ngiau ṭhin.,1,"word_chain,picture_match,spelling,word_search,tawng_upa,crossword,thumal_kawp,sentence_builder",🐈
word.zawhte,zawhte,animals,TQ1,draft,pending,pending,Source: Kumtluang Class I (SCERT Mizoram).,duckling / young duck,"Zawhte chu vatâwk fa, tui chhûnga rawn thiam a ni.",Zawhte chu tuikamah kan hmu.,1,"word_chain,picture_match,spelling,word_search,tawng_upa,crossword,thumal_kawp,sentence_builder",🐤
word.vatawk,vatâwk,animals,TQ1,draft,pending,pending,Source: Kumtluang Class I (SCERT Mizoram).,duck,Vatâwk chu tui chhûnga rawn thei sava vulh a ni.,Kan vatâwk chuan tuipuiah a rawn ṭhin.,1,"word_chain,picture_match,spelling,word_search,tawng_upa,crossword,thumal_kawp,sentence_builder",🦆
word.sava,sava,animals,TQ1,draft,pending,pending,Source: Kumtluang Class I (SCERT Mizoram).,bird,"Sava chu thla nei, van-a lêng thei ran a ni.",Sava tê tê chu thingah kan hmu ṭhin.,1,"word_chain,picture_match,spelling,word_search,tawng_upa,crossword,thumal_kawp,sentence_builder",🐦
word.savawm,savawm,animals,TQ1,draft,pending,pending,Source: Kumtluang Class I (SCERT Mizoram).,bear,"Savawm chu ram lian, mul tam tak nei ran a ni.",Savawm chu ramhnuaiah an awm ṭhin.,1,"word_chain,picture_match,spelling,word_search,tawng_upa,crossword,thumal_kawp,sentence_builder",🐻
word.sakei,sakei,animals,TQ1,draft,pending,pending,Source: Kumtluang Class I (SCERT Mizoram).,tiger,"Sakei chu ran hrang, a rin tak leh a chak tak a ni.",Sakei chu ramah an hmu hle lo.,1,"word_chain,picture_match,spelling,word_search,tawng_upa,crossword,thumal_kawp,sentence_builder",🐅
word.khuai,khuai,animals,TQ1,draft,pending,pending,Source: Kumtluang Class I (SCERT Mizoram).,bee,"Khuai chu pangpar chhunga tui bit tu, thla nei rangkachak a ni.",Khuai chuan pangparah tui an bit ṭhin.,1,"word_chain,picture_match,spelling,word_search,tawng_upa,crossword,thumal_kawp,sentence_builder",🐝
word.kaikuang,kaikuang,animals,TQ1,draft,pending,pending,Source: Kumtluang Class I (SCERT Mizoram).,wild boar,"Kaikuang chu ramah awm ran hrang, vawk ang mêl nei a ni.",Kaikuang chu ramhnuaiah kan hmu ṭhin.,1,"word_chain,picture_match,spelling,word_search,tawng_upa,crossword,thumal_kawp,sentence_builder",🐗
word.thei,thei,food,TQ1,draft,pending,pending,Source: Kumtluang Class I (SCERT Mizoram).,fruit,"Thei chu thing rah, ei theih tak a ni.",Thing kungah thei tam takin an awm.,1,"word_chain,picture_match,spelling,word_search,tawng_upa,crossword,thumal_kawp,sentence_builder",🍎
word.rah,rah,food,TQ1,draft,pending,pending,Source: Kumtluang Class I (SCERT Mizoram).,fruit / produce,Rah chu thing atanga chhuah ei theih thil a ni.,Kum tin thei rah kan lo ṭhin.,1,"word_chain,spelling,word_search,tawng_upa,crossword,sentence_builder",
word.ser,ser,food,TQ1,draft,pending,pending,Source: Kumtluang Class I (SCERT Mizoram).,orange,Ser chu a tui leh a chhia thlai rah a ni.,Ser chu ka ei duh hle.,1,"word_chain,picture_match,spelling,word_search,tawng_upa,crossword,thumal_kawp,sentence_builder",🍊
word.bawkbawn,bawkbawn,food,TQ1,draft,pending,pending,Source: Kumtluang Class I (SCERT Mizoram).,brinjal / eggplant,Bawkbawn chu a lian eng lo thlai a ni.,Nu chuan bawkbawn a chhum.,1,"word_chain,picture_match,spelling,word_search,tawng_upa,crossword,thumal_kawp,sentence_builder",🍆
word.theihai,theihai,food,TQ1,draft,pending,pending,Source: Kumtluang Class I (SCERT Mizoram).,mango,Theihai chu a tui leh a mawi thlai rah a ni.,Theihai chu kum tin an rah ṭhin.,1,"word_chain,picture_match,spelling,word_search,tawng_upa,crossword,thumal_kawp,sentence_builder",🥭
word.sa,sa,food,TQ1,draft,pending,pending,Source: Kumtluang Class I (SCERT Mizoram).,meat,Sa chu ran atanga chhuah ei tûr thil a ni.,Ni tin sa kan ei thin lo.,1,"word_chain,picture_match,spelling,word_search,tawng_upa,crossword,thumal_kawp,sentence_builder",🍖
word.thing,thing,plants,TQ1,draft,pending,pending,Source: Kumtluang Class I (SCERT Mizoram).,tree,Thing chu ram/huan-a kâng thil sang tak a ni.,Kan in hnuaiah thing kung a awm.,1,"word_chain,picture_match,spelling,word_search,tawng_upa,crossword,thumal_kawp,sentence_builder",🌳
word.hnah,hnah,plants,TQ1,draft,pending,pending,Source: Kumtluang Class I (SCERT Mizoram).,leaf,"Hnah chu thing pahnah, hring rawng a ni.",Thing hnah chu phâwl inah an tla ṭhin.,1,"word_chain,picture_match,spelling,word_search,tawng_upa,crossword,thumal_kawp,sentence_builder",🍃
word.par,par,plants,TQ1,draft,pending,pending,Source: Kumtluang Class I (SCERT Mizoram).,flower / blossom,Par chu thing/pangpar-ah mawi taka chhuak thil a ni.,Thing chuan par a chhuah.,1,"word_chain,picture_match,spelling,word_search,tawng_upa,crossword,thumal_kawp,sentence_builder",🌸
word.pangpar,pangpar,plants,TQ1,draft,pending,pending,Source: Kumtluang Class I (SCERT Mizoram).,flower,Pangpar chu huan-a lo thlai mawi tak a ni.,Nu chuan pangpar a phun.,1,"word_chain,picture_match,spelling,word_search,tawng_upa,crossword,thumal_kawp,sentence_builder",🌺
word.mu,mu,plants,TQ1,draft,pending,pending,Source: Kumtluang Class I (SCERT Mizoram).,seed,"Mu chu thing/thlai chhuahna, phun theih tak a ni.",Mu kan phun chuan a lo pawt ṭhin.,1,"word_chain,spelling,word_search,tawng_upa,crossword,sentence_builder",
word.nghawng,nghâwng,plants,TQ1,draft,pending,pending,VERIFY: Gloss inferred from a dialogue line where a flower character says its 'nghâwng' hurts; recommend a fluent-speaker check. Source: Kumtluang Class I (SCERT Mizoram).,root (of a plant),Nghâwng chu thing/pangpar hnuaia lei chhûnga zung a ni.,Thing nghâwng chu lei hnuaiah a awm.,1,"word_chain,spelling,word_search,tawng_upa,crossword,sentence_builder",
word.thla,thla,nature,TQ1,draft,pending,pending,Source: Kumtluang Class I (SCERT Mizoram).,moon,Thla chu zanah van-a eng chhuahtu a ni.,Zanah thla a chhuak hlim.,1,"word_chain,picture_match,spelling,word_search,tawng_upa,crossword,thumal_kawp,sentence_builder",🌙
word.arsi,arsi,nature,TQ1,draft,pending,pending,Source: Kumtluang Class I (SCERT Mizoram).,star,Arsi chu zanah van-a eng lai tê tê a ni.,Zanah arsi kan en ṭhin.,1,"word_chain,picture_match,spelling,word_search,tawng_upa,crossword,thumal_kawp,sentence_builder",⭐
word.chhum,chhûm,nature,TQ1,draft,pending,pending,Source: Kumtluang Class I (SCERT Mizoram).,cloud,"Chhûm chu van-a awm, vur ang thil a ni.",Chhûm chu van chunga a lêng ṭhin.,1,"word_chain,picture_match,spelling,word_search,tawng_upa,crossword,thumal_kawp,sentence_builder",☁️
word.ruah,ruah,nature,TQ1,draft,pending,pending,Source: Kumtluang Class I (SCERT Mizoram).,rain,Ruah chu chunglam ata tla tui a ni.,Ruah a sûr chuan kan lâk lo ṭhin.,1,"word_chain,picture_match,spelling,word_search,tawng_upa,crossword,thumal_kawp,sentence_builder",🌧️
word.dai,dai,nature,TQ1,draft,pending,pending,"VERIFY: Gloss (lightning, as distinct from thunder) inferred from context in a short sky-themed word list; not cross-checked against a dictionary. Source: Kumtluang Class I (SCERT Mizoram).",lightning,Dai chu ruah lai vâna eng lêk lêk a ni.,Dai a lêk chuan ka ṭih ṭhin.,1,"word_chain,spelling,word_search,tawng_upa,crossword,sentence_builder",⚡
word.tui,tui,nature,TQ1,draft,pending,pending,Source: Kumtluang Class I (SCERT Mizoram).,water,Tui chu kan dawn leh kan hman theih thil chhia lo a ni.,Zîng tinin tui ka dawn ṭhin.,1,"word_chain,picture_match,spelling,word_search,tawng_upa,crossword,thumal_kawp,sentence_builder",💧
word.lo,lo,nature,TQ1,draft,pending,pending,Source: Kumtluang Class I (SCERT Mizoram).,wet-rice field,Lo chu buh phun nân hman leilung a ni.,Kan pa chuan lovah a kal ṭhin.,1,"word_chain,picture_match,spelling,word_search,tawng_upa,crossword,thumal_kawp,sentence_builder",🌾
word.ran,ran,animals,TQ1,draft,pending,pending,Source: Kumtluang Class I (SCERT Mizoram).,animal,"Ran chu nung thei thil, mihring ni lo a ni.",Kan in-ah ran tam tak kan vulh.,1,"word_chain,spelling,word_search,tawng_upa,crossword,sentence_builder",
word.huan,huan,nature,TQ1,draft,pending,pending,Source: Kumtluang Class I (SCERT Mizoram).,garden,Huan chu pangpar leh thlai phun huna hman hmun a ni.,Nu-in huan chhûngah pangpar a phun.,1,"word_chain,picture_match,spelling,word_search,tawng_upa,crossword,thumal_kawp,sentence_builder",
word.ram,ram,nature,TQ1,draft,pending,pending,Source: Kumtluang Class I (SCERT Mizoram).,land / forest,"Ram chu hmun zau tak, thing leh ran awmna a ni.",Ramah thing tam takin an awm.,1,"word_chain,picture_match,spelling,word_search,tawng_upa,crossword,thumal_kawp,sentence_builder",🌲
word.zamna,zâmna,nature,TQ1,draft,pending,pending,Source: Kumtluang Class I (SCERT Mizoram).,nest,Zâmna chu sava chenna leh mahni siam hmun a ni.,Sava chuan thingah zâmna a siam.,1,"word_chain,spelling,word_search,tawng_upa,crossword,sentence_builder",
word.puk,pûk,objects,TQ1,draft,pending,pending,Source: Kumtluang Class I (SCERT Mizoram).,cooking pot,Pûk chu chaw bawlnân hman hmanrua a ni.,Nu chuan pûkah chaw a bawl.,1,"word_chain,picture_match,spelling,word_search,tawng_upa,crossword,thumal_kawp,sentence_builder",🍲
word.khat,khat,numbers,TQ1,draft,pending,pending,Source: Kumtluang Class I (SCERT Mizoram).,one,Khat chu number hmasa ber a ni.,Puan khat ka nei.,1,"word_chain,picture_match,spelling,word_search,tawng_upa,crossword,thumal_kawp,sentence_builder",1️⃣
word.pahnih,pahnih,numbers,TQ1,draft,pending,pending,Source: Kumtluang Class I (SCERT Mizoram).,two,Pahnih chu khat leh khat kop chhuah number a ni.,Naupang pahnih ka hmu.,1,"word_chain,picture_match,spelling,word_search,tawng_upa,crossword,thumal_kawp,sentence_builder",2️⃣
word.mawi,mawi,adjectives,TQ1,draft,pending,pending,Source: Kumtluang Class I (SCERT Mizoram).,pretty / beautiful,Mawi chu en nuam tak tih na thu a ni.,He pangpar hi a mawi.,1,"word_chain,spelling,word_search,tawng_upa,crossword,sentence_builder",
word.tha,tha,adjectives,TQ1,draft,pending,pending,Source: Kumtluang Class I (SCERT Mizoram).,good,"Tha chu ṭha tak, dik tak tih na thu a ni.",He thil hi a tha.,1,"word_chain,spelling,word_search,tawng_upa,crossword,sentence_builder",
word.lian,lian,adjectives,TQ1,draft,pending,pending,Source: Kumtluang Class I (SCERT Mizoram).,big,Lian chu a zau/a lian tih na thu a ni.,Sai chu ran lian a ni.,1,"word_chain,spelling,word_search,tawng_upa,crossword,sentence_builder",
word.dam,dam,adjectives,TQ1,draft,pending,pending,Source: Kumtluang Class I (SCERT Mizoram).,healthy / well,"Dam chu na lo, ṭha tak tih na thu a ni.",I dam em?,1,"word_chain,spelling,word_search,tawng_upa,crossword,sentence_builder",
word.na,na,adjectives,TQ1,draft,pending,pending,Source: Kumtluang Class I (SCERT Mizoram).,painful / hurting,"Na chu a tih hlum, natna awm tih na thu a ni.",Ka lu a na.,1,"word_chain,spelling,word_search,tawng_upa,crossword,sentence_builder",
word.ei,ei,verbs,TQ1,draft,pending,pending,Source: Kumtluang Class I (SCERT Mizoram).,to eat,Ei chu chaw leh thil ei tih na thu a ni.,Ni tin chaw kan ei ṭhin.,1,"word_chain,picture_match,spelling,word_search,tawng_upa,crossword,thumal_kawp,sentence_builder",🍽️
word.en,en,verbs,TQ1,draft,pending,pending,Source: Kumtluang Class I (SCERT Mizoram).,to look / watch,En chu mit hmangin thil hmuh tih a ni.,Zirtirtu ka en.,1,"word_chain,spelling,word_search,tawng_upa,crossword,sentence_builder",
word.kal,kal,verbs,TQ1,draft,pending,pending,Source: Kumtluang Class I (SCERT Mizoram).,to go / walk,Kal chu hmun danga pan tih a ni.,Sikulah ka kal ṭhin.,1,"word_chain,picture_match,spelling,word_search,tawng_upa,crossword,thumal_kawp,sentence_builder",
word.mut,mut,verbs,TQ1,draft,pending,pending,Source: Kumtluang Class I (SCERT Mizoram).,to sleep,Mut chu zanah inhawi tih a ni.,Zanah ka mut ṭhin.,1,"word_chain,picture_match,spelling,word_search,tawng_upa,crossword,thumal_kawp,sentence_builder",😴
word.zir,zir,school,TQ1,draft,pending,pending,Source: Kumtluang Class I (SCERT Mizoram).,to study / learn,Zir chu thu leh hla zir tih a ni.,Sikulah lekhabu kan zir.,1,"word_chain,picture_match,spelling,word_search,tawng_upa,crossword,thumal_kawp,sentence_builder",
word.sil,sil,verbs,TQ1,draft,pending,pending,Source: Kumtluang Class I (SCERT Mizoram).,to wash,Sil chu tuiin fai taka siam tih a ni.,Ei hmasain kut kan sil ṭhin.,1,"word_chain,picture_match,spelling,word_search,tawng_upa,crossword,thumal_kawp,sentence_builder",
word.phih,phih,verbs,TQ1,draft,pending,pending,Source: Kumtluang Class I (SCERT Mizoram).,to comb (hair),Phih chu sam ṭha taka siam tih a ni.,Zîng tinin sam ka phih ṭhin.,1,"word_chain,picture_match,spelling,word_search,tawng_upa,crossword,thumal_kawp,sentence_builder",
word.khuih,khuih,verbs,TQ1,draft,pending,pending,Source: Kumtluang Class I (SCERT Mizoram).,to cut / trim (hair),Khuih chu sam tan tih a ni.,Ka sam ka khuih tir ṭhin.,1,"word_chain,picture_match,spelling,word_search,tawng_upa,crossword,thumal_kawp,sentence_builder",
word.phiat,phiat,verbs,TQ1,draft,pending,pending,Source: Kumtluang Class I (SCERT Mizoram).,to sweep,Phiat chu hmun fai taka siam tih a ni.,Naupangin in a phiat ṭhin.,1,"word_chain,picture_match,spelling,word_search,tawng_upa,crossword,thumal_kawp,sentence_builder",
word.su,su,verbs,TQ1,draft,pending,pending,Source: Kumtluang Class I (SCERT Mizoram).,to wash (clothes),Su chu puan tuiin siam tih a ni.,Nu chuan puan a su ṭhin.,1,"word_chain,picture_match,spelling,word_search,tawng_upa,crossword,thumal_kawp,sentence_builder",
word.nawt,nawt,verbs,TQ1,draft,pending,pending,Source: Kumtluang Class I (SCERT Mizoram).,to brush (teeth),Nawt chu hâ fai taka siam tih a ni.,Zîng tinin hâ ka nawt ṭhin.,1,"word_chain,picture_match,spelling,word_search,tawng_upa,crossword,thumal_kawp,sentence_builder",🪥
word.lawm,lawm,verbs,TQ1,draft,pending,pending,Source: Kumtluang Class I (SCERT Mizoram).,to thank / be glad,Lawm chu lawmthu sawi emaw hlim tih a ni.,Thilpêk avangin ka lawm.,1,"word_chain,spelling,word_search,tawng_upa,crossword,sentence_builder",
word.hlim,hlim,adjectives,TQ1,draft,pending,pending,Source: Kumtluang Class I (SCERT Mizoram).,happy,Hlim chu lungawi tak awm tih na thu a ni.,Kan inkawm chuan kan hlim.,1,"word_chain,picture_match,spelling,word_search,tawng_upa,crossword,thumal_kawp,sentence_builder",😊
word.chhiar,chhiar,school,TQ1,draft,pending,pending,Source: Kumtluang Class I (SCERT Mizoram).,to read,Chhiar chu lekhabu enin thu hriat tih a ni.,Lekhabu ka chhiar ṭhin.,1,"word_chain,picture_match,spelling,word_search,tawng_upa,crossword,thumal_kawp,sentence_builder",📖
word.ziak,ziak,school,TQ1,draft,pending,pending,Source: Kumtluang Class I (SCERT Mizoram).,to write,Ziak chu pen hmangin lehkha siam tih a ni.,Zirlaiah ka ziak ṭhin.,1,"word_chain,picture_match,spelling,word_search,tawng_upa,crossword,thumal_kawp,sentence_builder",✏️
word.zai,zai,verbs,TQ1,draft,pending,pending,Source: Kumtluang Class I (SCERT Mizoram).,to sing,Zai chu hla sak tih a ni.,Zirlaiah hla kan zai ṭhin.,1,"word_chain,picture_match,spelling,word_search,tawng_upa,crossword,thumal_kawp,sentence_builder",🎤
word.lam,lâm,verbs,TQ1,draft,pending,pending,Source: Kumtluang Class I (SCERT Mizoram).,to dance,Lâm chu ke leh kut hmangin hla lam tih a ni.,Zirtirin naupangte an lâm tir ṭhin.,1,"word_chain,picture_match,spelling,word_search,tawng_upa,crossword,thumal_kawp,sentence_builder",💃
word.duh,duh,verbs,TQ1,draft,pending,pending,Source: Kumtluang Class I (SCERT Mizoram).,to want / like,Duh chu thil khat tumin ngainat tih a ni.,Sava ka duh.,1,"word_chain,spelling,word_search,tawng_upa,crossword,sentence_builder",
word.hmuh,hmuh,verbs,TQ1,draft,pending,pending,Source: Kumtluang Class I (SCERT Mizoram).,to see,Hmuh chu mitin thil en tih a ni.,Arsi ka hmu.,1,"word_chain,spelling,word_search,tawng_upa,crossword,sentence_builder",
word.man,man,verbs,TQ1,draft,pending,pending,Source: Kumtluang Class I (SCERT Mizoram).,to catch / grab,Man chu thil khat kutin man tih a ni.,Bawm chu ka man.,1,"word_chain,spelling,word_search,tawng_upa,crossword,sentence_builder",
word.hram,hram,verbs,TQ1,draft,pending,pending,Source: Kumtluang Class I (SCERT Mizoram).,to bark (dog),Hram chu ui aw tih a ni.,Ui chuan mikhual a hmuh chuan a hram ṭhin.,1,"word_chain,picture_match,spelling,word_search,tawng_upa,crossword,thumal_kawp,sentence_builder",
word.au,au,verbs,TQ1,draft,pending,pending,Source: Kumtluang Class I (SCERT Mizoram).,to call / cry out,Au chu aw ring taka koh tih a ni.,Âr chuan zîngah a au ṭhin.,1,"word_chain,spelling,word_search,tawng_upa,crossword,sentence_builder",
word.kit,kit,verbs,TQ1,draft,pending,pending,Source: Kumtluang Class I (SCERT Mizoram).,to climb,Kit chu thing emaw tlângah chho tih a ni.,Zawng chuan thing a kit thiam.,1,"word_chain,picture_match,spelling,word_search,tawng_upa,crossword,thumal_kawp,sentence_builder",
word.lut,lut,verbs,TQ1,draft,pending,pending,Source: Kumtluang Class I (SCERT Mizoram).,to enter,Lut chu a chhûngah luh tih a ni.,Inah ka lut.,1,"word_chain,spelling,word_search,tawng_upa,crossword,sentence_builder",
word.chil,chîl,verbs,TQ1,draft,pending,pending,Source: Kumtluang Class I (SCERT Mizoram).,to peck,"Chîl chu kâ hmangin vek tih, sava tih dân a ni.",Âr chuan buh a chîl.,1,"word_chain,picture_match,spelling,word_search,tawng_upa,crossword,thumal_kawp,sentence_builder",
word.rai,rai,verbs,TQ1,draft,pending,pending,Source: Kumtluang Class I (SCERT Mizoram).,to rot / decay,"Rai chu a chhe a, a ṭha lo lam a pan tih a ni.",Thei rah hi a rai tawh.,1,"word_chain,picture_match,spelling,word_search,tawng_upa,crossword,thumal_kawp,sentence_builder",
word.hawlh,hawlh,verbs,TQ1,draft,pending,pending,Source: Kumtluang Class I (SCERT Mizoram).,to saw / cut (wood),Hawlh chu hmanrua hmangin tan tih a ni.,Thing chu kan hawlh.,1,"word_chain,picture_match,spelling,word_search,tawng_upa,crossword,thumal_kawp,sentence_builder",
word.thlak,thlâk,verbs,TQ1,draft,pending,pending,Source: Kumtluang Class I (SCERT Mizoram).,to hook / catch (fish),Thlâk chu tuia rual hmangin sa man tih a ni.,Tuipuiah sangha kan thlâk ṭhin.,1,"word_chain,picture_match,spelling,word_search,tawng_upa,crossword,thumal_kawp,sentence_builder",🎣
word.grep,grep,food,K1,draft,pending,pending,Source: Kumtluang Class I (SCERT Mizoram).,grape,"Grep chu thei pawi te a ni, a rah nena ei theih, a dum emaw a sen thin.",Ka nu chuan grep tha tak min lei sak a.,1,"picture_match,spelling,word_search,tawng_upa,crossword,thumal_kawp",🍇
word.jam,jam,food,K1,draft,pending,pending,Source: Kumtluang Class I (SCERT Mizoram).,jam,"Jam chu thei rah siam, chhum tak a nih avangin puan chunga ei thin.",Chhang chunga jam ka fai thin.,1,"picture_match,spelling,word_search,tawng_upa,crossword,thumal_kawp,sentence_builder",
word.haw,haw,verbs,K1,draft,pending,pending,Source: Kumtluang Class I (SCERT Mizoram).,"to return, go back",Haw tih chu hmun tirh lam kal leh tihna a ni.,Sikul aṭangin in lamah ka haw ṭhin.,1,"word_chain,spelling,word_search,tawng_upa,crossword,sentence_builder",
word.ral,ral,community,K1,draft,pending,pending,"Source: Kumtluang Class I (SCERT Mizoram). VERIFY spelling-variant: also found as class1:word.ral='ral'(K1), class3:word.ral2='râl'(K3), class4:word.ral='râl'(K4) — confirm distinct words or same word/typo.","enemy, war",Ral chu mi doral emaw indona a ni.,"Ral an lo awm lo va, muanna kan nei.",1,"word_chain,spelling,word_search,tawng_upa,crossword,sentence_builder",⚔️
word.lam-3,lam,nature,K1,draft,pending,pending,Source: Kumtluang Class I (SCERT Mizoram). VERIFY possible duplicate: diacritic-variant of existing word 'lâm' already in corpus — confirm same word or distinct before import.,"direction, side",Lam chu kawng emaw hmun pakhat ka pan zawh a ni.,Tlang lam ah chuan thing tam tak a awm.,1,"word_chain,spelling,word_search,tawng_upa,crossword,sentence_builder",
word.thuai,thuai,verbs,K1,draft,pending,pending,Source: Kumtluang Class I (SCERT Mizoram).,"to hoe, till the soil",Thuai tih chu lei emaw huan siam tura hmalakna a ni.,Ka pa chuan huan a thuai ṭhin.,1,"word_chain,spelling,word_search,tawng_upa,crossword,sentence_builder",
word.der,der,sounds,K1,draft,pending,pending,"Source: Kumtluang Class I (SCERT Mizoram). VERIFY: exact standalone meaning uncertain, appears as an onomatopoeic root (""dêr dêr"") in the book's poem describing wing-flapping — include with caution.",flapping/fluttering sound,Der chu ang emaw thil ṭheuh a lâwk chhuah aia awi ri a ni.,"Ar chuan a hnaih a phawk a, der der a ti.",1,"word_chain,spelling,word_search,tawng_upa,crossword",
word.zuk,zuk,verbs,K1,draft,pending,pending,Source: Kumtluang Class I (SCERT Mizoram). VERIFY: exact nuance of this adverb is uncertain from limited context; gloss is a best estimate.,"continuously, on and on",Zuk tih chu a tawp lo va zui zel tihna a ni.,Naupang chu a zuk ṭap a.,1,"word_chain,spelling,word_search,tawng_upa,crossword,sentence_builder",
word.peng,pêng,nature,K1,draft,pending,pending,"Source: Kumtluang Class I (SCERT Mizoram). VERIFY spelling-variant: also found as class1:word.peng='pêng'(K1), class3:word.peng='peng'(K3) — confirm distinct words or same word/typo.","side, edge",Peng chu thil pakhat kawng emaw a bial lam a ni.,Lawng pêng ah kan lo ṭhu a.,1,"word_chain,spelling,word_search,tawng_upa,crossword,sentence_builder",
word.tap,ṭap,verbs,K1,draft,pending,pending,"Source: Kumtluang Class I (SCERT Mizoram). VERIFY spelling-variant: also found as class1:word.tap='ṭap'(K1), class3:word.tap='tap'(K3) — confirm distinct words or same word/typo.","to cry, weep",Ṭap tih chu mittui chhuahsak taka lungngaihna lantirna a ni.,Naupang tê chu a ṭap a.,1,"word_chain,spelling,word_search,tawng_upa,crossword,sentence_builder",😢
word.tala,tala,tools,K1,draft,pending,pending,Source: Kumtluang Class I (SCERT Mizoram).,padlock,"Tala chu kutchhuak siam, chhuahkhawn kalh nana hman thil a ni.",Thawhchhuah hmain kohhran kutkawng ka tala ṭhin.,1,"picture_match,spelling,word_search,tawng_upa,crossword,thumal_kawp,sentence_builder",🔒
word.nun,nun,nature,K1,draft,pending,pending,Source: Kumtluang Class I (SCERT Mizoram).,life,Nun chu mi emaw ran nunna a ni.,Nun hi mi zawng zawngin chan tur pawimawh tak a ni.,1,"word_chain,spelling,word_search,tawng_upa,crossword",
word.nui,nui,verbs,K1,draft,pending,pending,Source: Kumtluang Class I (SCERT Mizoram).,to smile,Nui tih chu hlim lantir nan hmui hmanga thawhna a ni.,Ka thiante chu min hmuh chuan a nui ṭhin.,1,"word_chain,spelling,word_search,tawng_upa,crossword,sentence_builder",😊
word.pho,pho,verbs,K1,draft,pending,pending,Source: Kumtluang Class I (SCERT Mizoram).,"to expose, reveal, uncover","Pho tih chu thu emaw thil ṭhupin awm lo va, hmuh theihna atana lantirna a ni.",A thiltih dik lohte chu an pho ta.,1,"word_chain,spelling,word_search,tawng_upa,crossword,sentence_builder",
word.rit,rit,adjectives,K1,draft,pending,pending,Source: Kumtluang Class I (SCERT Mizoram).,heavy,"Rit chu thil pakhat a rilṭam tak, phurh har tihna a ni.",He thawmhnawk hi a rit hle.,1,"word_chain,spelling,word_search,tawng_upa,crossword,sentence_builder",
word.lal,lal,community,K1,draft,pending,pending,"Source: Kumtluang Class I (SCERT Mizoram). VERIFY culture-sensitive: touches traditional Mizo chieftainship, route to human culture reviewer.","chief, king",Lal chu khua emaw ram pakhat rorel tu a ni.,Hmanlai khan Mizo khaw tinah an Lal an nei ṭhin.,1,"picture_match,spelling,word_search,tawng_upa,crossword,thumal_kawp",👑
word.nei,nei,verbs,K1,draft,pending,pending,Source: Kumtluang Class I (SCERT Mizoram).,"to have, own",Nei tih chu thil pakhat neitu nih tihna a ni.,Puan tha ka nei a.,1,"word_chain,spelling,word_search,tawng_upa,crossword,sentence_builder",
word.lak,lak,verbs,K1,draft,pending,pending,Source: Kumtluang Class I (SCERT Mizoram).,"to take, remove",Lak tih chu thil pakhat chhuah emaw pomna a ni.,Ka lekhabu chu ka lak a.,1,"word_chain,spelling,word_search,tawng_upa,crossword,sentence_builder",
word.bul,bul,nature,K1,draft,pending,pending,Source: Kumtluang Class I (SCERT Mizoram). VERIFY: standalone sense (base/stump vs origin) is uncertain from limited context.,"base, origin, stump","Bul chu thil emaw thing a hnuaipui, a tanna a ni.",Thingpui bul ah naupangte an ṭawi ṭhin.,1,"word_chain,spelling,word_search,tawng_upa,crossword,sentence_builder",
word.mak,mak,adjectives,K1,draft,pending,pending,Source: Kumtluang Class I (SCERT Mizoram).,"strange, amazing, marvellous","Mak tih chu thil hmuh ngai lo, mak thlak tak niin lantirna a ni.",Vânlai chu a mak hle.,1,"word_chain,spelling,word_search,tawng_upa,crossword,sentence_builder",
word.tak,tak,adjectives,K1,draft,pending,pending,Source: Kumtluang Class I (SCERT Mizoram).,"true, real","Tak tih chu dik tak, bumna awm lo tihna a ni.",A sawi hi thu tak a ni.,1,"word_chain,spelling,word_search,tawng_upa,crossword,sentence_builder",
word.thleng,thlêng,household,K1,draft,pending,pending,Source: Kumtluang Class I (SCERT Mizoram).,"plate, dish",Thlêng chu ei dawn atana hmanraw a ni.,Ei zawh chuan thlêng ka sil ṭhin.,1,"picture_match,spelling,word_search,tawng_upa,crossword,thumal_kawp,sentence_builder",🍽️
word.nawt-2,nâwt,verbs,K1,draft,pending,pending,Source: Kumtluang Class I (SCERT Mizoram). VERIFY: possible diacritic variant of an already-excluded form spelled without the circumflex. VERIFY possible duplicate: diacritic-variant of existing word 'nawt' already in corpus — confirm same word or distinct before import.,to brush (e.g. teeth),Nâwt tih chu hâ emaw thil pakhat fai taka silfai nan hnawtna a ni.,Zingkar leh zanah ka hâ ka nâwt ṭhin.,1,"word_chain,spelling,word_search,tawng_upa,crossword,sentence_builder",🪥
word.tin,tin,body parts,K1,draft,pending,pending,"Source: Kumtluang Class I (SCERT Mizoram). VERIFY spelling-variant: also found as class1:word.tin='tin'(K1), vartian:word.tin='Ṭin'(TQ0) — confirm distinct words or same word/typo.",palm of the hand,Tin chu kut a hnuaipui lam nem tak chu a ni.,Ka tin ah chuan pangpar rah ka pawm a.,1,"picture_match,spelling,word_search,tawng_upa,crossword,thumal_kawp,sentence_builder",✋
word.ainawn,ainâwn,nature,K1,draft,pending,pending,Source: Kumtluang Class I (SCERT Mizoram).,orchid,"Ainâwn chu pangpar par mawi tak, thing kungah pungin a par ṭhin a ni.",Kan huan ah ainâwn par a mawi hle.,1,"picture_match,spelling,word_search,tawng_upa,crossword,thumal_kawp,sentence_builder",🌸
word.buhhum,buhhûm,food,K1,draft,pending,pending,Source: Kumtluang Class I (SCERT Mizoram).,wheat,"Buhhûm chu buh chi pakhat, a chi zawmin bu siam theih a ni.",Kan huan ah buhhûm kan phun ṭhin.,1,"picture_match,spelling,word_search,tawng_upa,crossword,thumal_kawp,sentence_builder",🌾
word.tuh,tuh,verbs,K1,draft,pending,pending,Source: Kumtluang Class I (SCERT Mizoram).,"to plant, sow",Tuh tih chu chi emaw thing lei chhunga dahna a ni.,Ka pa chuan buh chi a tuh ṭhin.,1,"word_chain,spelling,word_search,tawng_upa,crossword,sentence_builder",🌱
word.to,ṭo,nature,K1,draft,pending,pending,Source: Kumtluang Class I (SCERT Mizoram). VERIFY: gloss inferred from limited narrative context (Little Red Hen story).,"to sprout, grow",Ṭo tih chu thing emaw chi a puitling nana a tan tihna a ni.,Kan phun chi hi zarah a ṭo tho.,1,"word_chain,spelling,word_search,tawng_upa,crossword,sentence_builder",
word.vui,vûi,nature,K1,draft,pending,pending,Source: Kumtluang Class I (SCERT Mizoram). VERIFY: gloss inferred from limited narrative context (Little Red Hen story).,"to ripen, head out (of grain)",Vûi tih chu buh emaw chi a puitling taka rah tan tihna a ni.,Kan huan buh chu a vûi ta.,1,"word_chain,spelling,word_search,tawng_upa,crossword,sentence_builder",
word.ngiau,ngiau,sounds,K1,draft,pending,pending,Source: Kumtluang Class I (SCERT Mizoram).,meow (a cat's cry),Ngiau chu zawhte au dan a ni.,"Ka zawhte chuan ""ngiau"" tiin min ko ṭhin.",1,"picture_match,spelling,word_search,tawng_upa,crossword,thumal_kawp,sentence_builder",🐱
word.tawk,tâwk,sounds,K1,draft,pending,pending,Source: Kumtluang Class I (SCERT Mizoram).,quack (a duck's cry),Tâwk chu vatâwk au dan a ni.,"Vatâwk chuan tui ah ""tâwk tâwk"" tiin a au.",1,"picture_match,spelling,word_search,tawng_upa,crossword,thumal_kawp,sentence_builder",🦆
word.bauh,bauh,sounds,K1,draft,pending,pending,Source: Kumtluang Class I (SCERT Mizoram).,bark (a dog's cry),Bauh chu ui au dan a ni.,Ka ui chuan mikhual a hmuh chuan a bauh ṭhin.,1,"picture_match,spelling,word_search,tawng_upa,crossword,thumal_kawp",🐶
word.deng,deng,verbs,K1,draft,pending,pending,Source: Kumtluang Class I (SCERT Mizoram).,"to grind, mill",Deng tih chu buh emaw chi pheh a hniam taka siam nan dilhna a ni.,Ka nu chuan buh a deng ṭhin.,1,"word_chain,spelling,word_search,tawng_upa,crossword,sentence_builder",
word.thiam,thiam,adjectives,K1,draft,pending,pending,Source: Kumtluang Class I (SCERT Mizoram).,"skilled, clever, able",Thiam tih chu thil pakhat tih thei taka hlawhtling tihna a ni.,Ka thian chu lam ah a thiam hle.,1,"word_chain,spelling,word_search,tawng_upa,crossword,sentence_builder",
word.mum,mum,adjectives,K1,draft,pending,pending,Source: Kumtluang Class I (SCERT Mizoram).,round (shape),Mum tih chu ang emaw thil chi pumin zêl vel tihna a ni.,Bâwl chu a mum hle.,1,"picture_match,spelling,word_search,tawng_upa,crossword,thumal_kawp,sentence_builder",
word.lir,lir,verbs,K1,draft,pending,pending,Source: Kumtluang Class I (SCERT Mizoram).,to throw,Lir tih chu thil pakhat kut hmanga paih chhuahna a ni.,Ka thian chu bâwl a lir a.,1,"word_chain,spelling,word_search,tawng_upa,crossword,sentence_builder",
word.hram-3,hrâm,verbs,K1,draft,pending,pending,Source: Kumtluang Class I (SCERT Mizoram). VERIFY: possible diacritic variant of an already-excluded form spelled without the circumflex. VERIFY possible duplicate: diacritic-variant of existing word 'hram' already in corpus — confirm same word or distinct before import.,to bark (of a dog),Hrâm tih chu ui au ri lantirna a ni.,Mikhual a lo kal chuan ka ui a hrâm ṭhin.,1,"word_chain,spelling,word_search,tawng_upa,crossword",
word.rawl,râwl,nature,K1,draft,pending,pending,Source: Kumtluang Class I (SCERT Mizoram).,"sound, noise",Râwl chu thil emaw mi ri kan hriat theih a ni.,Khaw lakah râwl ri tam tak a lo chhuak.,1,"word_chain,spelling,word_search,tawng_upa,crossword,sentence_builder",🔊
word.ring,ring,verbs,K1,draft,pending,pending,Source: Kumtluang Class I (SCERT Mizoram).,"to believe, trust",Ring tih chu thu pakhat dik ni ti taka pawm tihna a ni.,Ka thian thusawi chu ka ring ṭhin.,1,"word_chain,spelling,word_search,tawng_upa,crossword,sentence_builder",
word.hawihhawm-2,hawihhâwm,adjectives,K1,draft,pending,pending,Source: Kumtluang Class I (SCERT Mizoram). VERIFY possible duplicate: diacritic-variant of existing word 'hawihhawm' already in corpus — confirm same word or distinct before import.,"polite, courteous",Hawihhâwm tih chu mi zahna leh nunhmang ṭha a ni.,Naupang chu zirtirtute hnenah hawihhâwm takin a awm ṭhin.,1,"word_chain,spelling,word_search,tawng_upa,crossword,sentence_builder",
word.dial,dial,adjectives,K1,draft,pending,pending,"Source: Kumtluang Class I (SCERT Mizoram). VERIFY: normally appears reduplicated as ""dial dial""; standalone adjective sense is inferred.","joyful, cheerful",Dial tih chu hlim taka in ngah dawn tihna a ni.,Naupangte chu dial dialin an in ṭhin.,1,"word_chain,spelling,word_search,tawng_upa,crossword,sentence_builder",
word.inkawm,inkâwm,verbs,K1,draft,pending,pending,"Source: Kumtluang Class I (SCERT Mizoram). VERIFY spelling-variant: also found as class1:word.inkawm='inkâwm'(K1), vartian:word.inkawm='Inkawm'(TQ0) — confirm distinct words or same word/typo.","to gather, associate together",Inkâwm tih chu mi hotute inhriltiin khawm tihna a ni.,Sikul chhuahni chuan kan thiante nen kan inkâwm ṭhin.,1,"word_chain,spelling,word_search,tawng_upa,crossword,sentence_builder",🤝
word.hnial,hnial,verbs,K1,draft,pending,pending,Source: Kumtluang Class I (SCERT Mizoram).,"to refuse, deny",Hnial tih chu duh lo emaw pawm lo tihna a ni.,Zawhte chuan buh dêng a hnial a.,1,"word_chain,spelling,word_search,tawng_upa,crossword,sentence_builder",
word.thingkittu,thingkittu,people,K1,draft,pending,pending,Source: Kumtluang Class I (SCERT Mizoram).,woodcutter,Thingkittu chu thing kit hnathawktu a ni.,Thingkittu chuan ramhnuaiah thing a kit.,1,"picture_match,spelling,word_search,tawng_upa,crossword,thumal_kawp,sentence_builder",🪓
word.chuk,chuk,verbs,K1,draft,pending,pending,Source: Kumtluang Class I (SCERT Mizoram). VERIFY: gloss inferred from limited narrative context.,to feel cold,Chuk tih chu khawvel dan avangin taksa rilna hniam tak hriatna a ni.,Zân lakah ka chuk hle.,1,"word_chain,spelling,word_search,tawng_upa,crossword,sentence_builder",🥶
word.ham,ham,verbs,K1,draft,pending,pending,Source: Kumtluang Class I (SCERT Mizoram).,to bite,Ham tih chu hâ hmangin thil pakhat sungna a ni.,Ka ui chuan mikhual thlanmang a ham a.,1,"word_chain,spelling,word_search,tawng_upa,crossword,sentence_builder",
word.biru,biru,verbs,K1,draft,pending,pending,Source: Kumtluang Class I (SCERT Mizoram).,to lick,Biru tih chu lei hmangin thil pakhat sik nawi tihna a ni.,Ka ui chuan ka kut a biru ṭhin.,1,"word_chain,spelling,word_search,tawng_upa,crossword,sentence_builder",
word.hlu,hlu,adjectives,K1,draft,pending,pending,Source: Kumtluang Class I (SCERT Mizoram).,"precious, valuable","Hlu tih chu man tam tak nei, la lawi tak tihna a ni.",He puan hi ka nu atan a hlu hle.,1,"word_chain,spelling,word_search,tawng_upa,crossword,sentence_builder",💎
word.khaum,khaûm,tools,K1,draft,pending,pending,Source: Kumtluang Class I (SCERT Mizoram).,drum,"Khaûm chu deng chhuah taka khawng thil ri, tuithal chi a ni.",Sikulah kan khaûm i belh ve ṭhin.,1,"picture_match,spelling,word_search,tawng_upa,crossword,thumal_kawp,sentence_builder",🥁
word.kung,kung,nature,K1,draft,pending,pending,Source: Kumtluang Class I (SCERT Mizoram).,"trunk, stem (of a tree or plant)",Kung chu thing emaw pangpar a bul lam pui a ni.,Thingpui kung hi a lian hle.,1,"picture_match,spelling,word_search,tawng_upa,crossword,thumal_kawp,sentence_builder",🌳
word.hnathial,hnathial,tools,K1,draft,pending,pending,Source: Kumtluang Class I (SCERT Mizoram).,"tongs, pincers",Hnathial chu thil pom emaw manna atana hmante hman thil a ni.,Kaikuang chuan hnathial a hman a.,1,"picture_match,spelling,word_search,tawng_upa,crossword,thumal_kawp,sentence_builder",
word.mumang,mumang,abstract,K1,draft,pending,pending,Source: Kumtluang Class I (SCERT Mizoram).,dream,Mumang chu mutin thil kan hmuh emaw kan ti lan a ni.,Zan khan ka mumang a va nuam em.,1,"word_chain,spelling,word_search,tawng_upa,crossword,sentence_builder",💭
word.fang,fang,verbs,K1,draft,pending,pending,Source: Kumtluang Class I (SCERT Mizoram).,"to visit, go around",Fang tih chu hmun pakhat a en fan kalna a ni.,Ni chuan ram hrang hrang a fang ṭhin.,1,"word_chain,spelling,word_search,tawng_upa,crossword,sentence_builder",
word.lawmawm,lawmawm,adjectives,K1,draft,pending,pending,Source: Kumtluang Class I (SCERT Mizoram).,"relieved, satisfied",Lawmawm tih chu duhzia a thlen avanga rilru muanna a ni.,A dam ta a hriat chuan an lawmawm hle.,1,"word_chain,spelling,word_search,tawng_upa,crossword,sentence_builder",
word.damlo,damlo,adjectives,K1,draft,pending,pending,Source: Kumtluang Class I (SCERT Mizoram).,"sick, unwell",Damlo tih chu taksa hriselna nei lo tihna a ni.,Vawiin ka damlo avangin sikul ka kal thei lo.,1,"word_chain,spelling,word_search,tawng_upa,crossword,sentence_builder",🤒
word.sawt,sawt,nature,K1,draft,pending,pending,Source: Kumtluang Class I (SCERT Mizoram).,"a long time, duration",Sawt tih chu hun rei tak tihna a ni.,Ka thian ka nghah sawt hle.,1,"word_chain,spelling,word_search,tawng_upa,crossword,sentence_builder",⏳
word.zing,zing,time,TQ2,draft,pending,pending,Source: Kumtluang Class II (SCERT Mizoram),morning,"Chhûm dâwn hunah, thlifim la awm lai",Zîng tinin ka pa chuan tui a in thin.,2,"word_chain,spelling,word_search,tawng_upa,crossword,sentence_builder",🌅
word.zan,zan,time,TQ2,draft,pending,pending,Source: Kumtluang Class II (SCERT Mizoram),night/evening,Ni tlâk hnua chhûm dâwn hun,Zanah chuan kan chhûng zawng kan in kâwm ṭhin.,2,"word_chain,spelling,word_search,tawng_upa,crossword,sentence_builder",🌙
word.thlal,thlal,time,TQ2,draft,pending,pending,VERIFY: spelling of tone marks on 'thlâl' — confirm with a fluent speaker. | Source: Kumtluang Class II (SCERT Mizoram),cold/dry season,"Khaw a dai a, ruah a sûr lova hun",Thlâl hunah chuan thli a fim hle.,2,"word_chain,spelling,word_search,tawng_upa,crossword,sentence_builder",❄️
word.nipui,nipui,time,TQ2,draft,pending,pending,Source: Kumtluang Class II (SCERT Mizoram),hot season,"Ni a lian a, khaw a lum hun",Nipui hunah kan chuan lui kan infiam ṭhin.,2,"word_chain,spelling,word_search,tawng_upa,crossword,sentence_builder",☀️
word.kum,kum,time,TQ2,draft,pending,pending,Source: Kumtluang Class II (SCERT Mizoram),year,Thla sarih le thum vel tihchhuahna hun reng,Kum tin kan sikul kal ṭan hun a danglam ṭhin.,2,"word_chain,spelling,word_search,tawng_upa,crossword",📅
word.ruah,ruah,nature,TQ2,draft,pending,pending,Source: Kumtluang Class II (SCERT Mizoram),rain,Van aṭanga tui a tla chhuak,Ruah a sûr avangin lehkha ka lo va lo.,2,"word_chain,picture_match,spelling,word_search,tawng_upa,crossword,thumal_kawp,sentence_builder",🌧️
word.chhum,chhum,nature,TQ2,draft,pending,pending,Source: Kumtluang Class II (SCERT Mizoram),cloud,Van chunga thim/var vur vur lang chi,Chhûm chuan ni chu a lo tuam ṭhin.,2,"word_chain,picture_match,spelling,word_search,tawng_upa,crossword,thumal_kawp,sentence_builder",☁️
word.thli,thli,nature,TQ2,draft,pending,pending,Source: Kumtluang Class II (SCERT Mizoram),wind,Ral tak leh hnu takin thawh thei mek,Thli a thaw avangin thing hnah an in thu.,2,"word_chain,spelling,word_search,tawng_upa,crossword,sentence_builder",🌬️
word.chhimbal,chhimbal,nature,TQ2,draft,pending,pending,Source: Kumtluang Class II (SCERT Mizoram),rainbow,"Ruah hnu, ni chuan van a chhuahtir rawng hrang hrang lam",Chhimbâl chu ruah hnu ṭawngâwt ah kan hmu ṭhin.,2,"word_chain,picture_match,spelling,word_search,tawng_upa,crossword,thumal_kawp,sentence_builder",🌈
word.eng,eng,nature,TQ2,draft,pending,pending,VERIFY: 'eng' also means colour 'yellow' in this book — check context each time to avoid confusing the two senses. | Source: Kumtluang Class II (SCERT Mizoram),bright/light,"Thim si loh, vâr tak awmzia",Zîngah chuan khua chu a êng ṭan a.,2,"word_chain,spelling,word_search,tawng_upa,crossword,sentence_builder",💡
word.thim,thim,nature,TQ2,draft,pending,pending,Source: Kumtluang Class II (SCERT Mizoram),dark,"Vâr lo, êng lo awmzia",Zanah chuan kan in chu a thim ṭhin.,2,"word_chain,spelling,word_search,tawng_upa,crossword,sentence_builder",🌑
word.mei,mei,nature,TQ2,draft,pending,pending,Source: Kumtluang Class II (SCERT Mizoram),fire,"A alh a, a kâng thei thil",Mei chu fimkhur takin kan hman tur a ni.,2,"word_chain,picture_match,spelling,word_search,tawng_upa,crossword,thumal_kawp,sentence_builder",🔥
word.lui,lui,nature,TQ2,draft,pending,pending,Source: Kumtluang Class II (SCERT Mizoram),river,Tui a luang zeuh zeuh hmun,Lui kama chuan naupangte an infiam ṭhin.,2,"word_chain,picture_match,spelling,word_search,tawng_upa,crossword,thumal_kawp,sentence_builder",🏞️
word.tui,tui,nature,TQ2,draft,pending,pending,Source: Kumtluang Class II (SCERT Mizoram),water,In tur leh inbual atana kan hman thil,Tui kan awih chuan ei tur kan siam ṭhin.,2,"word_chain,picture_match,spelling,word_search,tawng_upa,crossword,thumal_kawp,sentence_builder",💧
word.khawvel,khawvel,nature,TQ2,draft,pending,pending,Source: Kumtluang Class II (SCERT Mizoram),world,Mihring zawng zawng awmna hmun ram zawng zawng,Khawvel hi hmun ropui tak a ni.,2,"word_chain,spelling,word_search,tawng_upa,crossword,sentence_builder",🌍
word.ram,ram,nature,TQ2,draft,pending,pending,Source: Kumtluang Class II (SCERT Mizoram),land/country,Mi khat khat awmna leilung chhehvel,Kan ram hi thlirtak a ni.,2,"word_chain,spelling,word_search,tawng_upa,crossword,sentence_builder",🏞️
word.khua,khua,nature,TQ2,draft,pending,pending,Source: Kumtluang Class II (SCERT Mizoram),village,Mi rualin an awmna hmun,Kan khua ah mi tam tak an awm.,2,"word_chain,spelling,word_search,tawng_upa,crossword,sentence_builder",🏘️
word.veng,veng,nature,TQ2,draft,pending,pending,Source: Kumtluang Class II (SCERT Mizoram),locality/ward,Khaw chhunga hmun tuam tuama sem dan,Ka veng chu sikul aṭang hian a hla lo.,2,"word_chain,spelling,word_search,tawng_upa,crossword,sentence_builder",🏡
word.pangpar,pangpar,nature,TQ2,draft,pending,pending,Source: Kumtluang Class II (SCERT Mizoram),flower,"Thing atanga puak, rawng leh mawina awm thil",Pangpar chu tui kan chawi zel avangin a nghet reng.,2,"word_chain,picture_match,spelling,word_search,tawng_upa,crossword,thumal_kawp",🌸
word.hnah,hnah,nature,TQ2,draft,pending,pending,Source: Kumtluang Class II (SCERT Mizoram),leaf,"Thing ata puak, rawng hring zawk vel",Hnah hring tak chu thing atangin a puk ṭhin.,2,"word_chain,picture_match,spelling,word_search,tawng_upa,crossword,thumal_kawp,sentence_builder",🍃
word.thing,thing,nature,TQ2,draft,pending,pending,Source: Kumtluang Class II (SCERT Mizoram),tree,"Lei ata puak, thla leh hnah nei",Thing lian tak chu kan in bulah a awm.,2,"word_chain,picture_match,spelling,word_search,tawng_upa,crossword,thumal_kawp,sentence_builder",🌳
word.maian,maian,nature,TQ2,draft,pending,pending,VERIFY: confirm 'maian' is the standard modern spelling for the banana plant used in the book's tree-classification exercise. | Source: Kumtluang Class II (SCERT Mizoram),banana plant,"Thlai zâm chi, thlai a rem reng reng",Maian hnuaiah chuan naupangte an ṭawi ṭhin.,2,"word_chain,picture_match,spelling,word_search,tawng_upa,crossword,thumal_kawp,sentence_builder",🍌
word.fanghmir,fanghmir,animals,TQ2,draft,pending,pending,Source: Kumtluang Class II (SCERT Mizoram),ant,"Ram hnuaia awm, mi tlem tak rual takin hna thawktu",Fanghmirte chuan an ruahman theuh a phur ṭhin.,2,"word_chain,picture_match,spelling,word_search,tawng_upa,crossword,thumal_kawp,sentence_builder",🐜
word.thuro,thuro,animals,TQ2,draft,pending,pending,Source: Kumtluang Class II (SCERT Mizoram),dove,"Sava chi, khaw hrang hranga awm thei",Thuro chu thingpuiah a fâm ṭhin.,2,"word_chain,picture_match,spelling,word_search,tawng_upa,crossword,thumal_kawp,sentence_builder",🕊️
word.sava,sava,animals,TQ2,draft,pending,pending,Source: Kumtluang Class II (SCERT Mizoram),bird,"Rannung, thla nei a thlâwk theih",Sava chu zîngah chuan a hla sa thin.,2,"word_chain,picture_match,spelling,word_search,tawng_upa,crossword,thumal_kawp,sentence_builder",🐦
word.zawngte,zawngte,animals,TQ2,draft,pending,pending,Source: Kumtluang Class II (SCERT Mizoram),monkey,"Ram sung rannung, thing kunga chelthlawi",Zâwngte chu thing kunga a intanpui ṭhin.,2,"word_chain,picture_match,spelling,word_search,tawng_upa,crossword,thumal_kawp,sentence_builder",🐒
word.satel,satel,animals,TQ2,draft,pending,pending,Source: Kumtluang Class II (SCERT Mizoram),tortoise,"Rannung, a taksa hipin a inhumhim theih",Satel chu a kal a bang deuh.,2,"word_chain,picture_match,spelling,word_search,tawng_upa,crossword,thumal_kawp,sentence_builder",🐢
word.sakei,sakei,animals,TQ2,draft,pending,pending,Source: Kumtluang Class II (SCERT Mizoram),tiger,"Ram sung rannung ropui tak, a sa a vin nei",Sakei chu rual takin thlalak ah kan hmu ṭhin.,2,"word_chain,picture_match,spelling,word_search,tawng_upa,crossword,thumal_kawp,sentence_builder",🐯
word.sai,sai,animals,TQ2,draft,pending,pending,Source: Kumtluang Class II (SCERT Mizoram),elephant,"Ram sung rannung lian ber vel, phur nei",Sai chu ramhuaiah a awm ṭhin.,2,"word_chain,picture_match,spelling,word_search,tawng_upa,crossword,thumal_kawp,sentence_builder",🐘
word.savawm,savawm,animals,TQ2,draft,pending,pending,VERIFY: check the exact Mizo term for 'bear' as used in this textbook edition. | Source: Kumtluang Class II (SCERT Mizoram),bear,"Ram sung rannung, mu leh a hai a duh",Savawm chu ramṭha bulah kan hmu ṭhin.,2,"word_chain,picture_match,spelling,word_search,tawng_upa,crossword,thumal_kawp,sentence_builder",🐻
word.kel,kel,animals,TQ2,draft,pending,pending,Source: Kumtluang Class II (SCERT Mizoram),goat,"In vela chawite rannung, ki a nei",Kêl chu ni tin an chawi ṭhin.,2,"word_chain,picture_match,spelling,word_search,tawng_upa,crossword,thumal_kawp,sentence_builder",🐐
word.ar,ar,animals,TQ2,draft,pending,pending,Source: Kumtluang Class II (SCERT Mizoram),chicken,"In vela ran, tui leh zu an nei",Âr chu zîngah chuan a au ṭhin.,2,"word_chain,picture_match,spelling,word_search,tawng_upa,crossword,thumal_kawp,sentence_builder",🐔
word.khuai,khuai,animals,TQ2,draft,pending,pending,Source: Kumtluang Class II (SCERT Mizoram),bee,"Vâk chi tê, khawizawng a siamtu",Khuai chuan pangpar aṭang chuan khawizawng a siam ṭhin.,2,"word_chain,picture_match,spelling,word_search,tawng_upa,crossword,thumal_kawp,sentence_builder",🐝
word.chakai,chakai,animals,TQ2,draft,pending,pending,Source: Kumtluang Class II (SCERT Mizoram),crab,"Tui bula awm rannung, ban a nei",Chakâi chu lui kama kan man ṭhin.,2,"word_chain,picture_match,spelling,word_search,tawng_upa,crossword,thumal_kawp,sentence_builder",🦀
word.sangha,sangha,animals,TQ2,draft,pending,pending,Source: Kumtluang Class II (SCERT Mizoram),fish,Tui chhunga awm rannung,Sangha chu tuia a chêng theuh.,2,"word_chain,picture_match,spelling,word_search,tawng_upa,crossword,thumal_kawp,sentence_builder",🐟
word.sazu,sazu,animals,TQ2,draft,pending,pending,Source: Kumtluang Class II (SCERT Mizoram),rat,In leh lo chhunga awm rannung tlem tak,Sazu chuan an kua a zen ṭhin.,2,"word_chain,picture_match,spelling,word_search,tawng_upa,crossword,thumal_kawp,sentence_builder",🐀
word.thosi,thosi,animals,TQ2,draft,pending,pending,Source: Kumtluang Class II (SCERT Mizoram),mosquito,"Vâk chi tê, a rim leh mi a tui a chhut",Thosi chuan zanah a rim êm êm ṭhin.,2,"word_chain,spelling,word_search,tawng_upa,crossword,sentence_builder",🦟
word.tho,tho,animals,TQ2,draft,pending,pending,Source: Kumtluang Class II (SCERT Mizoram),housefly,"Vâk chi tê, ei bunga vâng thei",Tho chu ei chungah a lo tlaw ṭhin.,2,"word_chain,spelling,word_search,tawng_upa,crossword,sentence_builder",🪰
word.bawnghnute,bawnghnute,animals,TQ2,draft,pending,pending,Source: Kumtluang Class II (SCERT Mizoram),calf,"Bâwng not, a nu hnung a zui reng",Bawnghnute chu a nu hnenah a zui reng.,2,"word_chain,picture_match,spelling,word_search,tawng_upa,crossword,thumal_kawp,sentence_builder",🐄
word.ha,ha,body,TQ2,draft,pending,pending,Source: Kumtluang Class II (SCERT Mizoram),tooth,"Ei atana hman, kâm chhunga awm",Ha kan nawh reng chuan a hrisel zawk ṭhin.,2,"word_chain,picture_match,spelling,word_search,tawng_upa,crossword,thumal_kawp,sentence_builder",🦷
word.lu,lu,body,TQ2,draft,pending,pending,Source: Kumtluang Class II (SCERT Mizoram),head,"Taksa hmasa ber, lu leh hlu a chelh",Lu chu puitling takin kan enkawl a ngai.,2,"word_chain,picture_match,spelling,word_search,tawng_upa,crossword,thumal_kawp,sentence_builder",🧠
word.ki,ki,body,TQ2,draft,pending,pending,VERIFY: 'ki' as a standalone noun can be ambiguous outside context; confirm meaning with a native speaker. | Source: Kumtluang Class II (SCERT Mizoram),horn,"Ran engemaw a lu chunga puak, hâk",Sialin ki a nei bawk.,2,"word_chain,picture_match,spelling,word_search,tawng_upa,crossword,thumal_kawp,sentence_builder",🦌
word.sen,sen,colors,TQ2,draft,pending,pending,Source: Kumtluang Class II (SCERT Mizoram),red color,Chhandum ang deuh rawng,Ka kawr chu sen tak a ni.,2,"word_chain,picture_match,spelling,word_search,tawng_upa,crossword,thumal_kawp,sentence_builder",🔴
word.hring,hring,colors,TQ2,draft,pending,pending,Source: Kumtluang Class II (SCERT Mizoram),green color,Hnah rawng ang deuh,Chhûng nel hring chu ka duh hle.,2,"word_chain,picture_match,spelling,word_search,tawng_upa,crossword,thumal_kawp,sentence_builder",🟢
word.pawl,pawl,colors,TQ2,draft,pending,pending,VERIFY: confirm exact colour range denoted by 'pâwl' (blue vs blue-green) in this book's usage. | Source: Kumtluang Class II (SCERT Mizoram),blue color,Van rawng ang deuh,Van chu ni khat chuan pâwl tak a lang.,2,"word_chain,picture_match,spelling,word_search,tawng_upa,crossword,thumal_kawp,sentence_builder",🔵
word.rawng,rawng,colors,TQ2,draft,pending,pending,Source: Kumtluang Class II (SCERT Mizoram),color,Thil pakhat inlangna dan,Rawng hrang hranga siam pangpar ka hmu.,2,"word_chain,spelling,word_search,tawng_upa,crossword,sentence_builder",🎨
word.inbual,inbual,daily_life,TQ2,draft,pending,pending,Source: Kumtluang Class II (SCERT Mizoram),to bathe,Taksa fai turin tuia inbual thin dan,Zîngah chuan naupangte an inbual ṭhin.,2,"word_chain,picture_match,spelling,word_search,tawng_upa,crossword,thumal_kawp,sentence_builder",🛁
word.samkhuih,samkhuih,daily_life,TQ2,draft,pending,pending,Source: Kumtluang Class II (SCERT Mizoram),to comb hair,Sam siam that turin hmante hman,Zîngah chuan ka sam ka khuih ṭhin.,2,"word_chain,picture_match,spelling,word_search,tawng_upa,crossword,thumal_kawp,sentence_builder",💇
word.hanawh,hanawh,daily_life,TQ2,draft,pending,pending,Source: Kumtluang Class II (SCERT Mizoram),to brush teeth,Ha fai turin hman dan,Chaw ei hnu chuan ha kan nawh ṭhin.,2,"word_chain,picture_match,spelling,word_search,tawng_upa,crossword,thumal_kawp,sentence_builder",🪥
word.hmunphiat,hmunphiat,daily_life,TQ2,draft,pending,pending,Source: Kumtluang Class II (SCERT Mizoram),to sweep a place,Bawlhhlawh paih turin phiar hman dan,Zîngah chuan naupangte chuan sikul hmun an phiat ṭhin.,2,"word_chain,picture_match,spelling,word_search,tawng_upa,crossword,thumal_kawp,sentence_builder",🧹
word.bawlhhlawhpaih,bawlhhlawhpaih,daily_life,TQ2,draft,pending,pending,Source: Kumtluang Class II (SCERT Mizoram),to throw away trash,Bawlhhlawh chu hmun dik ah dah dan,In leh sikulah bawlhhlawh kan paih rêng a ngai.,2,"word_chain,spelling,word_search,tawng_upa,crossword,sentence_builder",🗑️
word.kawrfai,kawrfai,daily_life,TQ2,draft,pending,pending,Source: Kumtluang Class II (SCERT Mizoram),clean clothes,Nal si loh kawr,Sikula kal atanga kawrfai kan silh a ngai.,2,"word_chain,picture_match,spelling,word_search,tawng_upa,crossword,thumal_kawp,sentence_builder",👕
word.hrisel,hrisel,daily_life,TQ2,draft,pending,pending,Source: Kumtluang Class II (SCERT Mizoram),healthy/clean,"Natna nei loh, fai leh dam taksa",Chaw hrisel ei chuan kan taksa a dam ṭhin.,2,"word_chain,spelling,word_search,tawng_upa,crossword,sentence_builder",💪
word.khawngaih,khawngaih,values,TQ2,draft,pending,pending,Source: Kumtluang Class II (SCERT Mizoram),kindness/mercy,Mi dang lungrual leh khawngaih tihna rilru put dan,Ka thiante chungah khawngaih takin ka awm a duh.,2,"word_chain,spelling,word_search,tawng_upa,crossword,sentence_builder",❤️
word.lawm,lawm,values,TQ2,draft,pending,pending,Source: Kumtluang Class II (SCERT Mizoram),thankful/glad,Thil tha awm avanga lungawi,Thil min pek an chuan ka lawm ṭhin.,2,"word_chain,spelling,word_search,tawng_upa,crossword,sentence_builder",😊
word.ngaidam,ngaidam,values,TQ2,draft,pending,pending,Source: Kumtluang Class II (SCERT Mizoram),to forgive,Mi tihsual pawh ngaihthahna nei dan,Ka thil tisual chuan ka thiante hnenah ngaidam ka dil ṭhin.,2,"word_chain,spelling,word_search,tawng_upa,crossword",🤝
word.tihpalh,tihpalh,values,TQ2,draft,pending,pending,Source: Kumtluang Class II (SCERT Mizoram),to bump into accidentally,Ngaihtuah lovin mi emaw thil emaw khoih dan,Kalkawngah chuan mi ka tihpalh chuan ka ngaidam ṭhin.,2,"word_chain,spelling,word_search,tawng_upa,crossword,sentence_builder",
word.thatchhe,thatchhe,values,TQ2,draft,pending,pending,Source: Kumtluang Class II (SCERT Mizoram),to damage/destroy,Thil kim lo tur emaw danglam tur zawnga tih dan,Vantlang thil kan thatchhe tur a ni lo.,2,"word_chain,spelling,word_search,tawng_upa,crossword,sentence_builder",
word.vantlang,vantlang,values,TQ2,draft,pending,pending,Source: Kumtluang Class II (SCERT Mizoram),public/community,"Mi zawng zawng ta, mi tinte theuh hman thil",Vantlang thil chu kan enkawl ṭha a ngai.,2,"word_chain,spelling,word_search,tawng_upa,crossword,sentence_builder",🏛️
word.zirlai,zirlai,school,TQ2,draft,pending,pending,Source: Kumtluang Class II (SCERT Mizoram),lesson,Sikula zir tur chanchin bung khat,Kumtluang zirlai ṭha tak a lo ni.,2,"word_chain,spelling,word_search,tawng_upa,crossword,sentence_builder",📖
word.sipai,sipai,occupations,TQ2,draft,pending,pending,Source: Kumtluang Class II (SCERT Mizoram),soldier,"Ram hum turin thawktu, ral do thin mi",Ka pu chu sipai a ni tawh.,2,"word_chain,picture_match,spelling,word_search,tawng_upa,crossword,thumal_kawp,sentence_builder",🪖
word.daktawr,daktawr,occupations,TQ2,draft,pending,pending,Source: Kumtluang Class II (SCERT Mizoram),doctor,Mi damlo enkawl leh tihdamtu,Daktawr chuan mi damlo a en ṭhin.,2,"word_chain,picture_match,spelling,word_search,tawng_upa,crossword,thumal_kawp,sentence_builder",🩺
word.mistiri,mistiri,occupations,TQ2,draft,pending,pending,Source: Kumtluang Class II (SCERT Mizoram),mechanic/engineer,Thil siam that leh siam tha thiam mi,Mistiri chuan motor a siam that ṭhin.,2,"word_chain,picture_match,spelling,word_search,tawng_upa,crossword,thumal_kawp,sentence_builder",🔧
word.zirtirtu,zirtirtu,occupations,TQ2,draft,pending,pending,Source: Kumtluang Class II (SCERT Mizoram),teacher,Sikula naupang zirtir mi,Zirtirtu chu ka lawm hle.,2,"word_chain,picture_match,spelling,word_search,tawng_upa,crossword,thumal_kawp,sentence_builder",👩‍🏫
word.dawrkai,dawrkai,occupations,TQ2,draft,pending,pending,Source: Kumtluang Class II (SCERT Mizoram),shopkeeper,Dawr enkawl leh thil zuartu,Dawrkai hnenah chuan chaw tui ka lei ṭhin.,2,"word_chain,picture_match,spelling,word_search,tawng_upa,crossword,thumal_kawp,sentence_builder",🛒
word.loneitu,loneitu,occupations,TQ2,draft,pending,pending,Source: Kumtluang Class II (SCERT Mizoram),farmer,Lo thlai leh lei zawn mi,Loneitu chuan zîngah chuan lo a kal ṭhin.,2,"word_chain,picture_match,spelling,word_search,tawng_upa,crossword,thumal_kawp,sentence_builder",🌾
word.damloenkawltu,damloenkawltu,occupations,TQ2,draft,pending,pending,Source: Kumtluang Class II (SCERT Mizoram),nurse,Damdawi inah mi damlo enkawl mi,Damlo enkawltu chuan natna a en ṭhin.,2,"word_chain,picture_match,spelling,word_search,tawng_upa,crossword,thumal_kawp,sentence_builder",👩‍⚕️
word.phur,phur,verbs,TQ2,draft,pending,pending,Source: Kumtluang Class II (SCERT Mizoram),to carry (on head/back),Rimit emaw thil rit emaw put thei dan,Ka nu chuan tui bêl a phur ṭhin.,2,"word_chain,picture_match,spelling,word_search,tawng_upa,crossword,thumal_kawp,sentence_builder",🎒
word.perh,perh,verbs,TQ2,draft,pending,pending,Source: Kumtluang Class II (SCERT Mizoram),to feed,Ei tur pek dan,Sava notê chu an nu chuan a perh ṭhin.,2,"word_chain,spelling,word_search,tawng_upa,crossword,sentence_builder",🍚
word.hmuak,hmuak,verbs,TQ2,draft,pending,pending,Source: Kumtluang Class II (SCERT Mizoram),to hug,Ban hlawmin khawlh dan,Ka nu chuan ka hmuak ṭhin.,2,"word_chain,spelling,word_search,tawng_upa,crossword,sentence_builder",🤗
word.barh,barh,verbs,TQ2,draft,pending,pending,Source: Kumtluang Class II (SCERT Mizoram),to peck,Sava ei tur hâk chhia dan,Âr chuan buhfai a barh ṭhin.,2,"word_chain,spelling,word_search,tawng_upa,crossword,sentence_builder",
word.chawm,chawm,verbs,TQ2,draft,pending,pending,Source: Kumtluang Class II (SCERT Mizoram),to raise/nurture,"Enkawl a, pui zung zung dan",Ka nu chuan sava notê chu a châwm ṭhin.,2,"word_chain,spelling,word_search,tawng_upa,crossword,sentence_builder",🐣
word.thlawk,thlawk,verbs,TQ2,draft,pending,pending,Source: Kumtluang Class II (SCERT Mizoram),to be able to fly,Van lamah kal theih dan,Sava notê a upa hnuah an thlâwk thei ta.,2,"word_chain,spelling,word_search,tawng_upa,crossword,sentence_builder",🦅
word.hram,hram,verbs,TQ2,draft,pending,pending,Source: Kumtluang Class II (SCERT Mizoram),to chirp,Sava au tê tê dan,Sava notê chuan tui an ei tak chuan an hrâm ṭhin.,2,"word_chain,spelling,word_search,tawng_upa,crossword",
word.enkawl,enkawl,verbs,TQ2,draft,pending,pending,Source: Kumtluang Class II (SCERT Mizoram),to take care of,Ṭha takin veng leh enkawl dan,Ka nu chuan naute a enkawl reng.,2,"word_chain,spelling,word_search,tawng_upa,crossword,sentence_builder",
word.chhem,chhem,verbs,TQ2,draft,pending,pending,Source: Kumtluang Class II (SCERT Mizoram),to burn (something),Mei chuan thil a alh chhuak dan,Ramhnuaiah mei chuan hnah a chhêm ṭhin.,2,"word_chain,spelling,word_search,tawng_upa,crossword,sentence_builder",🔥
word.thelh,thelh,verbs,TQ2,draft,pending,pending,Source: Kumtluang Class II (SCERT Mizoram),"to spread (e.g. fire, news)",Hmun tinah zui zela pung dan,Mei chu thli avangin a thelh chak ṭhin.,2,"word_chain,spelling,word_search,tawng_upa,crossword,sentence_builder",
word.theh,theh,verbs,TQ2,draft,pending,pending,Source: Kumtluang Class II (SCERT Mizoram),to throw/cast,Ban leh kutin ban hla dan,Ramhnuaiah mei theh hi a hlauhawm.,2,"word_chain,spelling,word_search,tawng_upa,crossword,sentence_builder",
word.hnuk,hnuk,verbs,TQ2,draft,pending,pending,Source: Kumtluang Class II (SCERT Mizoram),to pull,Hruiin emaw ban leh emaw hnawt tawi dan,Hlingin ka hnûk avangin a lo thleng.,2,"word_chain,spelling,word_search,tawng_upa,crossword,sentence_builder",
word.remruat,remruat,verbs,TQ2,draft,pending,pending,Source: Kumtluang Class II (SCERT Mizoram),to plan/agree,"Inhaw a, thil siam dan tia ruahman dan",Ka thiante nen kan remruat hnu chuan kan thawh khawm ṭhin.,2,"word_chain,spelling,word_search,tawng_upa,crossword",
word.thinrim,thinrim,verbs,TQ2,draft,pending,pending,Source: Kumtluang Class II (SCERT Mizoram),anger,"Rilru a khirh a, a tuar loh dan",Sual ka nih avangin thinrim ka nei lo.,2,"word_chain,spelling,word_search,tawng_upa,crossword,sentence_builder",😠
word.tlanchhia,tlanchhia,verbs,TQ2,draft,pending,pending,Source: Kumtluang Class II (SCERT Mizoram),to become lame/limp,Ke natna avanga rem taka kal theih loh dan,A ke a chham avangin a tlanchhia ta.,2,"word_chain,spelling,word_search,tawng_upa,crossword,sentence_builder",
word.ngen,ngen,verbs,TQ2,draft,pending,pending,Source: Kumtluang Class II (SCERT Mizoram),to request/beg,Thil dil dan,Tui ka ngen chuan ka nu chuan min pe ṭhin.,2,"word_chain,spelling,word_search,tawng_upa,crossword",
word.talh,talh,verbs,TQ2,draft,pending,pending,Source: Kumtluang Class II (SCERT Mizoram),to lie/deceive,Thutak ni lo sawi dan,Mi kan talh chuan a rin leh a har ta ṭhin.,2,"word_chain,spelling,word_search,tawng_upa,crossword",
word.eisak,eisak,verbs,TQ2,draft,pending,pending,Source: Kumtluang Class II (SCERT Mizoram),to bite,Ha hmangin bantlang dan,Ui chuan naupang a eisak avangin daktawr kan en.,2,"word_chain,spelling,word_search,tawng_upa,crossword,sentence_builder",
word.tibawlhhlawh,tibawlhhlawh,verbs,TQ2,draft,pending,pending,Source: Kumtluang Class II (SCERT Mizoram),to pollute/make dirty,Fai lo taka siam dan,Tui tibawlhhlawh hi kan phal lo.,2,"word_chain,spelling,word_search,tawng_upa,crossword,sentence_builder",
word.fimkhur,fimkhur,verbs,TQ2,draft,pending,pending,Source: Kumtluang Class II (SCERT Mizoram),careful,Ngaihtuah taka thil tih dan,Kalkawngah chuan fimkhur takin kan kal a ngai.,2,"word_chain,spelling,word_search,tawng_upa,crossword,sentence_builder",
word.chhuang,chhuang,verbs,TQ2,draft,pending,pending,Source: Kumtluang Class II (SCERT Mizoram),to praise/compliment,Mi thil tih tha chungah lungawina sawi dan,Ka nu chuan ka chhuang ṭhin.,2,"word_chain,spelling,word_search,tawng_upa,crossword,sentence_builder",
word.ringhlel,ringhlel,verbs,TQ2,draft,pending,pending,Source: Kumtluang Class II (SCERT Mizoram),to suspect,Rilru khahna nei dan,A thu a dik loh avangin ka ringhlel.,2,"word_chain,spelling,word_search,tawng_upa,crossword,sentence_builder",
word.thukru,thukru,verbs,TQ2,draft,pending,pending,Source: Kumtluang Class II (SCERT Mizoram),to hide (something),Mi hmuh loh nan thupui dan,Ka pencil ka thukru avangin ka thiante an hre lo.,2,"word_chain,spelling,word_search,tawng_upa,crossword",
word.hrehawm,hrehawm,adjectives,TQ2,draft,pending,pending,Source: Kumtluang Class II (SCERT Mizoram),difficult/hard-up,Harsa leh rethei taka awm dan,A chhungkuate chu hrehawm takin an awm.,2,"word_chain,spelling,word_search,tawng_upa,crossword,sentence_builder",
word.lungngai,lungngai,adjectives,TQ2,draft,pending,pending,Source: Kumtluang Class II (SCERT Mizoram),sad,"Rilru a na a, khalh dan",Ka thian a lo kal chuan ka lungngai hle.,2,"word_chain,spelling,word_search,tawng_upa,crossword,sentence_builder",😢
word.nuam,nuam,adjectives,TQ2,draft,pending,pending,Source: Kumtluang Class II (SCERT Mizoram),fun/enjoyable,Lawmawm leh hlim awmzia,Chhûm luiah kan infiam hi a nuam hle.,2,"word_chain,spelling,word_search,tawng_upa,crossword,sentence_builder",😄
word.dam,dam,adjectives,TQ2,draft,pending,pending,Source: Kumtluang Class II (SCERT Mizoram),healthy/recovered,"Natna awm lo, taksa dam awmzia",Damdawi ka ei hnu chuan ka dam leh ta.,2,"word_chain,spelling,word_search,tawng_upa,crossword,sentence_builder",
word.riltam,riltam,adjectives,TQ2,draft,pending,pending,Source: Kumtluang Class II (SCERT Mizoram),hungry,Ei tur duh êm êm dan,Sikul aṭanga ka haw chuan ka riltâm hle ṭhin.,2,"word_chain,spelling,word_search,tawng_upa,crossword,sentence_builder",🍽️
word.rethei,rethei,adjectives,TQ2,draft,pending,pending,Source: Kumtluang Class II (SCERT Mizoram),poor,Pawisa leh thil neih tlem dan,Rethei mi kan ṭanpui a ngai.,2,"word_chain,spelling,word_search,tawng_upa,crossword,sentence_builder",
word.hausa,hausa,adjectives,TQ2,draft,pending,pending,Source: Kumtluang Class II (SCERT Mizoram),rich,Thil neih tam leh pawisa tam dan,Hausa mi pawhin midang an ṭanpui a ngai.,2,"word_chain,spelling,word_search,tawng_upa,crossword,sentence_builder",
word.fing,fing,adjectives,TQ2,draft,pending,pending,Source: Kumtluang Class II (SCERT Mizoram),wise,Thil hrilhfiah leh rorel thiam dan,Ka zirtirtu chu mi fing tak a ni.,2,"word_chain,spelling,word_search,tawng_upa,crossword,sentence_builder",🦉
word.huaisen,huaisen,adjectives,TQ2,draft,pending,pending,Source: Kumtluang Class II (SCERT Mizoram),brave,Hlau lo taka thil tih dan,Sipai chu huaisen tak an ni.,2,"word_chain,spelling,word_search,tawng_upa,crossword,sentence_builder",
word.tlanchak,tlanchak,adjectives,TQ2,draft,pending,pending,Source: Kumtluang Class II (SCERT Mizoram),athletic/a runner,"Tlân tha, sports a lian mi",Ka u chu tlânchak tak a ni.,2,"word_chain,picture_match,spelling,word_search,tawng_upa,crossword,thumal_kawp,sentence_builder",🏃
word.tihlawhtling,tihlawhtling,verbs,TQ2,draft,pending,pending,Source: Kumtluang Class II (SCERT Mizoram),to succeed,Thil kan tum a hlawhtling dan,Ṭhat takin kan zir chuan kan tihlawhtling ang.,2,"word_chain,spelling,word_search,tawng_upa,crossword,sentence_builder",🏆
word.insawizawi,insawizawi,verbs,TQ2,draft,pending,pending,Source: Kumtluang Class II (SCERT Mizoram),to practice/train,Thil tha zawka tih theih nan hman ho dan,Tlânna atan chuan ni tin insawizawi a ngai.,2,"word_chain,spelling,word_search,tawng_upa,crossword,sentence_builder",
word.thubuai,thubuai,abstract,TQ2,draft,pending,pending,Source: Kumtluang Class II (SCERT Mizoram),dispute/quarrel,Inrem lohna leh inhnial dan,Thubuai kan nei chuan inhnial ang ni lovin kan hrilhfiah a ṭha zawk.,2,"word_chain,spelling,word_search,tawng_upa,crossword",
word.khau,khau,nature,TQ2,draft,pending,pending,Source: Kumtluang Class II (SCERT Mizoram),worm/larva,"Ei atan sava ei ṭha, thla nei lo rannung tlem",Sava notê chu khau an ei ṭhin.,2,"word_chain,picture_match,spelling,word_search,tawng_upa,crossword,thumal_kawp,sentence_builder",🐛
word.ngaw,ngaw,nature,TQ2,draft,pending,pending,Source: Kumtluang Class II (SCERT Mizoram),nest,"Sava awmna, thing kunga siam",Sava chuan thing kunga ngaw a siam ṭhin.,2,"word_chain,picture_match,spelling,word_search,tawng_upa,crossword,thumal_kawp,sentence_builder",🪺
word.buhfai,buhfai,food,TQ2,draft,pending,pending,Source: Kumtluang Class II (SCERT Mizoram),puffed rice snack,Buh siam that a ei theih siam thil,Ka nu chuan buhfai min siam pe ṭhin.,2,"word_chain,picture_match,spelling,word_search,tawng_upa,crossword,thumal_kawp,sentence_builder",🍘
word.kawngpui,kawngpui,objects,TQ2,draft,pending,pending,Source: Kumtluang Class II (SCERT Mizoram),highway/main road,Motor emaw mi kalna kawng lian,Kawngpuiah chuan motor tam takin an kal ṭhin.,2,"word_chain,picture_match,spelling,word_search,tawng_upa,crossword,thumal_kawp,sentence_builder",🛣️
word.pindan,pindan,objects,TQ2,draft,pending,pending,Source: Kumtluang Class II (SCERT Mizoram),door,In lut leh chhuahna hmun,Pindan chu ka hawng ṭhin.,2,"word_chain,picture_match,spelling,word_search,tawng_upa,crossword,thumal_kawp,sentence_builder",🚪
word.thingrem,thingrem,objects,TQ2,draft,pending,pending,Source: Kumtluang Class II (SCERT Mizoram),cupboard/wardrobe,Kawr leh thil dah nan siam thing bâwm,Ka kawrte chu thingrem ah ka dah ṭhin.,2,"word_chain,picture_match,spelling,word_search,tawng_upa,crossword,thumal_kawp,sentence_builder",🗄️
word.damdawiin,damdawiin,objects,TQ2,draft,pending,pending,Source: Kumtluang Class II (SCERT Mizoram),hospital/clinic,Mi damlo enkawlna hmun,Damdawi in ah chuan daktawr an awm.,2,"word_chain,picture_match,spelling,word_search,tawng_upa,crossword,thumal_kawp,sentence_builder",🏥
word.ralkhat,ralkhat,objects,TQ2,draft,pending,pending,Source: Kumtluang Class II (SCERT Mizoram),weapon,Ral do atana hman thil,Sipaiin ralkhat an hman ṭhin.,2,"word_chain,spelling,word_search,tawng_upa,crossword,sentence_builder",
word.malsawmna,malsawmna,abstract,TQ2,draft,pending,pending,Source: Kumtluang Class II (SCERT Mizoram),blessing,Pathian emaw mi upain thil tha pek dan,Ka nu leh pa chuan malsawmna min pe ṭhin.,2,"word_chain,spelling,word_search,tawng_upa,crossword,sentence_builder",🙏
word.naupang,naupang,family,TQ2,draft,pending,pending,Source: Kumtluang Class II (SCERT Mizoram),child,"Upa lo, kum tlem mi",Naupang zirlai bu hi a mawi hle.,2,"word_chain,picture_match,spelling,word_search,tawng_upa,crossword,thumal_kawp,sentence_builder",🧒
word.thenawmte,thenawmte,family,TQ2,draft,pending,pending,Source: Kumtluang Class II (SCERT Mizoram),the needy/less fortunate,Tanpui a mamawh mi te,Thenawmte kan ṭanpui a ngai.,2,"word_chain,spelling,word_search,tawng_upa,crossword,sentence_builder",
word.remhria,remhria,abstract,TQ2,draft,pending,pending,Source: Kumtluang Class II (SCERT Mizoram),wisdom,Thil hriatthiam leh finna nei dan,Remhria neih chu thil ropui tak a ni.,2,"word_chain,spelling,word_search,tawng_upa,crossword,sentence_builder",🧠
word.hausakna,hausakna,abstract,TQ2,draft,pending,pending,Source: Kumtluang Class II (SCERT Mizoram),wealth,Thil hausa taka neih dan,Hausakna neih chu lungawi thu a ni.,2,"word_chain,spelling,word_search,tawng_upa,crossword,sentence_builder",💰
word.ropuina,ropuina,abstract,TQ2,draft,pending,pending,Source: Kumtluang Class II (SCERT Mizoram),glory/greatness,Chawimawina leh lian taka lang dan,Kan khaw hi ropuina nei tak a ni.,2,"word_chain,spelling,word_search,tawng_upa,crossword,sentence_builder",
word.nau,nau,family,TQ2,draft,pending,pending,Source: Kumtluang Class II (SCERT Mizoram),baby/younger sibling,Chhungkaw a naupang berte,Ka nau chu a te hle.,2,"word_chain,picture_match,spelling,word_search,tawng_upa,crossword,thumal_kawp,sentence_builder",👶
word.u,u,family,TQ2,draft,pending,pending,Source: Kumtluang Class II (SCERT Mizoram),elder sibling,Chhungkaw a upa berte,Ka u chuan ka sikul kal min hruai ṭhin.,2,"word_chain,spelling,word_search,tawng_upa,crossword,sentence_builder",
word.pu,pu,family,TQ2,draft,pending,pending,Source: Kumtluang Class II (SCERT Mizoram),grandfather,Nu emaw pa emaw pa,Ka pu chu a ropui hle.,2,"word_chain,picture_match,spelling,word_search,tawng_upa,crossword,thumal_kawp,sentence_builder",👴
word.pi,pi,family,TQ2,draft,pending,pending,Source: Kumtluang Class II (SCERT Mizoram),grandmother,Nu emaw pa emaw nu,Ka pi chuan thawnthu min hrilh ṭhin.,2,"word_chain,picture_match,spelling,word_search,tawng_upa,crossword,thumal_kawp,sentence_builder",👵
word.thenawmpa,thenawmpa,family,TQ2,draft,pending,pending,Source: Kumtluang Class II (SCERT Mizoram),uncle,Pa emaw nu unau pa,Ka thenawmpa chu ka in bul ah a cheng.,2,"word_chain,spelling,word_search,tawng_upa,crossword,sentence_builder",
word.tlan,tlan,verbs,TQ2,draft,pending,pending,Source: Kumtluang Class II (SCERT Mizoram),to run,Ke hmangin rang taka kal dan,Naupangte chuan lawmawm takin an tlân ṭhin.,2,"word_chain,spelling,word_search,tawng_upa,crossword,sentence_builder",🏃
word.au,au,verbs,TQ2,draft,pending,pending,Source: Kumtluang Class II (SCERT Mizoram),to shout/cry out,Aw ring taka chhuahtir dan,A na avangin chak takin a au.,2,"word_chain,spelling,word_search,tawng_upa,crossword,sentence_builder",
word.ruh,ruh,body,TQ2,draft,pending,pending,Source: Kumtluang Class II (SCERT Mizoram),bone,Taksa chelhna hlawm khat,Ke a kâng chuan a ruh a na ṭhin.,2,"word_chain,spelling,word_search,tawng_upa,crossword,sentence_builder",🦴
word.insual,insual,verbs,TQ2,draft,pending,pending,Source: Kumtluang Class II (SCERT Mizoram),to play together,Rualin infiam dan,Naupangte chuan hmun khatah an insual ṭhin.,2,"word_chain,spelling,word_search,tawng_upa,crossword,sentence_builder",
word.hahchawl,hahchawl,verbs,TQ2,draft,pending,pending,Source: Kumtluang Class II (SCERT Mizoram),to rest,Hnathawh atanga inngainat dan,Kan lui kal hnuin kan hahchâwl ta.,2,"word_chain,spelling,word_search,tawng_upa,crossword,sentence_builder",😌
word.chawfun,chawfun,food,TQ2,draft,pending,pending,Source: Kumtluang Class II (SCERT Mizoram),food wrapped in leaf,Chaw hnahah theuh siam,Chawfûn kan chhawn chuan luiah kan ei ṭhin.,2,"word_chain,picture_match,spelling,word_search,tawng_upa,crossword,thumal_kawp,sentence_builder",🍙
word.theuh,theuh,verbs,TQ2,draft,pending,pending,Source: Kumtluang Class II (SCERT Mizoram),to wrap,Hnah emaw pheikhawk emawin khum dan,Chaw kan theuh hnu chuan kan phur ṭhin.,2,"word_chain,spelling,word_search,tawng_upa,crossword,sentence_builder",
word.hlau,hlau,verbs,TQ2,draft,pending,pending,Source: Kumtluang Class II (SCERT Mizoram),to be afraid,Ṭih leh lungphu dan,Ramhuai kan hmuh chuan kan hlau ṭhin.,2,"word_chain,spelling,word_search,tawng_upa,crossword,sentence_builder",😨
word.duat,duat,verbs,TQ2,draft,pending,pending,Source: Kumtluang Class II (SCERT Mizoram),to chirp/cry weakly (of chicks),Sava notê au tê tak,Riltâm avangin sava notê an duat ṭhin.,2,"word_chain,spelling,word_search,tawng_upa,crossword,sentence_builder",
word.mikhual,mikhual,family,TQ2,draft,pending,pending,Source: Kumtluang Class II (SCERT Mizoram),guest,Khaw danga mi lo kal,Mikhual kan dawn chuan chaw kan buatsaih pe ṭhin.,2,"word_chain,picture_match,spelling,word_search,tawng_upa,crossword,thumal_kawp,sentence_builder",🙋
word.thlamuan,thlamuan,verbs,TQ2,draft,pending,pending,Source: Kumtluang Class II (SCERT Mizoram),to comfort,Rilru muanna pe dan,A lungngai chuan ka thlamuan ṭhin.,2,"word_chain,spelling,word_search,tawng_upa,crossword,sentence_builder",
word.rorel,rorel,abstract,TQ2,draft,pending,pending,Source: Kumtluang Class II (SCERT Mizoram),to rule/govern,Ram emaw mi ruoi rel dan,Lal chuan a ram a rorel ṭhin.,2,"word_chain,spelling,word_search,tawng_upa,crossword,sentence_builder",
word.vak,vak,verbs,K2,draft,pending,pending,Source: Kumtluang Class II (SCERT Mizoram).,to fly (bird/insect),Sava emaw khuai emaw chuan thla hmangin chung lamah a kal chhuahna a ni.,Vahai chu tlang chunga chuan a vak chhoh zel a.,2,"word_chain,spelling,word_search,tawng_upa,crossword",
word.zar-2,zâr,verbs,K2,draft,pending,pending,"Source: Kumtluang Class II (SCERT Mizoram). VERIFY: exact nuance (swarm out / spread densely) inferred from ant-swarm context, confirm before use. VERIFY possible duplicate: diacritic-variant of existing word 'zar' already in corpus — confirm same word or distinct before import.",to swarm out / spread out densely,Mi emaw rannung te chu hmun khatah tam takin lo puan chhuak a ni.,Khuaiho chu an vutah lo zâr chhuak a.,2,"word_chain,spelling,word_search,tawng_upa,crossword,sentence_builder",
word.seh,seh,verbs,K2,draft,pending,pending,Source: Kumtluang Class II (SCERT Mizoram).,to bite / sting (insect),Khuai emaw fanghmir emaw chuan a kâm hmangin mi seh a ni.,"Ka kutah fanghmir a seh a, a na hle a ni.",2,"word_chain,spelling,word_search,tawng_upa,crossword",
word.phu,phu,verbs,K2,draft,pending,pending,Source: Kumtluang Class II (SCERT Mizoram). VERIFY: gloss (to blow/pant hard) inferred from a dove panting for breath in the story context.,to blow / pant hard,Kar takin thli emaw huih emaw hmangin thawh chhuah a ni.,Tlan zawh hnu chuan a phu ve thin.,2,"word_chain,spelling,word_search,tawng_upa,crossword,sentence_builder",
word.tla,tla,verbs,K2,draft,pending,pending,Source: Kumtluang Class II (SCERT Mizoram).,to fall,Chung lamin niam lamah lo tlak a ni.,Thlai hring tak chu thing atangin a tla ve.,2,"word_chain,spelling,word_search,tawng_upa,crossword,sentence_builder",
word.motor,motor,vehicles,K2,draft,pending,pending,Source: Kumtluang Class II (SCERT Mizoram). Loanword used in the picture-vocabulary page.,car,"Kawngpuiah kal, mihring chelh theihna a nih, thir leh plastic hmanga siam a ni.",Ka pa chuan motor thar a lei a.,2,"picture_match,spelling,word_search,tawng_upa,crossword,thumal_kawp,sentence_builder",🚗
word.thlawhna,thlawhna,vehicles,K2,draft,pending,pending,Source: Kumtluang Class II (SCERT Mizoram).,helicopter,"Van lamah lengbawk phawrh chungin kal theih, mihring chelhna a ni.",Thlawhna chu van chungah a leng lai kan hmu a.,2,"picture_match,spelling,word_search,tawng_upa,crossword,thumal_kawp",🚁
word.nawinawk,nawinâwk,colors,K2,draft,pending,pending,"Source: Kumtluang Class II (SCERT Mizoram). VERIFY: exact shade (orange) inferred from rainbow-colours lesson list, confirm before use.",orange (colour),"Thei nawinawk ang rawng, sen leh eng tangkawpa rawng a ni.",Ka kawr chu nawinâwk rawng a ni.,2,"picture_match,spelling,word_search,tawng_upa,crossword,thumal_kawp,sentence_builder",🟠
word.ting,ting,colors,K2,draft,pending,pending,"Source: Kumtluang Class II (SCERT Mizoram). VERIFY: exact shade (indigo/blue) inferred from rainbow-colours lesson list, confirm before use.",indigo / dark blue (colour),"Van rawng ang deuh, thim leh eng tangkawpa rawng a ni.",Chhimbal chhung zinga khat chu ting rawng a ni.,2,"picture_match,spelling,word_search,tawng_upa,crossword,thumal_kawp,sentence_builder",🔵
word.serthlum,serthlum,colors,K2,draft,pending,pending,"Source: Kumtluang Class II (SCERT Mizoram). VERIFY: exact shade (golden-yellow) inferred from rainbow-colours lesson list, confirm before use.",golden-yellow (colour),"Sikpui rawng ang deuh, eng leh sen tangkawpa rawng a ni.",Ni tlak lai van chu serthlum rawngin a eng thin.,2,"picture_match,spelling,word_search,tawng_upa,crossword,thumal_kawp",🟡
word.pawl-4,pâwl,colors,K2,draft,pending,pending,"Source: Kumtluang Class II (SCERT Mizoram). Note: distinct from ""pawl"" (group/class) already catalogued; here pâwl names a colour in the rainbow-colours lesson. VERIFY possible duplicate: diacritic-variant of existing word 'pawl' already in corpus — confirm same word or distinct before import.",purple (colour),"Sen leh ting tangkawpa dawn, pangpar chi thenkhat rawng a ni.",Pangpar pâwl rawng chu tunah ka hmu ta a.,2,"picture_match,spelling,word_search,tawng_upa,crossword,thumal_kawp,sentence_builder",🟣
word.chhem-2,chhêm,verbs,K2,draft,pending,pending,"Source: Kumtluang Class II (SCERT Mizoram). VERIFY: distinguish from ""chhem"" already catalogued (different diacritic/word); gloss (to set fire to, burn deliberately) confirmed from jhum-fire context. VERIFY possible duplicate: diacritic-variant of existing word 'chhem' already in corpus — confirm same word or distinct before import.",to set fire to / burn (deliberately),Ram emaw thing hnah emaw chu mei hmangin hal a ni.,Loah chuan thing hnah an chhêm thin.,2,"word_chain,spelling,word_search,tawng_upa,crossword,sentence_builder",
word.kang,kâng,verbs,K2,draft,pending,pending,Source: Kumtluang Class II (SCERT Mizoram).,to catch fire / burn up,Mei alh hmangin thil a hal vek a ni.,In pakhat chu mei alh avangin a kâng vek a.,2,"word_chain,spelling,word_search,tawng_upa,crossword",
word.thelh-2,ṭhelh,verbs,K2,draft,pending,pending,Source: Kumtluang Class II (SCERT Mizoram). VERIFY possible duplicate: diacritic-variant of existing word 'thelh' already in corpus — confirm same word or distinct before import.,to spread rapidly (fire/news),"Hmun khatah alh a, hmun tam takah zawnah a puan a ni.",Mei chu thli avangin a ṭhelh chak hle a.,2,"word_chain,spelling,word_search,tawng_upa,crossword,sentence_builder",
word.sur,sûr,verbs,K2,draft,pending,pending,Source: Kumtluang Class II (SCERT Mizoram).,to pour down heavily (rain),Ruah chu nasa takin a rah a ni.,Nikhua chu ruah a sûr avangin ka lo insum mai a.,2,"word_chain,spelling,word_search,tawng_upa,crossword",🌧️
word.phuh,phuh,verbs,K2,draft,pending,pending,Source: Kumtluang Class II (SCERT Mizoram). VERIFY: gloss (to spray/blow out water or breath) inferred from an elephant spraying water in the story context.,to spray / blow out (water),Kam emaw hnar emaw atanga tui emaw thli emaw thlawn chhuah a ni.,Naupang chuan tui a phuh ve thin.,2,"word_chain,spelling,word_search,tawng_upa,crossword,sentence_builder",
word.ruai,ruai,abstract,K2,draft,pending,pending,"Source: Kumtluang Class II (SCERT Mizoram). VERIFY: exact sense (a rumour/warning cry spread by word of mouth among the animals) inferred from context, confirm before use.",rumour / word-of-mouth warning,"Thil thleng dawn emaw thil thleng tawh emaw chungchang thu, mi hnenah pek zel a ni.","Khua chhungah ruai a lo thleng a, mi tam takin an hre ta a.",2,"word_chain,spelling,word_search,tawng_upa,crossword",
word.lawn,lawn,verbs,K2,draft,pending,pending,Source: Kumtluang Class II (SCERT Mizoram).,to climb (up),Chunglam lamah kut leh ke hmangin kal chho a ni.,Naupang pakhat chuan thing kung a lawn a.,2,"word_chain,spelling,word_search,tawng_upa,crossword,sentence_builder",🧗
word.rualbanlo,rualbanlo,people,K2,draft,pending,pending,"Source: Kumtluang Class II (SCERT Mizoram). Sensitive topic: refers respectfully to a person with a physical disability, drawn from a good-manners lesson.",a person with a physical disability,"A taksa dinhmun avangin thil thenkhat tihthei lo, tanpui a ngai deuh mi a ni.",Rualbanlo kan hmuh chuan hmuhsit lovin ram takin kan tanpui tur a ni.,2,"word_chain,spelling,word_search,tawng_upa,crossword",
word.auh,auh,verbs,K2,draft,pending,pending,Source: Kumtluang Class II (SCERT Mizoram).,to tease / pester / bother,Mi dang chu a duh loh laiin phunphunin bengvar a ni.,Unau te chu i auh lo turin ka hrilh reng che.,2,"word_chain,spelling,word_search,tawng_upa,crossword",
word.nawm,nawm,adjectives,K2,draft,pending,pending,"Source: Kumtluang Class II (SCERT Mizoram). VERIFY: nuance (done playfully / for fun) distinguished from ""nuam"" (pleasant) already catalogued, confirm before use.",playful / done for fun,"Hlim taka, tibengvarna atana thawh thil a ni.","Nawm avanga ka ti mai a, thin a rim tur a ni lo.",2,"word_chain,spelling,word_search,tawng_upa,crossword",
word.tichhetuah,tichhetuah,verbs,K2,draft,pending,pending,Source: Kumtluang Class II (SCERT Mizoram).,to deliberately damage / vandalize,Mi thil emaw hmun emaw chu duhthusiamin tichhiat a ni.,Sikul thil kan tichhetuah tur a ni lo.,2,"word_chain,spelling,word_search,tawng_upa,crossword,sentence_builder",
word.khawrh,khawrh,objects,K2,draft,pending,pending,Source: Kumtluang Class II (SCERT Mizoram). VERIFY: exact gloss (bait/trap for catching crab or fish) inferred from the monkey-and-tortoise story context.,fishing bait / trap,Sangha emaw chakai emaw man nan hman thil a ni.,Khawrh hmangin sangha ka man thin a.,2,"picture_match,spelling,word_search,tawng_upa,crossword,thumal_kawp,sentence_builder",
word.hling,hling,verbs,K2,draft,pending,pending,Source: Kumtluang Class II (SCERT Mizoram).,to lure / tempt with a trick,Duhsakna hmangin mi dang chu lo awm theih nan tihel a ni.,"Zawngtein satel chu a hling a, tuiah a luttir ve a.",2,"word_chain,spelling,word_search,tawng_upa,crossword",
word.hnuk-2,hnûk,verbs,K2,draft,pending,pending,Source: Kumtluang Class II (SCERT Mizoram). VERIFY possible duplicate: diacritic-variant of existing word 'hnuk' already in corpus — confirm same word or distinct before import.,to trick / deceive,Thurel dik lo hmangin mi dang lak bo a ni.,"Mi hnûk hi a tha lo, dik takin kan awm tur a ni.",2,"word_chain,spelling,word_search,tawng_upa,crossword",
word.puak,puak,verbs,K2,draft,pending,pending,"Source: Kumtluang Class II (SCERT Mizoram). VERIFY: gloss (to bear fruit / swell) inferred from a flower-and-rain story context, confirm before use.",to bear fruit / swell,"Thlai emaw thil emaw chu a lian zel a, chhuah dawn ang a ni.",Thlai kung chuan thlai a puak fo thin.,2,"word_chain,spelling,word_search,tawng_upa,crossword,sentence_builder",
word.kuhmum,kuhmûm,verbs,K2,draft,pending,pending,"Source: Kumtluang Class II (SCERT Mizoram). VERIFY: gloss (to form flower buds) inferred from context, confirm before use.",to bud (flower),"Pangpar chi chhuak tan a ni, a hak hma lai a ni.","Pangpar kung chuan a lo kuhmûm ta a, chhuak dawn tawh a ni.",2,"word_chain,spelling,word_search,tawng_upa,crossword",🌱
word.tuihawk,tuihâwk,nature,K2,draft,pending,pending,"Source: Kumtluang Class II (SCERT Mizoram). VERIFY: gloss (flood / strong river current) inferred from a heavy-rain story context, confirm before use.",flood / strong current,Ruah nasa avanga tui nasa taka luang a ni.,Ruah sur nasa avangin tuihâwk a lo luang a.,2,"picture_match,spelling,word_search,tawng_upa,crossword,thumal_kawp,sentence_builder",🌊
word.tidur,tidur,verbs,K2,draft,pending,pending,Source: Kumtluang Class II (SCERT Mizoram).,"to grow dark / dim (sky, weather)",Chhum avangin van a thim ve zel a ni.,Chhum a lo let avangin khua a tidur ta a.,2,"word_chain,spelling,word_search,tawng_upa,crossword",
word.puam,puam,verbs,K2,draft,pending,pending,Source: Kumtluang Class II (SCERT Mizoram).,to wither / fade (a flower),Pangpar emaw hnah emaw chu a mawi lohna hmangin a thi ve ta a ni.,Tui pek lo avangin pangpar chu a puam ta a.,2,"word_chain,spelling,word_search,tawng_upa,crossword",🥀
word.to-2,ṭo,verbs,K2,draft,pending,pending,Source: Kumtluang Class II (SCERT Mizoram).,to sprout / begin to grow,Thlai emaw chi emaw chu leiah atangin a chhuak tan a ni.,Buh chi kan tuh chu zinga chuan a ṭo ta a.,2,"word_chain,spelling,word_search,tawng_upa,crossword",
word.thal,ṭhâl,nature,K2,draft,pending,pending,"Source: Kumtluang Class II (SCERT Mizoram). Gloss given directly by the lesson's own glossary-style definition (khaw ro lai tak). VERIFY spelling-variant: also found as class2:word.thal='ṭhâl'(K2), class3:word.thal='thal'(K3) — confirm distinct words or same word/typo.",the dry season,"Kum chhunga ruah tlem taka rah lai, khaw ro lai a ni.",Ṭhâl lai chuan lui te an ro thin a.,2,"picture_match,spelling,word_search,tawng_upa,crossword,thumal_kawp,sentence_builder",☀️
word.khiang,khiang,nature,K2,draft,pending,pending,"Source: Kumtluang Class II (SCERT Mizoram). VERIFY: gloss (a kind of bamboo/cane tree, from the lesson's own definition ""thing chi khat"") is broad; confirm the exact species before use.",a kind of bamboo/cane tree,"Thing chi khat, a kung a rem a, tam takin hman theih a ni.",Khiang kung hi kan in bulah a awm a.,2,"picture_match,spelling,word_search,tawng_upa,crossword,thumal_kawp,sentence_builder",
word.lungpui,lungpui,nature,K2,draft,pending,pending,Source: Kumtluang Class II (SCERT Mizoram). Gloss given directly by the lesson's own glossary-style definition (lung lian pui).,a large boulder / big rock,"Lung lian tak, ke sawn theih tur pawh awm thei a ni.",Lui bulah lungpui lian tak ka hmu a.,2,"picture_match,spelling,word_search,tawng_upa,crossword,thumal_kawp,sentence_builder",🪨
word.hahchawl-2,hahchâwl,verbs,K2,draft,pending,pending,Source: Kumtluang Class II (SCERT Mizoram). VERIFY possible duplicate: diacritic-variant of existing word 'hahchawl' already in corpus — confirm same word or distinct before import.,to rest / take a break,Hna thawk hnua khawlin dam vaknaa hunbi hman a ni.,Hna thawk hnu chuan kan hahchâwl a.,2,"word_chain,spelling,word_search,tawng_upa,crossword,sentence_builder",
word.cheng,chêng,verbs,K2,draft,pending,pending,Source: Kumtluang Class II (SCERT Mizoram).,to bathe / swim (in a river),"Tui chhungah lut a, ei tumin tuiah leng a ni.",Nikhua lai chuan luiah kan chêng thin a.,2,"word_chain,spelling,word_search,tawng_upa,crossword,sentence_builder",🏊
word.chawm-2,châwm,verbs,K2,draft,pending,pending,Source: Kumtluang Class II (SCERT Mizoram). VERIFY possible duplicate: diacritic-variant of existing word 'chawm' already in corpus — confirm same word or distinct before import.,to nurture / care for / feed,"Duh taka enkawl a, chaw pe fo mek a ni.",Sava note kha ka châwm ang.,2,"word_chain,spelling,word_search,tawng_upa,crossword,sentence_builder",
word.hram-4,hrâm,verbs,K2,draft,pending,pending,"Source: Kumtluang Class II (SCERT Mizoram). Note: distinct from ""hram"" already catalogued (different diacritic/word). VERIFY possible duplicate: diacritic-variant of existing word 'hram' already in corpus — confirm same word or distinct before import.",to chirp / sing happily (birds),Sava chuan lawmna leh hlimna hmangin au a ni.,Zingkar chuan sava-in mi hlim takin an hrâm thin a.,2,"word_chain,spelling,word_search,tawng_upa,crossword",
word.var-2,vâr,verbs,K2,draft,pending,pending,Source: Kumtluang Class II (SCERT Mizoram). VERIFY possible duplicate: diacritic-variant of existing word 'Var' already in corpus — confirm same word or distinct before import.,to dawn / become bright,Zan atangin khua a lo eng ve zel a ni.,Khaw a lo vâr tawh avangin naupangte chu an tho ta a.,2,"word_chain,spelling,word_search,tawng_upa,crossword",🌅
word.ngun-2,ngun,adjectives,K2,draft,pending,pending,Source: Kumtluang Class II (SCERT Mizoram). VERIFY possible duplicate: diacritic-variant of existing word 'ngûn' already in corpus — confirm same word or distinct before import.,diligent / earnest,"Duhawm taka, hna a thawk theuh a ni.",Zirlai bu ngun takin chhiar rawh.,2,"word_chain,spelling,word_search,tawng_upa,crossword,sentence_builder",
word.dim,dim,verbs,K2,draft,pending,pending,"Source: Kumtluang Class II (SCERT Mizoram). VERIFY: gloss (to hide/lurk stealthily) inferred from a jackal lurking in the story context, confirm before use.",to hide / lurk stealthily,Mi hmuh loh nan hmun thupah insual a ni.,Sazu chu thingpui hnuaiah a dim a.,2,"word_chain,spelling,word_search,tawng_upa,crossword,sentence_builder",
word.veilam-2,veilam,body,K2,draft,pending,pending,"Source: Kumtluang Class II (SCERT Mizoram). VERIFY: exact meaning uncertain — could mean ""wrist"" or more generally ""the side/alongside""; confirm before use.",the side of / alongside (possibly wrist),A chhehvel emaw a kar lamah emaw a ni.,Lehkhabu chu dawrkang veilamah ka dah a.,2,"word_chain,spelling,word_search,tawng_upa,crossword,sentence_builder",
word.sial,sial,animals,K2,draft,pending,pending,Source: Kumtluang Class II (SCERT Mizoram). VERIFY culture-sensitive: sial (mithun) is a domesticated bovine central to traditional Mizo feasts of merit and status; route to human culture reviewer.,mithun (a large domesticated bovine),"Bawng ang deuh, hmun sang taka enkawl, Mizote hnathawh hlutah hman pahnih chi a ni.",Sial hi ram taka enkawl a ngai a ni.,2,"picture_match,spelling,word_search,tawng_upa,crossword,thumal_kawp,sentence_builder",🐃
word.vir,vir,verbs,K2,draft,pending,pending,Source: Kumtluang Class II (SCERT Mizoram).,to shout / cry out,Aw ngaihnawm taka au chhuah a ni.,A hlau avangin a vir chhuak a.,2,"word_chain,spelling,word_search,tawng_upa,crossword,sentence_builder",
word.remchang,remchang,adverbs,K2,draft,pending,pending,Source: Kumtluang Class II (SCERT Mizoram).,carefully / cautiously,"Fing taka, ngaihtuahna nei ngei ngeiin thil ti a ni.",Kawng kan i tum chuan remchang takin en fel rawh.,2,"word_chain,spelling,word_search,tawng_upa,crossword",
word.it,ît,verbs,K2,draft,pending,pending,"Source: Kumtluang Class II (SCERT Mizoram). VERIFY: gloss (to crave/be eager for) inferred from a hungry-owl story context, confirm before use.",to crave / be eager for,"Duh nasa hle a, tan lo mai theih lo a ni.",Chaw ei a ît avangin a hun a la ngai lo.,2,"word_chain,spelling,word_search,tawng_upa,crossword",
word.feh,feh,verbs,K2,draft,pending,pending,Source: Kumtluang Class II (SCERT Mizoram).,to go / set off (colloquial),Hmun khatah atangin kal chhuak a ni.,"Kan feh dawn tawh, i insiam let em?",2,"word_chain,spelling,word_search,tawng_upa,crossword,sentence_builder",
word.chhep,chhep,verbs,K2,draft,pending,pending,Source: Kumtluang Class II (SCERT Mizoram). VERIFY: exact onomatopoeic nuance (owl's hoot) confirmed from a fable-listening exercise sentence.,to hoot / screech (owl's cry),"Sava-bu au dan, zan lamah au thin a ni.",Zanah savabu chu a chhep thin a.,2,"word_chain,spelling,word_search,tawng_upa,crossword,sentence_builder",
word.vengtu,vêngtu,people,K2,draft,pending,pending,"Source: Kumtluang Class II (SCERT Mizoram). VERIFY spelling-variant: also found as class2:word.vengtu='vêngtu'(K2), class7:word.vengtu='vengtu'(K7) — confirm distinct words or same word/typo.",shepherd / guardian,"Rannung emaw mi emaw enkawl a, venhim a ni.",Berâm vêngtu chuan a berâm te ram takin a enkawl thin a.,2,"picture_match,spelling,word_search,tawng_upa,crossword,thumal_kawp",
word.hlobet,hlobet,nature,K2,draft,pending,pending,"Source: Kumtluang Class II (SCERT Mizoram). VERIFY: gloss (a green meadow/pasture) inferred from a Psalm-23-style poem context, confirm before use.",a green meadow / pasture,"Hnah hring tak puan, rannung ei tur famkim hmun a ni.",Berâmte chu hlobet ah an rem a.,2,"picture_match,spelling,word_search,tawng_upa,crossword,thumal_kawp,sentence_builder",🌾
word.bawhtir,bawhtîr,verbs,K2,draft,pending,pending,"Source: Kumtluang Class II (SCERT Mizoram). VERIFY: gloss (to make an animal lie down and rest) inferred from a Psalm-23-style poem context, confirm before use.",to make (an animal) lie down and rest,"Chawlhna atan chak takin a bo suk a, a lektir a ni.",Rannung chu hlim taka a bawhtîr thin a.,2,"word_chain,spelling,word_search,tawng_upa,crossword,sentence_builder",
word.felna,felna,abstract,K2,draft,pending,pending,"Source: Kumtluang Class II (SCERT Mizoram). VERIFY: gloss (righteousness/moral uprightness) inferred from a Psalm-23-style poem context, confirm before use.",righteousness / moral uprightness,Thil dik leh tha taka thawh dan a ni.,Felna kawngah kan awm reng tur a ni.,2,"word_chain,spelling,word_search,tawng_upa,crossword,sentence_builder",
word.tiang,tiang,objects,K2,draft,pending,pending,"Source: Kumtluang Class II (SCERT Mizoram). VERIFY: gloss (a rod/staff) inferred from a Psalm-23-style poem context, confirm before use.",a rod / staff,"Thing rem, kut ah pawm a, kal lai chak nan hman a ni.",Pu chuan tiang chelhin lamah a kal a.,2,"picture_match,spelling,word_search,tawng_upa,crossword,thumal_kawp,sentence_builder",
word.dawhkan,dawhkân,objects,K2,draft,pending,pending,"Source: Kumtluang Class II (SCERT Mizoram). VERIFY spelling-variant: also found as class2:word.dawhkan='dawhkân'(K2), vartian:word.dawhkan='Dawhkan'(TQ0) — confirm distinct words or same word/typo.",a table,"Chaw emaw thil emaw dah nan hman, ke pali nei siamthil a ni.",Chaw kan ei hmaah dawhkân kan siam a.,2,"picture_match,spelling,word_search,tawng_upa,crossword,thumal_kawp,sentence_builder",
word.ngilneihna,ngilneihna,abstract,K2,draft,pending,pending,"Source: Kumtluang Class II (SCERT Mizoram). VERIFY: gloss (mercy/kindness) inferred from a Psalm-23-style poem context, confirm before use.",mercy / kindness,Mi harsatna tawktu chunga khawngaihna lantirna a ni.,Ngilneihna hmangin mi harsa te kan tanpui tur a ni.,2,"word_chain,spelling,word_search,tawng_upa,crossword",
word.khirh,khirh,adjectives,K2,draft,pending,pending,Source: Kumtluang Class II (SCERT Mizoram).,to be chronically ill / sickly,"Rei tak natna nei zel a, a dam thin ngai lo a ni.","Ka pi hi a khirh tawh vek a, hna a thawk theih lo ta.",2,"word_chain,spelling,word_search,tawng_upa,crossword",
word.beidawng,beidawng,adjectives,K2,draft,pending,pending,Source: Kumtluang Class II (SCERT Mizoram).,hopeless / without a way out,"Dam theihna kawng awm lovin, rilru a chhia ve a ni.",Damdawi engmah an tih tawh loh chuan an beidawng ta a.,2,"word_chain,spelling,word_search,tawng_upa,crossword",
word.natna,natna,health,K2,draft,pending,pending,Source: Kumtluang Class II (SCERT Mizoram).,illness / sickness,"Taksa dam lohna, hri a ni.",Ka natna avangin ka sikul kal thei lo a.,2,"picture_match,spelling,word_search,tawng_upa,crossword,thumal_kawp,sentence_builder",🤒
word.nghet,nghet,adjectives,K2,draft,pending,pending,Source: Kumtluang Class II (SCERT Mizoram).,firm / steadfast,"Rilru danglam lovin, kan ngaihtuah tak takin awm reng a ni.",Kan thinlung hi nghet taka awm reng rawh se.,2,"word_chain,spelling,word_search,tawng_upa,crossword,sentence_builder",
word.aiawh,aiawh,verbs,K2,draft,pending,pending,Source: Kumtluang Class II (SCERT Mizoram).,to request / ask for earnestly,Mi dang hnenah thil pek dilna a ni.,Ka pa hnenah pawisa ka aiawh a.,2,"word_chain,spelling,word_search,tawng_upa,crossword,sentence_builder",
word.inlar,inlâr,verbs,K2,draft,pending,pending,"Source: Kumtluang Class II (SCERT Mizoram). VERIFY: gloss (to appear/manifest oneself) inferred from a Bible-story context (God appearing in a dream), confirm before use.",to appear / manifest oneself,Awmzia lantir turin lo lang chhuak a ni.,Lal chu naupang mumangah a lo inlâr thin.,2,"word_chain,spelling,word_search,tawng_upa,crossword,sentence_builder",
word.inhnial,inhnial,verbs,K2,draft,pending,pending,Source: Kumtluang Class II (SCERT Mizoram).,to argue with each other / to each deny the other's claim,"Thil khat chungchang ah pahnih chuan an inro lo, an indem a ni.",Nu pahnihte kha naute chungchangah an inhnial a.,2,"word_chain,spelling,word_search,tawng_upa,crossword,sentence_builder",
word.umpha,ûmpha,adverbs,K2,draft,pending,pending,"Source: Kumtluang Class II (SCERT Mizoram). VERIFY: gloss (severely/very badly) inferred from a burn-injury story context, confirm before use.",severely / very badly,A hnuklam tak taka thleng a ni.,A ke chu a kang ûmpha avangin daktawr hnenah an kal ta a.,2,"word_chain,spelling,word_search,tawng_upa,crossword",
word.lawmawm-2,lawmawm,adjectives,K2,draft,pending,pending,Source: Kumtluang Class II (SCERT Mizoram).,joyful / glad,"Rilru a hlim hle a, lawm um um a ni.",Kut pawimawh a hun chuan naupangte chu an lawmawm hle a.,2,"word_chain,spelling,word_search,tawng_upa,crossword",😊
word.tumruh,tumruh,adjectives,K2,draft,pending,pending,Source: Kumtluang Class II (SCERT Mizoram).,stubborn / strongly determined,"A rilru danglam duh lo va, a duh zawng zawng ti dinhmun a ni.",Naupang tumruh takin a thiltih dan a chang duh lo a.,2,"word_chain,spelling,word_search,tawng_upa,crossword",
word.balhla,balhla,food,K2,draft,pending,pending,Source: Kumtluang Class II (SCERT Mizoram).,banana,"Thlai chi khat, a rawng eng, a lo ang deuh a ni.",Balhla ka ei duh a.,2,"picture_match,spelling,word_search,tawng_upa,crossword,thumal_kawp,sentence_builder",🍌
word.fel,fel,adjectives,K2,draft,pending,pending,Source: Kumtluang Class II (SCERT Mizoram).,well-behaved / righteous / proper in conduct,"Awm dan tha, thil dik taka thawktu a ni.",Naupang fel chu mi zawng zawngin an duh a.,2,"word_chain,spelling,word_search,tawng_upa,crossword,sentence_builder",
word.tuihal,tuihâl,adjectives,K2,draft,pending,pending,"Source: Kumtluang Class II (SCERT Mizoram). VERIFY: gloss (thirsty) inferred from a proverb-style matching exercise, confirm before use.",thirsty,"Tui dawn a ngai dan, a hal a ni.",Tlan zawh hnu chuan ka tuihâl hle a.,2,"word_chain,spelling,word_search,tawng_upa,crossword,sentence_builder",
word.khar,khâr,adjectives,K2,draft,pending,pending,"Source: Kumtluang Class II (SCERT Mizoram). VERIFY: gloss (far) inferred from an antonym-matching exercise, confirm the paired antonym before use.",far / distant,"A hnai lo va, hmun rei takah awm a ni.",Ka pi in chu kan in atangin a khâr hle a.,2,"word_chain,spelling,word_search,tawng_upa,crossword",
word.hawng-2,hawng,verbs,K2,draft,pending,pending,"Source: Kumtluang Class II (SCERT Mizoram). VERIFY: gloss (to open) inferred from an antonym-matching exercise, confirm the paired antonym before use. VERIFY possible duplicate: diacritic-variant of existing word 'hâwng' already in corpus — confirm same word or distinct before import.",to open,Khar tawh emaw dinh tawh emaw thil chu fel takin siam let a ni.,Thlifim chu ngun takin hawng rawh.,2,"word_chain,spelling,word_search,tawng_upa,crossword,sentence_builder",
word.ring-2,ring,verbs,K2,draft,pending,pending,Source: Kumtluang Class II (SCERT Mizoram).,to believe / trust,"Dik tih hriatin, rinawm tia ngai a ni.",Ka thiante thu hi ka ring tawh a.,2,"word_chain,spelling,word_search,tawng_upa,crossword,sentence_builder",
word.pawnto,pawnto,animals,TQ3,draft,pending,pending,Source: Kumtluang Class III (SCERT Mizoram).,bird,"Thla nei a, chunga a thlawk thei nungcha.",Pawnto chu a thla hmangin chung chunga a thlawk thin.,3,"word_chain,picture_match,spelling,word_search,tawng_upa,crossword,thumal_kawp",🐦
word.sai,sâi,animals,TQ3,draft,pending,pending,Source: Kumtluang Class III (SCERT Mizoram).,elephant,"Sa lian tak, a hnar rei tak nei.",Sâi chu ram lian takah kan hmu thin.,3,"word_chain,picture_match,spelling,word_search,tawng_upa,crossword,thumal_kawp,sentence_builder",🐘
word.sakeibaknei,sakeibaknei,animals,TQ3,draft,pending,pending,Source: Kumtluang Class III (SCERT Mizoram).,lion,"Ramngawa sa zawng zawng lal ber, chak leh mit huaia sa.",Sakeibaknei chu ramngawa sa zawng zawng lal a ni.,3,"word_chain,picture_match,spelling,word_search,tawng_upa,crossword,thumal_kawp,sentence_builder",🦁
word.chaichim,chaichim,animals,TQ3,draft,pending,pending,Source: Kumtluang Class III (SCERT Mizoram).,mouse,"Sa te tak, tin nêp deuh, in leh ramah awm thin.",Chaichim chu bâwmah a chhak lut thin.,3,"word_chain,picture_match,spelling,word_search,tawng_upa,crossword,thumal_kawp,sentence_builder",🐭
word.chhawk,chhawk,animals,TQ3,draft,pending,pending,Source: Kumtluang Class III (SCERT Mizoram).,wild boar,"Ramngawa awm vawk te, chak tak leh mit huai deuh.",Chhawk chu hmun thim takah a chêng thin.,3,"word_chain,picture_match,spelling,word_search,tawng_upa,crossword,thumal_kawp,sentence_builder",🐗
word.arpa,arpa,animals,TQ3,draft,pending,pending,Source: Kumtluang Class III (SCERT Mizoram).,rooster,"Ar pa, zingkhawvarah a au thin.",Arpa chu zingah a au ngat ngat thin.,3,"word_chain,picture_match,spelling,word_search,tawng_upa,crossword,thumal_kawp,sentence_builder",🐓
word.arbawm,arbawm,household,TQ3,draft,pending,pending,Source: Kumtluang Class III (SCERT Mizoram).,chicken coop,Ar te awmna atana siam bâwm emaw in te niin a awm.,Kan in kova chuan arbawm kan siam a.,3,"word_chain,spelling,word_search,tawng_upa,crossword,sentence_builder",
word.fanghmir,fanghmir,animals,TQ3,draft,pending,pending,Source: Kumtluang Class III (SCERT Mizoram).,ant,"Nungcha te tak, pawl inhuamin hna an thawk zung zung thin.","Fanghmir te chu an hnatlang thin a, dangdai an ni.",3,"word_chain,picture_match,spelling,word_search,tawng_upa,crossword,thumal_kawp",🐜
word.phengphehlep,phêngphehlep,animals,TQ3,draft,pending,pending,Source: Kumtluang Class III (SCERT Mizoram).,butterfly,"Thla mawi tak nei nungcha te, huanah leh pangparah a lêng thin.",Phêngphehlep chu pangparah a thlâwk zel thin.,3,"word_chain,picture_match,spelling,word_search,tawng_upa,crossword,thumal_kawp,sentence_builder",🦋
word.pangang,pangang,animals,TQ3,draft,pending,pending,Source: Kumtluang Class III (SCERT Mizoram).,caterpillar,"Phêngphehlep a la ni hma, thing an leh anah awm tê tak.",Pangang chu ni hnu chuan phêngphehlepah a inthlak thin.,3,"word_chain,picture_match,spelling,word_search,tawng_upa,crossword,thumal_kawp,sentence_builder",🐛
word.buhchium,buhchiûm,nature,TQ3,draft,pending,pending,Source: Kumtluang Class III (SCERT Mizoram).,cocoon,Pangang chuan a intum na atana a siam inhuam.,Pangang chu buhchiûm chhungah a inhuam a.,3,"word_chain,spelling,word_search,tawng_upa,crossword,sentence_builder",
word.ramhnuai,ramhnuai,nature,TQ3,draft,pending,pending,Source: Kumtluang Class III (SCERT Mizoram).,forest,"Thing leh ram tam taka awm hmun, nungcha tam takin an chêngna.",Sakeibaknei chu ramhnuaiah a lal thin.,3,"word_chain,picture_match,spelling,word_search,tawng_upa,crossword,thumal_kawp,sentence_builder",🌲
word.nungcha,nungcha,animals,TQ3,draft,pending,pending,Source: Kumtluang Class III (SCERT Mizoram).,animal / creature,"Nun nei thil zawng zawng, sa leh ran te.",Ramhnuaiah hian nungcha chi hrang hrang an awm.,3,"word_chain,spelling,word_search,tawng_upa,crossword,sentence_builder",🐾
word.sawntlung,sawntlung,nature,TQ3,draft,pending,pending,Source: Kumtluang Class III (SCERT Mizoram).,anthill / termite mound,"Fanghmir emaw sawntlung te insiamna, lei chunga phul deuh.",A nau chuan sawntlungah a ke a inzial ta a.,3,"word_chain,picture_match,spelling,word_search,tawng_upa,crossword,thumal_kawp",
word.pasawntlung,pasawntlung,food,TQ3,draft,pending,pending,Source: Kumtluang Class III (SCERT Mizoram).,termite mound mushroom,"Sawntlung atanga chhuak mushroom chi, tam takin ei theih.",Nu leh pa chuan pasawntlung an lo lak fo thin.,3,"word_chain,picture_match,spelling,word_search,tawng_upa,crossword,thumal_kawp",🍄
word.fanghma,fanghma,food,TQ3,draft,pending,pending,Source: Kumtluang Class III (SCERT Mizoram).,bean / legume,"Thlai chi, huan leh loah phun thin, ei theih.",Kan huanah fanghma kan phun a.,3,"word_chain,picture_match,spelling,word_search,tawng_upa,crossword,thumal_kawp,sentence_builder",🫘
word.suangtuah,suangtuah,nature,TQ3,draft,pending,pending,Source: Kumtluang Class III (SCERT Mizoram).,boulder,"Lung lian tak, tlâng leh luiah hmuh theih.",Fanghmir chu suangtuah hnuaiah a awm thin.,3,"word_chain,picture_match,spelling,word_search,tawng_upa,crossword,thumal_kawp,sentence_builder",🪨
word.pangpar,pangpar,nature,TQ3,draft,pending,pending,Source: Kumtluang Class III (SCERT Mizoram).,flower,"Thing leh phunga awm, a mawi a, a rawng hrang hrang nei thei.",Kan huanah pangpar tam tak a awm.,3,"word_chain,picture_match,spelling,word_search,tawng_upa,crossword,thumal_kawp,sentence_builder",🌷
word.theite,theitê,food,TQ3,draft,pending,pending,VERIFY: the exact fruit species the book means is not fully certain. Source: Kumtluang Class III (SCERT Mizoram).,mandarin orange,"Thei chi pakhat, a vôr a sen a, a tui a lum.",Thlasikah chuan theitê a hmin thin.,3,"word_chain,picture_match,spelling,word_search,tawng_upa,crossword,thumal_kawp,sentence_builder",🍊
word.sapthei,sâpthei,food,TQ3,draft,pending,pending,Source: Kumtluang Class III (SCERT Mizoram).,guava,"Thei chi pakhat, a hnâr a mawi a, a chhung a sen thei.",Kan huan kianga sâpthei kung a awm.,3,"word_chain,picture_match,spelling,word_search,tawng_upa,crossword,thumal_kawp,sentence_builder",
word.tlang,tlâng,nature,TQ3,draft,pending,pending,Source: Kumtluang Class III (SCERT Mizoram).,hill / mountain,Lei chunga sang taka indîng hmun.,Kan khua hi tlâng chungah a awm.,3,"word_chain,picture_match,spelling,word_search,tawng_upa,crossword,thumal_kawp,sentence_builder",⛰️
word.huan,huan,nature,TQ3,draft,pending,pending,Source: Kumtluang Class III (SCERT Mizoram).,garden,In kova pangpar leh thlai phunna hmun.,Kan huanah pangpar leh thlai kan phun thin.,3,"word_chain,picture_match,spelling,word_search,tawng_upa,crossword,thumal_kawp,sentence_builder",🌻
word.lungdawh,lungdawh,nature,TQ3,draft,pending,pending,Source: Kumtluang Class III (SCERT Mizoram).,frost,Zing khaw dâwka thla lai a dam avanga khur lo lai kaltlangin a lang thin fim.,Thlasikah chuan lungdawh a tla thin.,3,"word_chain,spelling,word_search,tawng_upa,crossword,sentence_builder",❄️
word.ruahthimpui,ruah thimpui,nature,TQ3,draft,pending,pending,Source: Kumtluang Class III (SCERT Mizoram).,dark rain clouds,"Vânah lang khâwk, ruah tam tak a tla dawn tih hriattirtu.",Ruah thimpui a lang chuan puanin i lu tuk rawh.,3,"word_chain,spelling,word_search,tawng_upa,crossword",🌧️
word.nipui,nipui,seasons,TQ3,draft,pending,pending,Source: Kumtluang Class III (SCERT Mizoram).,summer,Mizo thla puite zinga khawvar leh chak lai.,Nipuiah chuan khaw a chak hle thin.,3,"word_chain,spelling,word_search,tawng_upa,crossword,sentence_builder",☀️
word.fur,fûr,seasons,TQ3,draft,pending,pending,Source: Kumtluang Class III (SCERT Mizoram).,monsoon / rainy season,Ruah tam taka tla lai hun.,Fûr lai chuan ruah tam tak a tla thin.,3,"word_chain,spelling,word_search,tawng_upa,crossword,sentence_builder",🌧️
word.favang,favâng,seasons,TQ3,draft,pending,pending,Source: Kumtluang Class III (SCERT Mizoram).,autumn,Hnah te an tak lai leh chhûk chauhin an la dam lai.,Favângah chuan hnah a tak tam hle.,3,"word_chain,spelling,word_search,tawng_upa,crossword,sentence_builder",🍂
word.thlasik,thlasik,seasons,TQ3,draft,pending,pending,Source: Kumtluang Class III (SCERT Mizoram).,winter,"Khaw a dâwk berna hun, mite tuar zual lai.",Thlasikah chuan khaw a dâwk hle thin.,3,"word_chain,spelling,word_search,tawng_upa,crossword,sentence_builder",❄️
word.nikir,nikir,seasons,TQ3,draft,pending,pending,VERIFY: the exact scope of this seasonal word is not fully certain. Source: Kumtluang Class III (SCERT Mizoram).,mid-year monsoon rain,"Kum laizawnah lo tla ruah chi, khua tam tak a chêng thin.",Nikir ruah chuan lui a tikam thin.,3,"word_chain,spelling,word_search,tawng_upa,crossword,sentence_builder",
word.pawlkutthla,pawlkut thla,calendar,TQ3,draft,pending,pending,Source: Kumtluang Class III (SCERT Mizoram).,January (Mizo month),Mizo thla chhiar dan hian January hming ang hian a ko.,Pawlkut thla hi kum thar hmasak ber thla a ni.,3,"word_chain,spelling,word_search,tawng_upa,crossword",
word.ramtukthla,ramtuk thla,calendar,TQ3,draft,pending,pending,Source: Kumtluang Class III (SCERT Mizoram).,February (Mizo month),Mizo thla chhiar dan hian February hming ang hian a ko.,Ramtuk thla chu February hi a ni.,3,"word_chain,spelling,word_search,tawng_upa,crossword,sentence_builder",
word.vauthla,vâu thla,calendar,TQ3,draft,pending,pending,Source: Kumtluang Class III (SCERT Mizoram).,March (Mizo month),Mizo thla chhiar dan hian March hming ang hian a ko.,Vâu thla chuan chapchar kut kan hman thin.,3,"word_chain,spelling,word_search,tawng_upa,crossword,sentence_builder",
word.tauthla,tâu thla,calendar,TQ3,draft,pending,pending,Source: Kumtluang Class III (SCERT Mizoram).,April (Mizo month),Mizo thla chhiar dan hian April hming ang hian a ko.,Tâu thlaah kan loah chi kan phun thin.,3,"word_chain,spelling,word_search,tawng_upa,crossword,sentence_builder",
word.tomirthla,tomir thla,calendar,TQ3,draft,pending,pending,Source: Kumtluang Class III (SCERT Mizoram).,May (Mizo month),Mizo thla chhiar dan hian May hming ang hian a ko.,Tomir thlaah ruah a sur ta thin.,3,"word_chain,spelling,word_search,tawng_upa,crossword,sentence_builder",
word.nikirthla,nikir thla,calendar,TQ3,draft,pending,pending,Source: Kumtluang Class III (SCERT Mizoram).,June (Mizo month),Mizo thla chhiar dan hian June hming ang hian a ko.,Nikir thlaah ruah tam tak a tla thin.,3,"word_chain,spelling,word_search,tawng_upa,crossword,sentence_builder",
word.vawkhniahzawnthla,vawkhniahzawn thla,calendar,TQ3,draft,pending,pending,Source: Kumtluang Class III (SCERT Mizoram).,July (Mizo month),Mizo thla chhiar dan hian July hming ang hian a ko.,Vawkhniahzawn thla chu fûr laizawnah a awm.,3,"word_chain,spelling,word_search,tawng_upa,crossword,sentence_builder",
word.thlazing,thlazîng,calendar,TQ3,draft,pending,pending,Source: Kumtluang Class III (SCERT Mizoram).,August (Mizo month),Mizo thla chhiar dan hian August hming ang hian a ko.,Thlazîngah loa buh a rah lai a ni.,3,"word_chain,spelling,word_search,tawng_upa,crossword,sentence_builder",
word.mimkutthla,mimkût thla,calendar,TQ3,draft,pending,pending,Source: Kumtluang Class III (SCERT Mizoram).,September (Mizo month),Mizo thla chhiar dan hian September hming ang hian a ko.,Mimkût thla chu favâng inṭan hun a ni.,3,"word_chain,spelling,word_search,tawng_upa,crossword,sentence_builder",
word.khuangchawithla,khuangchawi thla,calendar,TQ3,draft,pending,pending,Source: Kumtluang Class III (SCERT Mizoram).,October (Mizo month),Mizo thla chhiar dan hian October hming ang hian a ko.,Khuangchawi thlaah kut ropui an hman thin.,3,"word_chain,spelling,word_search,tawng_upa,crossword,sentence_builder",
word.sahmulphahthla,sahmulphah thla,calendar,TQ3,draft,pending,pending,Source: Kumtluang Class III (SCERT Mizoram).,November (Mizo month),Mizo thla chhiar dan hian November hming ang hian a ko.,Sahmulphah thla chu thlasik ṭan hun a ni.,3,"word_chain,spelling,word_search,tawng_upa,crossword,sentence_builder",
word.pawltlakthla,pawltlâk thla,calendar,TQ3,draft,pending,pending,Source: Kumtluang Class III (SCERT Mizoram).,December (Mizo month),Mizo thla chhiar dan hian December hming ang hian a ko.,Pawltlâk thlaah kum a tawp deuh thin.,3,"word_chain,spelling,word_search,tawng_upa,crossword,sentence_builder",
word.kut,kût,festivals,TQ3,draft,pending,pending,Source: Kumtluang Class III (SCERT Mizoram).,festival,"Khaw mite an inhmu khawm a, hlim taka an hman ni.",Chapchar kut hi Mizo kût pawimawh tak a ni.,3,"word_chain,spelling,word_search,tawng_upa,crossword,sentence_builder",🎉
word.khuangchawi,khuangchawi,festivals,TQ3,draft,pending,pending,VERIFY: this is a specific traditional festival name; details are simplified here for a vocabulary entry. Source: Kumtluang Class III (SCERT Mizoram).,feast of merit (traditional Mizo festival),"Hmanlai Mizo khawtlangah hman ropui tak, mi pakhat lalzahna tur hman.",Khuangchawi hi Mizo kût hlu tak a ni.,3,"word_chain,spelling,word_search,tawng_upa,crossword,sentence_builder",
word.sawhchiar,sawhchiar,festivals,TQ3,draft,pending,pending,VERIFY: the exact custom this refers to is simplified here. Source: Kumtluang Class III (SCERT Mizoram).,harvest feast (chicken feast),"Buh lakah hlim taka ar sa a, an inhuap khawm hun.",Kum tâwpah chuan âr sawhchiar kan ei fo thin.,3,"word_chain,spelling,word_search,tawng_upa,crossword,sentence_builder",🍗
word.taksa,taksa,body,TQ3,draft,pending,pending,Source: Kumtluang Class III (SCERT Mizoram).,body,Mi pum leh a peng zawng zawng.,Taksa hi kan enfel tlat a ngai.,3,"word_chain,picture_match,spelling,word_search,tawng_upa,crossword,thumal_kawp,sentence_builder",🧍
word.pumpui,pumpui,body,TQ3,draft,pending,pending,Source: Kumtluang Class III (SCERT Mizoram).,stomach,"Taksa pêng, ei leh dawn kan tanna hmun.",Pumpui a nat chuan a fam theih avang chuan enfel a ngai.,3,"word_chain,picture_match,spelling,word_search,tawng_upa,crossword,thumal_kawp",
word.thluak,thluak,body,TQ3,draft,pending,pending,Source: Kumtluang Class III (SCERT Mizoram).,head / brain,"Taksa chunglam ber, rilru leh ngaihtuahna a chinna.",Thluak hi taksa peng pawimawh tak a ni.,3,"word_chain,picture_match,spelling,word_search,tawng_upa,crossword,thumal_kawp,sentence_builder",🧠
word.ka,kâ,body,TQ3,draft,pending,pending,Source: Kumtluang Class III (SCERT Mizoram).,mouth,Ei leh dawn kan tanna leh thu kan sawina taksa peng.,Kâ chuan chaw kan ei a.,3,"word_chain,picture_match,spelling,word_search,tawng_upa,crossword,thumal_kawp,sentence_builder",👄
word.hnar,hnar,body,TQ3,draft,pending,pending,Source: Kumtluang Class III (SCERT Mizoram).,nose,Thlarung kan tanna leh rim kan hriatna taksa peng.,Hnarin thil rim a hria thin.,3,"word_chain,picture_match,spelling,word_search,tawng_upa,crossword,thumal_kawp,sentence_builder",👃
word.beng,beng,body,TQ3,draft,pending,pending,Source: Kumtluang Class III (SCERT Mizoram).,ear,Thu leh hla kan hriatna taksa peng.,Bengin thu kan hriat thin.,3,"word_chain,picture_match,spelling,word_search,tawng_upa,crossword,thumal_kawp,sentence_builder",👂
word.chhungkaw,chhungkaw,family,TQ3,draft,pending,pending,Source: Kumtluang Class III (SCERT Mizoram).,family,"In pakhata awm nu leh pa, fanu leh fapate.",Kan chhungkaw hi mi pahnih a ni.,3,"word_chain,picture_match,spelling,word_search,tawng_upa,crossword,thumal_kawp,sentence_builder",👨‍👩‍👧‍👦
word.nausen,nausên,family,TQ3,draft,pending,pending,Source: Kumtluang Class III (SCERT Mizoram).,infant / baby,"Naupang la fel deuh, a nu leh a pain vawng leh nghah a ngai.",Nausên chu a nu chuan a ip a.,3,"word_chain,picture_match,spelling,word_search,tawng_upa,crossword,thumal_kawp,sentence_builder",👶
word.thenrual,thenrual,family,TQ3,draft,pending,pending,Source: Kumtluang Class III (SCERT Mizoram).,companion / playmate,"Mi pakhat nen inkawm zui tawntawn tur, a duh leh a duh loh a inang.",Ka thenrual te nen sikulah kan kal ho thin.,3,"word_chain,spelling,word_search,tawng_upa,crossword,sentence_builder",
word.sikul,sikul,school,TQ3,draft,pending,pending,Source: Kumtluang Class III (SCERT Mizoram).,school,Naupangte lehkha zir na hmun.,Ni tin sikula ka kal thin.,3,"word_chain,picture_match,spelling,word_search,tawng_upa,crossword,thumal_kawp,sentence_builder",🏫
word.zirtirtu,zirtirtu,school,TQ3,draft,pending,pending,Source: Kumtluang Class III (SCERT Mizoram).,teacher,"Lehkha zirtu naupangte, an fin nan an kaihhruai.",Zirtirtu chuan lehkha min zirtir thin.,3,"word_chain,picture_match,spelling,word_search,tawng_upa,crossword,thumal_kawp,sentence_builder",👩‍🏫
word.hotu,hotu,school,TQ3,draft,pending,pending,Source: Kumtluang Class III (SCERT Mizoram).,class leader / monitor,Pawl chhungah thu awih tur puitling turin thlan naupang.,Kan sikulah hotu hlui leh hotu thar kan nei.,3,"word_chain,spelling,word_search,tawng_upa,crossword,sentence_builder",
word.lehkha,lehkha,school,TQ3,draft,pending,pending,Source: Kumtluang Class III (SCERT Mizoram).,book / letter,"Ziah leh chhiar theih, thu leh hla lo chungin siam.",Ka lehkha ka zir chho thin.,3,"word_chain,picture_match,spelling,word_search,tawng_upa,crossword,thumal_kawp,sentence_builder",📖
word.inkhel,inkhêl,school,TQ3,draft,pending,pending,Source: Kumtluang Class III (SCERT Mizoram).,game / play,"Naupangten hlim taka an thawh, thawmhnaw emaw thil dang hman.",Chawhnu takah chuan inkhêl kan nei thin.,3,"word_chain,picture_match,spelling,word_search,tawng_upa,crossword,thumal_kawp,sentence_builder",🎲
word.phaitual,phaitual,school,TQ3,draft,pending,pending,Source: Kumtluang Class III (SCERT Mizoram).,playground,"Naupangte inkhelna hmun leng, thing tlem tê a nei fo.",Sikul phaitualah kan inkhel thin.,3,"word_chain,picture_match,spelling,word_search,tawng_upa,crossword,thumal_kawp,sentence_builder",🏟️
word.kawtzawl,kawt zâwl,household,TQ3,draft,pending,pending,Source: Kumtluang Class III (SCERT Mizoram).,fence,In emaw huan kimah dinga vengtu.,Kan huan kawt zâwl chu thing hmanga siam a ni.,3,"word_chain,picture_match,spelling,word_search,tawng_upa,crossword,thumal_kawp",
word.milem,milem,school,TQ3,draft,pending,pending,Source: Kumtluang Class III (SCERT Mizoram).,picture / drawing,Kut hmanga siam emaw ziah thil eng.,A âwlah chuan milem a ziak thiam hle.,3,"word_chain,picture_match,spelling,word_search,tawng_upa,crossword,thumal_kawp,sentence_builder",🖼️
word.zirtawpni,zirtawpni,school,TQ3,draft,pending,pending,Source: Kumtluang Class III (SCERT Mizoram).,Friday (last school day of the week),Kar khata zirna ni hnuhnung ber.,Zirtawpnia chuan kan sikul a chhungkhat a ni.,3,"word_chain,spelling,word_search,tawng_upa,crossword,sentence_builder",
word.hnathawh,hnathawh,values,TQ3,draft,pending,pending,Source: Kumtluang Class III (SCERT Mizoram).,hard work / diligence,"Hna thawk chak deuh mizia, kalphung tha tak.",Ka hnathawh avangin lehkha ka zir tha thei a ni.,3,"word_chain,spelling,word_search,tawng_upa,crossword",
word.taihmak,taihmâk,values,TQ3,draft,pending,pending,Source: Kumtluang Class III (SCERT Mizoram).,patience,Tuarna leh hah nasa lai pawh a nghing thei mizia.,Taihmâk hi mi tin nei tur a ni.,3,"word_chain,spelling,word_search,tawng_upa,crossword,sentence_builder",
word.inngeih,inngeih,values,TQ3,draft,pending,pending,Source: Kumtluang Class III (SCERT Mizoram).,endurance / perseverance,Rimchhem awm pawh a beih loh thei mizia.,Lehkha zir hian inngeih a ngai a ni.,3,"word_chain,spelling,word_search,tawng_upa,crossword,sentence_builder",
word.khanchhuk,khanchhuk,household,TQ3,draft,pending,pending,Source: Kumtluang Class III (SCERT Mizoram).,attic / loft storage,In chunglam a thil dah theihna hmun.,Thing te chu khanchhukah kan dah thin.,3,"word_chain,picture_match,spelling,word_search,tawng_upa,crossword,thumal_kawp,sentence_builder",
word.kaiten,kaiṭên,household,TQ3,draft,pending,pending,Source: Kumtluang Class III (SCERT Mizoram).,comb,"Sam siam nana hman thil, ha nei.",Kaiṭênin ka sam ka siam thin.,3,"word_chain,picture_match,spelling,word_search,tawng_upa,crossword,thumal_kawp,sentence_builder",
word.chilhna,chilhna,household,TQ3,draft,pending,pending,Source: Kumtluang Class III (SCERT Mizoram).,act of combing (hair),"Sam siam dan, kaiṭên hmanga sam siam tihna.",Kum tin chhûnah sam chilhna a tul.,3,"word_chain,spelling,word_search,tawng_upa,crossword,sentence_builder",
word.phuba,phubâ,household,TQ3,draft,pending,pending,VERIFY: the exact traditional structure this refers to is simplified here. Source: Kumtluang Class III (SCERT Mizoram).,paddy granary / barn,"Buh dahna in, chhak lam emaw huan kovah din thin.",Kan phubâah buh kan dah thin.,3,"word_chain,picture_match,spelling,word_search,tawng_upa,crossword,thumal_kawp,sentence_builder",🏚️
word.leipui,leipui,community,TQ3,draft,pending,pending,Source: Kumtluang Class III (SCERT Mizoram).,main road / highway,Khua leh khua inkarah kal theihna kawng lian.,Leipui atangin kan in a hla lo.,3,"word_chain,picture_match,spelling,word_search,tawng_upa,crossword,thumal_kawp,sentence_builder",🛣️
word.hnang,hnâng,crafts,TQ3,draft,pending,pending,Source: Kumtluang Class III (SCERT Mizoram).,snare / trap (bamboo-woven),"Mau emaw rua atanga siam, ran man nan hman thil.",Kan pa chuan hnâng a siam thiam hle.,3,"word_chain,picture_match,spelling,word_search,tawng_upa,crossword,thumal_kawp,sentence_builder",
word.hrui,hrui,household,TQ3,draft,pending,pending,Source: Kumtluang Class III (SCERT Mizoram).,rope / string,Thil khai emaw khit nana hman rope.,Hruiin thil ka khit thin.,3,"word_chain,picture_match,spelling,word_search,tawng_upa,crossword,thumal_kawp,sentence_builder",🪢
word.phek,phêk,crafts,TQ3,draft,pending,pending,Source: Kumtluang Class III (SCERT Mizoram).,bamboo strip,"Mau emaw rua a tlem takin at, thil siam nana hman.",Phêk hmangin bawm kan siam thin.,3,"word_chain,picture_match,spelling,word_search,tawng_upa,crossword,thumal_kawp,sentence_builder",
word.thilpek,thilpek,community,TQ3,draft,pending,pending,Source: Kumtluang Class III (SCERT Mizoram).,gift,Mi hnenah lawmna nen pek thil.,Ka chhûnkumin thilpek tha tak ka dawng a.,3,"word_chain,picture_match,spelling,word_search,tawng_upa,crossword,thumal_kawp,sentence_builder",🎁
word.dawngtu,dawngtu,community,TQ3,draft,pending,pending,Source: Kumtluang Class III (SCERT Mizoram).,receiver (of something),Thil pek chu dawng tu mi.,Thilpek dawngtu chuan lawm thu a sawi ṭha ngai.,3,"word_chain,spelling,word_search,tawng_upa,crossword,sentence_builder",
word.petu,petu,community,TQ3,draft,pending,pending,Source: Kumtluang Class III (SCERT Mizoram).,giver (of something),Thil mi hnenah pe tu mi.,Thilpek petu hi zahawm ngai a ni.,3,"word_chain,spelling,word_search,tawng_upa,crossword,sentence_builder",
word.ban,bân,transport,TQ3,draft,pending,pending,Source: Kumtluang Class III (SCERT Mizoram).,window (of a bus/vehicle),Thawmhnaw kalh emaw bus-a lam en theihna hmun.,Bus chuan a bân a hâwng zel thin.,3,"word_chain,picture_match,spelling,word_search,tawng_upa,crossword,thumal_kawp,sentence_builder",🪟
word.khalhna,khalhna,transport,TQ3,draft,pending,pending,VERIFY: the exact term the book uses for this vehicle part is not fully certain. Source: Kumtluang Class III (SCERT Mizoram).,steering wheel,Thawmhnaw kaltlang atu tu hmanga awihna.,Driver chuan khalhna a vawn thin.,3,"word_chain,picture_match,spelling,word_search,tawng_upa,crossword,thumal_kawp,sentence_builder",🚗
word.khapna,khapna,transport,TQ3,draft,pending,pending,VERIFY: the exact term the book uses for this vehicle part is not fully certain. Source: Kumtluang Class III (SCERT Mizoram).,brake,Thawmhnaw kal tihtâwp nana hman thil.,Bus a thutna atan khapna an hmang thin.,3,"word_chain,spelling,word_search,tawng_upa,crossword,sentence_builder",
word.lukhum,lukhum,clothing,TQ3,draft,pending,pending,Source: Kumtluang Class III (SCERT Mizoram).,hat / cap / helmet,"Lu chunga insil thil, khawvel emaw hlauhawm atana insiam tel a awm.",Bus chuang hian lukhum insil a ṭha.,3,"word_chain,picture_match,spelling,word_search,tawng_upa,crossword,thumal_kawp,sentence_builder",🧢
word.chhar,chhar,verbs,TQ3,draft,pending,pending,Source: Kumtluang Class III (SCERT Mizoram).,to sprout / germinate,Thlai emaw fanghma a ke a chhuak ṭan tihna.,Fanghma chu ni tlem chhungin a chhar thin.,3,"word_chain,spelling,word_search,tawng_upa,crossword,sentence_builder",🌱
word.phel,phel,verbs,TQ3,draft,pending,pending,Source: Kumtluang Class III (SCERT Mizoram).,to sow / plant (a seed),Thlai chi lei chhungah dah tihna.,Nau leh unau chuan fanghma an phel ho a.,3,"word_chain,spelling,word_search,tawng_upa,crossword,sentence_builder",🌾
word.inzial,inzial,verbs,TQ3,draft,pending,pending,Source: Kumtluang Class III (SCERT Mizoram).,to wither / dry up,Thlai emaw hnah a chak chhuah loa a tang tihna.,Ruah luat loh vangin thlai a inzial thin.,3,"word_chain,spelling,word_search,tawng_upa,crossword,sentence_builder",
word.hawng,hâwng,verbs,TQ3,draft,pending,pending,Source: Kumtluang Class III (SCERT Mizoram).,to search for,Thil boral emaw tu hriat lo zawng tihna.,A nau a boral chuan a hâwng ve ta a.,3,"word_chain,spelling,word_search,tawng_upa,crossword",
word.hrilh,hrilh,verbs,TQ3,draft,pending,pending,Source: Kumtluang Class III (SCERT Mizoram).,to tell / instruct,Mi hnenah thu emaw kaihhruaina pe tihna.,Ka nun chuan awm dan tha min hrilh thin.,3,"word_chain,spelling,word_search,tawng_upa,crossword,sentence_builder",
word.zilh,zilh,verbs,TQ3,draft,pending,pending,Source: Kumtluang Class III (SCERT Mizoram).,to bathe / wash (someone),Tui hmangin taksa siangsak tihna.,Nau tê chu a nu chuan a zilh thin.,3,"word_chain,picture_match,spelling,word_search,tawng_upa,crossword,thumal_kawp,sentence_builder",🛁
word.tinem,tinêm,verbs,TQ3,draft,pending,pending,Source: Kumtluang Class III (SCERT Mizoram).,to comfort / soothe,Mi lungngai emaw dam lo lungawi tihna.,Ka tap hian ka nuin min tinêm thin.,3,"word_chain,spelling,word_search,tawng_upa,crossword,sentence_builder",
word.tihsak,tihsak,verbs,TQ3,draft,pending,pending,Source: Kumtluang Class III (SCERT Mizoram).,to help / do a favor for someone,Mi tan thil tih pui tihna.,Ka nun chuan thil tam tak min tihsak thin.,3,"word_chain,spelling,word_search,tawng_upa,crossword,sentence_builder",
word.tilawm,tilawm,verbs,TQ3,draft,pending,pending,Source: Kumtluang Class III (SCERT Mizoram).,to make neat and pretty,Thil emaw mi in dah mawi tihna.,Ka nu chuan ka puante a tilawm sak thin.,3,"word_chain,spelling,word_search,tawng_upa,crossword,sentence_builder",
word.fawm,fâwm,verbs,TQ3,draft,pending,pending,Source: Kumtluang Class III (SCERT Mizoram).,to embrace / hold in one's arms,Kut hmanga vawmin taksaah pai tihna.,Ka nu chuan min fâwm thin.,3,"word_chain,picture_match,spelling,word_search,tawng_upa,crossword,thumal_kawp,sentence_builder",🤗
word.zah,zah,verbs,TQ3,draft,pending,pending,Source: Kumtluang Class III (SCERT Mizoram).,to respect,Mi upa emaw thil pawimawh ngaihsak tihna.,Kan pi leh pu kan zah tur a ni.,3,"word_chain,spelling,word_search,tawng_upa,crossword,sentence_builder",
word.lian,lian,verbs,TQ3,draft,pending,pending,Source: Kumtluang Class III (SCERT Mizoram).,to grow up,Naupang atanga puitling lam kal tihna.,A lian chho chho chuan a chak lian zel a.,3,"word_chain,spelling,word_search,tawng_upa,crossword",
word.hah,hah,verbs,TQ3,draft,pending,pending,Source: Kumtluang Class III (SCERT Mizoram).,to pant / be short of breath,Tuar avanga sawtthla hian ei tihna.,Tlan avangin ka hah hle.,3,"word_chain,spelling,word_search,tawng_upa,crossword,sentence_builder",
word.buang,buang,verbs,TQ3,draft,pending,pending,Source: Kumtluang Class III (SCERT Mizoram).,to transform / change form,Thil pakhat a mêl dang lam thlak tihna.,Pangang chu phêngphehlepah a buang thin.,3,"word_chain,spelling,word_search,tawng_upa,crossword,sentence_builder",
word.paih,paih,verbs,TQ3,draft,pending,pending,Source: Kumtluang Class III (SCERT Mizoram).,to throw away / discard,Thil hman lo tur emaw thil lawi ṭhen tihna.,Sa tual chu paih vat rawh.,3,"word_chain,spelling,word_search,tawng_upa,crossword,sentence_builder",
word.nemthep,nêm thep,verbs,TQ3,draft,pending,pending,Source: Kumtluang Class III (SCERT Mizoram).,to squeeze / crush gently,Kut hmanga theuh reng tihna.,Antam chu a nêm thep chuan a nêm ta a.,3,"word_chain,spelling,word_search,tawng_upa,crossword",
word.thlawk,thlâwk,verbs,TQ3,draft,pending,pending,Source: Kumtluang Class III (SCERT Mizoram).,to fly / flutter,Thla hmanga vânah lêng tihna.,Phêngphehlep chu pangparah a thlâwk zel thin.,3,"word_chain,spelling,word_search,tawng_upa,crossword,sentence_builder",
word.keng,keng,verbs,TQ3,draft,pending,pending,Source: Kumtluang Class III (SCERT Mizoram).,to hang up (for display),Thil pakhat chunglamah khai/dah tihna.,Ka milem chu tlangah ka keng dawn nia.,3,"word_chain,spelling,word_search,tawng_upa,crossword,sentence_builder",
word.ngaihtuah,ngaihtuah,verbs,TQ3,draft,pending,pending,Source: Kumtluang Class III (SCERT Mizoram).,to think / consider,"Rilrua a chhui tihna, thu emaw thil chungchang.",Chhan tur ka ngaihtuah reng a.,3,"word_chain,spelling,word_search,tawng_upa,crossword,sentence_builder",
word.pan,pan,verbs,TQ3,draft,pending,pending,Source: Kumtluang Class III (SCERT Mizoram).,to weave / plait (bamboo),Mau emaw rua hmanga bawm siam tihna.,Kan pa chuan bawm a pan thiam hle.,3,"word_chain,spelling,word_search,tawng_upa,crossword,sentence_builder",
word.ngaithiam,ngai thiam,verbs,TQ3,draft,pending,pending,Source: Kumtluang Class III (SCERT Mizoram).,to forgive,Mi thil sual tih chu a chunga thin loa lawm tihna.,Ka thiante hian min ngai thiam thin.,3,"word_chain,spelling,word_search,tawng_upa,crossword,sentence_builder",
word.hrethiam,hre thiam,verbs,TQ3,draft,pending,pending,Source: Kumtluang Class III (SCERT Mizoram).,to understand,Thil pakhat a awmzia hriat tihna.,Thupui ka hre thiam ta a.,3,"word_chain,spelling,word_search,tawng_upa,crossword,sentence_builder",
word.khawk,khâwk,verbs,TQ3,draft,pending,pending,Source: Kumtluang Class III (SCERT Mizoram).,to roar (of an animal),Sa lian ten an aw ring taka chhuah tihna.,Sakeibaknei chu a khâwk hian ram a tikawk thin.,3,"word_chain,spelling,word_search,tawng_upa,crossword,sentence_builder",
word.duat,duat,verbs,TQ3,draft,pending,pending,Source: Kumtluang Class III (SCERT Mizoram).,to compete / contend,Mi pahnih emaw hnathawh chungchangah in tuk tihna.,Zirna chungchangah kan duat thin.,3,"word_chain,spelling,word_search,tawng_upa,crossword,sentence_builder",
word.inpeih,inpeih,verbs,TQ3,draft,pending,pending,Source: Kumtluang Class III (SCERT Mizoram).,to get ready / prepare,Kal emaw thil tih hmaa mahni siam tihna.,Sikul kal atan ka inpeih a.,3,"word_chain,spelling,word_search,tawng_upa,crossword,sentence_builder",
word.thui,thui,verbs,TQ3,draft,pending,pending,Source: Kumtluang Class III (SCERT Mizoram).,to tie / fasten,Hrui emaw khaikhirh hmanga khit tihna.,Ka pheikhawp ka thui rawh ang u.,3,"word_chain,spelling,word_search,tawng_upa,crossword,sentence_builder",
word.thianghlim,thianghlim,adjectives,TQ3,draft,pending,pending,Source: Kumtluang Class III (SCERT Mizoram).,clean / pure,Bawlhhlawh emaw chhia awm lo mizia.,Kan chhungkuaah thianghlim kan ngaihsak a ngai.,3,"word_chain,spelling,word_search,tawng_upa,crossword,sentence_builder",
word.zuah,zuah,adjectives,TQ3,draft,pending,pending,Source: Kumtluang Class III (SCERT Mizoram).,proud / arrogant,Mahni chak leh ropui ngaihin ngaihdan.,A zuah avangin thenawmte a en fo lo.,3,"word_chain,spelling,word_search,tawng_upa,crossword,sentence_builder",
word.ropui,ropui,adjectives,TQ3,draft,pending,pending,Source: Kumtluang Class III (SCERT Mizoram).,great / majestic,Hlu leh sang tak mizia.,Sakeibaknei hi sa ropui tak a ni.,3,"word_chain,spelling,word_search,tawng_upa,crossword,sentence_builder",
word.lungchhia,lungchhia,emotions,TQ3,draft,pending,pending,Source: Kumtluang Class III (SCERT Mizoram).,sad / unhappy,Rilru a nat leh lawm loh dan.,Ka thiante an paih chuan ka lungchhia hle.,3,"word_chain,picture_match,spelling,word_search,tawng_upa,crossword,thumal_kawp,sentence_builder",😢
word.mangang,mangang,emotions,TQ3,draft,pending,pending,Source: Kumtluang Class III (SCERT Mizoram).,scared / frightened,Hlau leh thlung mizia.,Thim khawpin ka mangang lutuk a.,3,"word_chain,picture_match,spelling,word_search,tawng_upa,crossword,thumal_kawp,sentence_builder",😨
word.thlamuang,thlamuang,adjectives,TQ3,draft,pending,pending,Source: Kumtluang Class III (SCERT Mizoram).,peaceful / calm,Buai leh nawichuah awm lo mizia.,In tuah hnuah kan chhungkua chu thlamuang takin an awm ta.,3,"word_chain,spelling,word_search,tawng_upa,crossword",
word.chau,chau,adjectives,TQ3,draft,pending,pending,Source: Kumtluang Class III (SCERT Mizoram).,exhausted / weak,Thawknem tak avanga chak awm ta lo dan.,Kal rei tak avangin ka chau hle.,3,"word_chain,spelling,word_search,tawng_upa,crossword,sentence_builder",
word.lungrual,lungrual,adjectives,TQ3,draft,pending,pending,Source: Kumtluang Class III (SCERT Mizoram).,unified / in harmony,Inhmang leh in remna nena thawh khawm dan.,Kan chhungkuaah lungrual kan awm a ngai.,3,"word_chain,spelling,word_search,tawng_upa,crossword,sentence_builder",
word.fiah,fiah,adjectives,TQ3,draft,pending,pending,Source: Kumtluang Class III (SCERT Mizoram).,clear / plain,Thu emaw hmuh theih dan a fiam thei mizia.,A thusawi chu a fiah hle.,3,"word_chain,spelling,word_search,tawng_upa,crossword,sentence_builder",
word.nep,nêp,adjectives,TQ3,draft,pending,pending,Source: Kumtluang Class III (SCERT Mizoram).,small / lesser (in importance),A tam lo emaw a pawimawh nep zawk mizia.,Taksa peng vek hi a nêp emaw a pawimawh a inang vek.,3,"word_chain,spelling,word_search,tawng_upa,crossword",
word.tangkai,tangkai,adjectives,TQ3,draft,pending,pending,Source: Kumtluang Class III (SCERT Mizoram).,useful,Hman theih tak leh a ṭangkai mizia.,Kut hi taksa peng a tangkai tak a ni.,3,"word_chain,spelling,word_search,tawng_upa,crossword,sentence_builder",
word.finna,finna,abstract,TQ3,draft,pending,pending,Source: Kumtluang Class III (SCERT Mizoram).,wisdom,Thil dik leh dik loh hriat theihna thununna.,Finna hi lehkha zirin kan nei thei a ni.,3,"word_chain,spelling,word_search,tawng_upa,crossword,sentence_builder",
word.thiamna,thiamna,abstract,TQ3,draft,pending,pending,Source: Kumtluang Class III (SCERT Mizoram).,skill / talent,Thil pakhat tih theihna hlutna.,Milem ziak hi thiamna a ngai.,3,"word_chain,spelling,word_search,tawng_upa,crossword,sentence_builder",
word.rethei,rethei,community,TQ3,draft,pending,pending,Source: Kumtluang Class III (SCERT Mizoram).,poor (person),Sum leh pai nei tlem tak mi.,Rethei kan tanpui a ngai.,3,"word_chain,spelling,word_search,tawng_upa,crossword,sentence_builder",
word.riangvai,riangvai,community,TQ3,draft,pending,pending,Source: Kumtluang Class III (SCERT Mizoram).,needy / poor,"Thil ngaihtuah pawimawh nei lo, tanpui a ngai mi.",Riangvai te chu kan hmangaih ngai.,3,"word_chain,spelling,word_search,tawng_upa,crossword,sentence_builder",
word.muanna,muanna,emotions,TQ3,draft,pending,pending,Source: Kumtluang Class III (SCERT Mizoram).,comfort / consolation,Rilru remna leh thlamuang neih theihna.,Ka nu thu chuan muanna a pe thin.,3,"word_chain,spelling,word_search,tawng_upa,crossword,sentence_builder",
word.remna,remna,abstract,TQ3,draft,pending,pending,Source: Kumtluang Class III (SCERT Mizoram).,peace,Buai leh indona awm lo hmun emaw dan.,Kan khuaah remna a awm a ngai.,3,"word_chain,spelling,word_search,tawng_upa,crossword,sentence_builder",
word.hmangaihna,hmangaihna,emotions,TQ3,draft,pending,pending,Source: Kumtluang Class III (SCERT Mizoram).,love,Mi dang duh takin ngaihsak leh enkawl duhna.,Ka nu leh ka pa hmangaihna ka hriat theih hle.,3,"word_chain,picture_match,spelling,word_search,tawng_upa,crossword,thumal_kawp",❤️
word.incheina,incheina,manners,TQ3,draft,pending,pending,Source: Kumtluang Class III (SCERT Mizoram).,manners / etiquette,Mi dang nen inkawmna tur zirtîr fel dan.,Incheina tha hi thil pawimawh tak a ni.,3,"word_chain,spelling,word_search,tawng_upa,crossword,sentence_builder",
word.nungchang,nungchang,abstract,TQ3,draft,pending,pending,Source: Kumtluang Class III (SCERT Mizoram).,character / personality,Mi kalphung leh awmzia tinreng.,A nungchang tha vangin an duh vek a.,3,"word_chain,spelling,word_search,tawng_upa,crossword,sentence_builder",
word.zahthlak,zahthlâk,manners,TQ3,draft,pending,pending,Source: Kumtluang Class III (SCERT Mizoram).,shameful,"Mi hmaah zahsan tur lo, chhia tak mizia.",Thatchhia tih chu zahthlâk a ni.,3,"word_chain,spelling,word_search,tawng_upa,crossword,sentence_builder",
word.thatchhia,thatchhia,manners,TQ3,draft,pending,pending,Source: Kumtluang Class III (SCERT Mizoram).,misbehavior / bad conduct,"Awm dan tha lo, sual tihna kalphung.",Thatchhia tih chu kan pumpelh tur a ni.,3,"word_chain,spelling,word_search,tawng_upa,crossword,sentence_builder",
word.ngaihsak,ngaihsak,manners,TQ3,draft,pending,pending,Source: Kumtluang Class III (SCERT Mizoram).,to respect / value someone,Mi hlutna pawimawh ngaih dan.,Kan pi leh pute chu ngaihsak a ngai.,3,"word_chain,spelling,word_search,tawng_upa,crossword,sentence_builder",
word.ngaihnep,ngaihnêp,manners,TQ3,draft,pending,pending,Source: Kumtluang Class III (SCERT Mizoram).,to look down on / disdain,"Mi emaw thil hnehchhuah dan, a hlutna pawmzo lo.",Mi ngaihnêp hi thil ṭha lo a ni.,3,"word_chain,spelling,word_search,tawng_upa,crossword,sentence_builder",
word.hriselna,hriselna,health,TQ3,draft,pending,pending,Source: Kumtluang Class III (SCERT Mizoram).,health,Taksa dam leh chak tak awmzia.,Hriselna hi ngaih pawimawh a tul.,3,"word_chain,spelling,word_search,tawng_upa,crossword,sentence_builder",💪
word.ngawi,ngawi,emotions,TQ3,draft,pending,pending,Source: Kumtluang Class III (SCERT Mizoram).,to grin sheepishly / smile awkwardly,Zah avanga innah taka nui dan.,A hre thiam loh chuan a ngawi mai a.,3,"word_chain,spelling,word_search,tawng_upa,crossword,sentence_builder",
word.lawm,lawm,emotions,TQ3,draft,pending,pending,Source: Kumtluang Class III (SCERT Mizoram).,thankful / glad,Mi thil pek emaw ṭhatna avanga rilru hlim dan.,Thilpek ka dawng chuan ka lawm hle.,3,"word_chain,picture_match,spelling,word_search,tawng_upa,crossword,thumal_kawp,sentence_builder",😊
word.na,nâ,health,TQ3,draft,pending,pending,Source: Kumtluang Class III (SCERT Mizoram).,painful / sore,Taksa emaw pêng pakhat a chak lo dan.,Ka ke a nâ avangin ka tlan theih lo.,3,"word_chain,spelling,word_search,tawng_upa,crossword,sentence_builder",
word.dangdai,dangdai,adjectives,TQ3,draft,pending,pending,Source: Kumtluang Class III (SCERT Mizoram).,diligent / industrious,Hna thawk hlim leh chak takin awm dan.,Fanghmir chu dangdai tak an ni.,3,"word_chain,spelling,word_search,tawng_upa,crossword,sentence_builder",
word.zakzum,zakzum,emotions,TQ3,draft,pending,pending,Source: Kumtluang Class III (SCERT Mizoram).,shy / bashful,Mi hmaah zah leh inhri dan.,A zakzum avangin a thusawi ngam lo.,3,"word_chain,spelling,word_search,tawng_upa,crossword,sentence_builder",
word.chak,châk,adjectives,TQ3,draft,pending,pending,Source: Kumtluang Class III (SCERT Mizoram).,skillful / clever,Thil tih theihna tha tak nei mizia.,A châk avangin milem a ziak thiam hle.,3,"word_chain,spelling,word_search,tawng_upa,crossword,sentence_builder",
word.tuihnai,tuihnai,adjectives,TQ3,draft,pending,pending,Source: Kumtluang Class III (SCERT Mizoram).,thirst-quenching / refreshing,Thei emaw thil ei chuan tui a hlawh dan.,Thei tuihnai hi khaw luat lai kan ei duh thin.,3,"word_chain,spelling,word_search,tawng_upa,crossword",
word.hnatlang,hnatlang,community,TQ3,draft,pending,pending,Source: Kumtluang Class III (SCERT Mizoram).,community labor / cooperative work,Khaw mi zawng zawngin an in tanpui hnathawh.,Kan khuain hnatlang an nei ṭheuh a.,3,"word_chain,spelling,word_search,tawng_upa,crossword,sentence_builder",
word.fianrial,fianrial,adjectives,TQ3,draft,pending,pending,Source: Kumtluang Class III (SCERT Mizoram).,colorful / vividly patterned,Rawng hrang hrang neia mawi tak mizia.,Phêngphehlep thla chu fianrial tak a ni.,3,"word_chain,picture_match,spelling,word_search,tawng_upa,crossword,thumal_kawp,sentence_builder",🌈
word.mawlhmawlh,mawlh mawlh,adjectives,TQ3,draft,pending,pending,Source: Kumtluang Class III (SCERT Mizoram).,aimlessly / idly,Chak tha zawng lovin thil tih dan.,Chaw a ei loh chuan a mawlh mawlh mai.,3,"word_chain,spelling,word_search,tawng_upa,crossword,sentence_builder",
word.chhuat,chhuat,emotions,TQ3,draft,pending,pending,Source: Kumtluang Class III (SCERT Mizoram).,embarrassed / ashamed,Mi hmaah zahthlâk avanga rilru inrik dan.,A thil tih tawh chungchangah a chhuat hle.,3,"word_chain,spelling,word_search,tawng_upa,crossword,sentence_builder",
word.nghakhlel,nghâkhlel,adjectives,TQ3,draft,pending,pending,Source: Kumtluang Class III (SCERT Mizoram).,careful / cautious,Thil tihah fih taka enfel dan.,Kawng kan kal chuan nghâkhlel a ngai.,3,"word_chain,spelling,word_search,tawng_upa,crossword,sentence_builder",
word.fimkhur,fimkhur,adjectives,TQ3,draft,pending,pending,Source: Kumtluang Class III (SCERT Mizoram).,careful (attentive),Thil tihah thlahrang lo taka enfel dan.,Bus chuang chuan fimkhur a ngai.,3,"word_chain,spelling,word_search,tawng_upa,crossword,sentence_builder",
word.hlauhawm,hlauhawm,adjectives,TQ3,draft,pending,pending,Source: Kumtluang Class III (SCERT Mizoram).,dangerous / frightening,Hlau tur leh tlaithat tur awm theihna mizia.,Kawng lian chu hlauhawm a ni.,3,"word_chain,spelling,word_search,tawng_upa,crossword,sentence_builder",
word.ninawm,ninawm,adjectives,TQ3,draft,pending,pending,Source: Kumtluang Class III (SCERT Mizoram).,suitable / proper,"A tul angin awm dan, a dik.",I thuhma chu ninawm a ni.,3,"word_chain,spelling,word_search,tawng_upa,crossword,sentence_builder",
word.ringawt,ringawt,adjectives,TQ3,draft,pending,pending,Source: Kumtluang Class III (SCERT Mizoram).,only / merely,"Chungpakhat lo chu a dang zawk lo, thil khat chauh awmzia.",Tui ringawt kan in thin.,3,"word_chain,spelling,word_search,tawng_upa,crossword,sentence_builder",
word.phur,phûr,adjectives,TQ3,draft,pending,pending,Source: Kumtluang Class III (SCERT Mizoram).,heavy (burden),"A rit tak, put hah mizia.",Ka bawm hi a phûr hle.,3,"word_chain,spelling,word_search,tawng_upa,crossword,sentence_builder",
word.bung,bung,abstract,TQ3,draft,pending,pending,Source: Kumtluang Class III (SCERT Mizoram).,part / category / group,Thil pakhat chi emaw a peng danglam.,Taksa peng hi bung hrang hrangin siam a ni.,3,"word_chain,spelling,word_search,tawng_upa,crossword,sentence_builder",
word.hnimnuam,hnim nuam,nature,TQ3,draft,pending,pending,Source: Kumtluang Class III (SCERT Mizoram).,pleasant fragrance / nice smell,Rim tha leh nuam tak.,Pangpar rim hnim nuam kan hmuam thin.,3,"word_chain,spelling,word_search,tawng_upa,crossword,sentence_builder",
word.rilru,rilru,abstract,TQ3,draft,pending,pending,Source: Kumtluang Class III (SCERT Mizoram).,mind / spirit,Mi ngaihtuahna leh a rilru put pêngte.,Rilru thianghlim hi a pawimawh.,3,"word_chain,spelling,word_search,tawng_upa,crossword,sentence_builder",
word.mawi,mawi,adjectives,TQ3,draft,pending,pending,Source: Kumtluang Class III (SCERT Mizoram).,beautiful,En nuam leh mit huaia awm dan.,Pangpar hi a mawi hle.,3,"word_chain,picture_match,spelling,word_search,tawng_upa,crossword,thumal_kawp,sentence_builder",✨
word.hlim,hlim,emotions,TQ3,draft,pending,pending,Source: Kumtluang Class III (SCERT Mizoram).,happy / glad,Rilru nuam leh lawm dan.,"Kan hlim hle a, kan lâm bawk.",3,"word_chain,picture_match,spelling,word_search,tawng_upa,crossword,thumal_kawp,sentence_builder",😄
word.pasaltha,pasaltha,history,TQ3,draft,pending,pending,VERIFY: this is a traditional cultural term; kept general rather than tied to the hunting-story plot. Source: Kumtluang Class III (SCERT Mizoram).,brave hunter / warrior (traditional term),Hmanlai Mizo khawtlanga chak leh ngam tak mipa hming.,Hmanlai Mizo khawtlangah pasaltha hi zah an ni thin.,3,"word_chain,spelling,word_search,tawng_upa,crossword,sentence_builder",
word.tawktarh,tawktarh,history,TQ3,draft,pending,pending,"VERIFY: a traditional historical tool; included as vocabulary, not for hunting instruction. Source: Kumtluang Class III (SCERT Mizoram).",old muzzle-loading gun,Hmanlai Mizoten sa man atana an hman silai chi.,Hmanlai mite chuan tawktarh an hman thin.,3,"word_chain,spelling,word_search,tawng_upa,crossword,sentence_builder",
word.airia,airia,abstract,TQ3,draft,pending,pending,Source: Kumtluang Class III (SCERT Mizoram).,fame / renown,Mi hriat tam leh zahawm dan.,A thiamna avangin airia a nei hle.,3,"word_chain,spelling,word_search,tawng_upa,crossword,sentence_builder",
word.kawng,kâwng,nature/objects,K3,draft,pending,pending,Source: Kumtluang Class III (SCERT Mizoram). VERIFY: exact meaning uncertain from context (could be a container/basket or refer to a body part such as the neck); route to human reviewer for precise gloss. VERIFY possible duplicate: diacritic-variant of existing word 'Kawng' already in corpus — confirm same word or distinct before import.,container or neck (uncertain),"Thil dah theih bâwm emaw, taksa chhungril bel emaw a nih theih.",A kâwng chuan thil tam tak a dah thei.,3,"word_chain,spelling,word_search,tawng_upa,crossword,sentence_builder",
word.kezungpui,kezungpui,body,K3,draft,pending,pending,"Source: Kumtluang Class III (SCERT Mizoram). VERIFY: gloss inferred from word parts (ke=foot, zung=base, pui=big); confirm exact meaning.",big toe,"Ke zung chhungril lian ber, ke a bul lam a awm.",Ka kezungpui hi lung ka tawk avangin a na.,3,"picture_match,spelling,word_search,tawng_upa,crossword,thumal_kawp,sentence_builder",🦶
word.ral-2,râl,people/abstract,K3,draft,pending,pending,"Source: Kumtluang Class III (SCERT Mizoram). VERIFY: meaning inferred from folk-tale context; VERIFY culture-sensitive: appears in a mushroom-transformation folk tale (Zirlai 2), route to human culture reviewer. VERIFY spelling-variant: also found as class1:word.ral='ral'(K1), class3:word.ral2='râl'(K3), class4:word.ral='râl'(K4) — confirm distinct words or same word/typo.",enemy,"Mi do tak, remruat lo mi.",Kan khua chu râl an lo run duh a.,3,"word_chain,spelling,word_search,tawng_upa,crossword,sentence_builder",⚔️
word.thlaphang,thlaphâng,nature,K3,draft,pending,pending,Source: Kumtluang Class III (SCERT Mizoram). VERIFY: gloss inferred from lion-and-mouse fable context.,"forest, wilderness","Ram ngaw zau tak, thing leh ram nawlpui awmna.",Sakei chu thlaphâng chhungah a awm ṭhin.,3,"picture_match,spelling,word_search,tawng_upa,crossword,thumal_kawp,sentence_builder",🌲
word.rawl-2,râwl,abstract,K3,draft,pending,pending,Source: Kumtluang Class III (SCERT Mizoram).,"voice, sound",Mi emaw ran emaw awt hriat theih.,A pa râwl a hriat chuan a lawm hle.,3,"word_chain,spelling,word_search,tawng_upa,crossword,sentence_builder",🔊
word.chawhnu,chawhnu,time,K3,draft,pending,pending,Source: Kumtluang Class III (SCERT Mizoram).,afternoon,"Chhun laizawn, zan lo thlen hma hun.",Chawhnu chuan sikul kan kal ṭhin.,3,"word_chain,spelling,word_search,tawng_upa,crossword,sentence_builder",🌇
word.zirtir,zirtir,verbs,K3,draft,pending,pending,Source: Kumtluang Class III (SCERT Mizoram).,"to teach, instruct",Mi lo hriat lo hnenah thu emaw hna emaw zir tirna.,Ka nu'n lehkha ziak min zirtir.,3,"word_chain,spelling,word_search,tawng_upa,crossword,sentence_builder",📖
word.dingdi,dingdi,nature,K3,draft,pending,pending,Source: Kumtluang Class III (SCERT Mizoram). VERIFY: specific flower species uncertain (likely marigold-type).,a garden flower,Huan-ah phun ṭhin pangpar chi pakhat.,Kan huan-ah dingdi an par êm êm.,3,"picture_match,spelling,word_search,tawng_upa,crossword,thumal_kawp,sentence_builder",🌼
word.derhken,derhken,nature,K3,draft,pending,pending,Source: Kumtluang Class III (SCERT Mizoram). VERIFY: specific flower species uncertain (likely dahlia-type).,a garden flower,Huan-ah phun ṭhin pangpar chi pakhat.,Derhken hi kan sikul huanah an tlar.,3,"picture_match,spelling,word_search,tawng_upa,crossword,thumal_kawp,sentence_builder",🌸
word.thangrei,thangrei,nature,K3,draft,pending,pending,Source: Kumtluang Class III (SCERT Mizoram). VERIFY: specific plant species uncertain.,a garden plant,Huan-ah phun ṭhin thlai chi pakhat.,Kan sikul kawt kovah thangrei an phun.,3,"picture_match,spelling,word_search,tawng_upa,crossword,thumal_kawp,sentence_builder",🌿
word.hnahsin,hnahsin,nature,K3,draft,pending,pending,Source: Kumtluang Class III (SCERT Mizoram). VERIFY: specific plant species uncertain (likely coleus-type ornamental).,an ornamental leaf plant,A hnah rawng eng emaw emawa awm avanga huanah phun thlai.,Hnahsin hi a hnah rawng avangin a mawi hle.,3,"picture_match,spelling,word_search,tawng_upa,crossword,thumal_kawp,sentence_builder",🍃
word.theitehmul,theitehmul,food,K3,draft,pending,pending,"Source: Kumtluang Class III (SCERT Mizoram). VERIFY: gloss inferred from word parts (thei=fruit, mul=fuzz); confirm exact meaning.",peach,"Thei chi pakhat, a pum ah mul tê tê a awm.",Theitehmul hi a chi tui tak a ni.,3,"picture_match,spelling,word_search,tawng_upa,crossword,thumal_kawp,sentence_builder",🍑
word.hlai,hlâi,nature,K3,draft,pending,pending,"Source: Kumtluang Class III (SCERT Mizoram). VERIFY: exact species uncertain; possible homonym with the craft-related word 'hlâi' (bamboo strip) seen elsewhere in the book, kept as a separate entry.",a tall tree species,"Sikul huanah dah kung, a sang leh a ding thulh thing chi pakhat.",Hlâi thing kha kan sikul kawngah a ding.,3,"picture_match,spelling,word_search,tawng_upa,crossword,thumal_kawp,sentence_builder",🌲
word.hlai-2,hlâi,tools/craft,K3,draft,pending,pending,"Source: Kumtluang Class III (SCERT Mizoram). VERIFY culture-sensitive: refers to a traditional bamboo/cane splitting technique used in craft-weaving (e.g. making cages/baskets), route to human culture reviewer. Possible homonym with tree-species word 'hlâi', kept as a separate entry.",a thin split bamboo or cane strip (for weaving),"Mau emaw rua emaw a pum lama phêl chhuah, thil siam nan hman.",Thlangte hian arbawm siam turin hlâi an siam.,3,"word_chain,spelling,word_search,tawng_upa,crossword,sentence_builder",🎋
word.kawt,kawt,objects,K3,draft,pending,pending,Source: Kumtluang Class III (SCERT Mizoram). VERIFY: exact meaning (fence vs garden border) uncertain from context.,"fence, hedge",In emaw huan emaw kul kim vela dah bang.,Kan huan kawt kovah pangpar an tlar.,3,"picture_match,spelling,word_search,tawng_upa,crossword,thumal_kawp,sentence_builder",🚧
word.hnung,hnung,directions,K3,draft,pending,pending,Source: Kumtluang Class III (SCERT Mizoram).,"back, rear","Hmasa lam ang lo, nghet lam.",In hnungah huan an nei.,3,"word_chain,spelling,word_search,tawng_upa,crossword,sentence_builder",
word.thuhnuairawlh,thuhnuairawlh,adjectives,K3,draft,pending,pending,Source: Kumtluang Class III (SCERT Mizoram). VERIFY: gloss inferred from a paraphrase-style Beatitudes poem; confirm precise meaning.,"meek, gentle-natured","Mi ngawi tak, thu hnuai lo chhang mi.",Thuhnuairawlh mite chu mi zawng zawngin an duh ṭhin.,3,"word_chain,spelling,word_search,tawng_upa,crossword,sentence_builder",
word.thatna,thatna,abstract,K3,draft,pending,pending,Source: Kumtluang Class III (SCERT Mizoram).,"goodness, kindness","Mi tih dan ṭha, thil ṭha tih hriat.",Thatna kan lantir chuan mi an lawm ṭhin.,3,"word_chain,spelling,word_search,tawng_upa,crossword,sentence_builder",
word.urh,urh,adjectives,K3,draft,pending,pending,Source: Kumtluang Class III (SCERT Mizoram). VERIFY: confirm precise meaning (warmth vs a related sense) from context.,"warmth, heat","Mei emaw ni emawa awm rimna, khal lo taka awm.",Meichhawn hnaih chuan urh a lo awm.,3,"word_chain,spelling,word_search,tawng_upa,crossword,sentence_builder",🔥
word.palh,palh,abstract,K3,draft,pending,pending,Source: Kumtluang Class III (SCERT Mizoram).,"mistake, error",Dik lo taka thil tih emaw sawi emaw.,Palh ka nei chuan ngaihdam ka dil ṭhin.,3,"word_chain,spelling,word_search,tawng_upa,crossword,sentence_builder",
word.choka,choka,objects,K3,draft,pending,pending,Source: Kumtluang Class III (SCERT Mizoram).,door,"In lutna leh chhuahna hmun, kawng bik.","Choka hnâwl suh, mi lo lut ang.",3,"picture_match,spelling,word_search,tawng_upa,crossword,thumal_kawp,sentence_builder",🚪
word.hmusit,hmusit,tools/nature,K3,draft,pending,pending,"Source: Kumtluang Class III (SCERT Mizoram). VERIFY culture-sensitive: relates to traditional pasaltha (warrior/hunter) hunting practice, route to human culture reviewer.","trap, snare (for hunting)",Ram sa man nan siam thil.,Pasaltha chuan sa man nan hmusit an siam ṭhin.,3,"word_chain,spelling,word_search,tawng_upa,crossword,sentence_builder",
word.nghalchang,nghalchang,tools/nature,K3,draft,pending,pending,"Source: Kumtluang Class III (SCERT Mizoram). VERIFY culture-sensitive: a traditional Mizo hunting-trap mechanism, route to human culture reviewer.",a spring-loaded animal trap,"Ram sa man nan siam, a khawih chuan a phîng ṭhin thil.",Nghalchang chu ram sa mannaah an hmang ṭhin.,3,"word_chain,spelling,word_search,tawng_upa,crossword,sentence_builder",
word.sabawp,sa bawp,tools/nature,K3,draft,pending,pending,"Source: Kumtluang Class III (SCERT Mizoram). VERIFY culture-sensitive: relates to traditional hunting practice, route to human culture reviewer.","animal snare, trap","Sa man nan siam thil, a khawih chu a man ve ṭhin.",Ramhnuaiah sa bawp an dah.,3,"word_chain,spelling,word_search,tawng_upa,crossword,sentence_builder",
word.lungthu,lungthu,abstract,K3,draft,pending,pending,"Source: Kumtluang Class III (SCERT Mizoram). VERIFY: meaning uncertain (possibly courage/resolve or spirit/will); VERIFY culture-sensitive: appears in a pasaltha (warrior) narrative, route to human culture reviewer.","courage, resolve, wholeheartedness","Rilru huaisenna, thil tih ngamna leh insiamsakna.",Lungthu nei mi chu a hlau ngai lo.,3,"word_chain,spelling,word_search,tawng_upa,crossword,sentence_builder",
word.awllen,âwllên,time,K3,draft,pending,pending,Source: Kumtluang Class III (SCERT Mizoram). VERIFY: gloss inferred from a Mizo calendar/seasons description.,busy farming season,Lo leh huan hna thawh nasa taka tih hun.,Âwllên hunah chuan mi zawng zawng lo an kal ṭhin.,3,"word_chain,spelling,word_search,tawng_upa,crossword",
word.chhawng,chhâwng,animals,K3,draft,pending,pending,"Source: Kumtluang Class III (SCERT Mizoram). VERIFY: exact animal identity uncertain (could be mithun or pig); VERIFY culture-sensitive: relates to ceremonial/festive slaughter practice, route to human culture reviewer.",mithun or domestic bovine used for feasts,"Ran chi pakhat, kût emaw hun ṭha hun emawa an hnawt/ei ṭhin.",Kût laiin chhâwng an hnawt ṭhin.,3,"picture_match,spelling,word_search,tawng_upa,crossword,thumal_kawp,sentence_builder",
word.sur-2,sûr,verbs,K3,draft,pending,pending,Source: Kumtluang Class III (SCERT Mizoram).,to rain,"Vanah ruah a chhuak a, lei chunga a tla.",Vawiin chu ruah a sûr hle.,3,"word_chain,spelling,word_search,tawng_upa,crossword,sentence_builder",🌧️
word.ruahtui,ruahtui,nature,K3,draft,pending,pending,Source: Kumtluang Class III (SCERT Mizoram).,rainwater,Ruah sûr atanga awm tui.,Ruahtui hi thlai zawngte tan a ṭangkai.,3,"picture_match,spelling,word_search,tawng_upa,crossword,thumal_kawp,sentence_builder",💧
word.peng-2,peng,body,K3,draft,pending,pending,"Source: Kumtluang Class III (SCERT Mizoram). VERIFY spelling-variant: also found as class1:word.peng='pêng'(K1), class3:word.peng='peng'(K3) — confirm distinct words or same word/typo.","part, section (of the body)",Taksa emaw thil emaw a chen tin.,Taksa peng tinah an hna a inang lo.,3,"word_chain,spelling,word_search,tawng_upa,crossword,sentence_builder",
word.faihliau,fai hliau,verbs,K3,draft,pending,pending,Source: Kumtluang Class III (SCERT Mizoram). VERIFY: gloss inferred from a folk-tale context (wiping away tracks/tears).,to wipe away,Tui emaw thil emaw a chunga awm chu chiah/tuk chhuak.,A mit-ah luangte chu a fai hliau ṭhin.,3,"word_chain,spelling,word_search,tawng_upa,crossword,sentence_builder",
word.tungkhawm,tung khawm,verbs,K3,draft,pending,pending,Source: Kumtluang Class III (SCERT Mizoram).,"to gather, assemble together",Mi emaw thil emaw hmun khatah pun khawm.,Naupangte chu classroom-ah an tung khawm.,3,"word_chain,spelling,word_search,tawng_upa,crossword,sentence_builder",
word.engthawl,engthawl,verbs,K3,draft,pending,pending,Source: Kumtluang Class III (SCERT Mizoram).,"to rest, relax","Hna thawh aṭanga chawlh a, taksa leh rilru tihdam.",Sikul aṭang hun chuan a engthawl ṭhin.,3,"word_chain,spelling,word_search,tawng_upa,crossword,sentence_builder",😌
word.vul,vul,verbs,K3,draft,pending,pending,Source: Kumtluang Class III (SCERT Mizoram).,"to bloom, blossom",Pangpar a hawnin a hmuh theih dan a lantir.,Zâwlah pangpar an vul ta.,3,"picture_match,spelling,word_search,tawng_upa,crossword,thumal_kawp,sentence_builder",🌷
word.rapthlak,râpthlâk,adjectives,K3,draft,pending,pending,Source: Kumtluang Class III (SCERT Mizoram). VERIFY: confirm precise gloss from a sentiment-classification exercise.,"pitiful, miserable","Ngaihdam tur, khawngaih a tul mi.",Rethei mi chu râpthlâk tak an ni.,3,"word_chain,spelling,word_search,tawng_upa,crossword,sentence_builder",
word.fai,fai,adjectives,K3,draft,pending,pending,Source: Kumtluang Class III (SCERT Mizoram).,clean,"Nghawng lo, tihchhiat lo.",In hi fai taka dah rawh.,3,"word_chain,spelling,word_search,tawng_upa,crossword,sentence_builder",🧼
word.thui-2,ṭhui,objects,K3,draft,pending,pending,Source: Kumtluang Class III (SCERT Mizoram). VERIFY: spelling uncertain (may be a variant of the excluded word 'thui'); confirm exact meaning (thread/lace vs a distinct term). VERIFY possible duplicate: diacritic-variant of existing word 'thui' already in corpus — confirm same word or distinct before import.,"string, thread, lace",Thil khai emaw pheh emaw nan hman thui te.,Ka khawpui ṭhui chu a phêk ta.,3,"picture_match,spelling,word_search,tawng_upa,crossword,thumal_kawp,sentence_builder",🧵
word.antam,anṭam,animals,K3,draft,pending,pending,"Source: Kumtluang Class III (SCERT Mizoram). VERIFY: spelling/diacritics uncertain; confirm standard Mizo word for caterpillar. VERIFY spelling-variant: also found as class3:word.antam='anṭam'(K3), class6:word.antam='Antam'(K6), vartian:word.antam='Anṭam'(TQ0) — confirm distinct words or same word/typo.",caterpillar,"Phêngphehlep a la ni hma, hnah ei tur rah.",Anṭam chuan hnah a ei ṭhin.,3,"picture_match,spelling,word_search,tawng_upa,crossword,thumal_kawp,sentence_builder",🐛
word.bawm,bâwm,objects,K3,draft,pending,pending,Source: Kumtluang Class III (SCERT Mizoram).,"box, container","Thil dah nan hman, a khup nei ṭhin.",Ka lehkhabu chu bâwm chhungah ka dah.,3,"picture_match,spelling,word_search,tawng_upa,crossword,thumal_kawp,sentence_builder",📦
word.thau,thau,body/food,K3,draft,pending,pending,Source: Kumtluang Class III (SCERT Mizoram).,"fat, grease, oil",Taksa chhung emaw sa chhung emawa awm thil thau.,Anṭam chu a thau tak a lo ni ta.,3,"word_chain,spelling,word_search,tawng_upa,crossword,sentence_builder",
word.vahtir,vahtir,verbs,K3,draft,pending,pending,Source: Kumtluang Class III (SCERT Mizoram).,"to release, let go",Khai lova awm theihna tur pe.,Pangang chu an vahtir ta.,3,"word_chain,spelling,word_search,tawng_upa,crossword,sentence_builder",
word.rualthawt,rual ṭhawt,verbs,K3,draft,pending,pending,Source: Kumtluang Class III (SCERT Mizoram). VERIFY: gloss inferred from a caterpillar/butterfly story context.,to fly off together (startled),Vanah pahnih emaw tam emaw inkarah thlâwk chhuak.,Sava te chu an rual ṭhawt ta.,3,"word_chain,spelling,word_search,tawng_upa,crossword,sentence_builder",
word.thuawih,thuawih,adjectives,K3,draft,pending,pending,Source: Kumtluang Class III (SCERT Mizoram).,"obedient, patient","Thu âwih tak, nu leh pa thu ngaihsak mi.",Thuawih naupang chu mi zawng zawngin an duh ṭhin.,3,"word_chain,spelling,word_search,tawng_upa,crossword,sentence_builder",
word.inzah,inzah,emotions,K3,draft,pending,pending,Source: Kumtluang Class III (SCERT Mizoram).,"shy, embarrassed",Mi tam taka hmaah a zahin a thin a rim.,Sikul thar a kal chho hnu chuan a inzah hle.,3,"word_chain,spelling,word_search,tawng_upa,crossword",😳
word.lei,lei,verbs,K3,draft,pending,pending,Source: Kumtluang Class III (SCERT Mizoram). VERIFY: potential homonym confusion with 'lei' meaning ground/earth; confirm intended sense from context.,to buy,Sum pêkin thil neih.,Ka nu chuan bazar aṭangin thil a lei ṭhin.,3,"word_chain,spelling,word_search,tawng_upa,crossword,sentence_builder",🛒
word.buak,buak,verbs,K3,draft,pending,pending,Source: Kumtluang Class III (SCERT Mizoram). VERIFY: confirm precise verb sense (to spill vs to scatter).,to spill,Tui emaw thil emaw a awm hmun aṭanga chhuak.,Tui chu bâwm chhungin a buak ve.,3,"word_chain,spelling,word_search,tawng_upa,crossword,sentence_builder",
word.tlaivar,tlaivar,time,K3,draft,pending,pending,Source: Kumtluang Class III (SCERT Mizoram).,"evening, dusk","Ni tlai laizawn, zan lo thlen dawn hun.",Tlaivar chuan sikul aṭang kan haw ṭhin.,3,"word_chain,spelling,word_search,tawng_upa,crossword,sentence_builder",🌆
word.hling-2,hling,emotions,K3,draft,pending,pending,Source: Kumtluang Class III (SCERT Mizoram). VERIFY: confirm precise sense (startled vs afraid).,startled,Thil hriat loh emaw awm loh emawa lo thlen chuan a innghawh.,"A hling hle mai a, a innghawh nghal a.",3,"word_chain,spelling,word_search,tawng_upa,crossword,sentence_builder",
word.pua,pua,verbs,K3,draft,pending,pending,Source: Kumtluang Class III (SCERT Mizoram).,to carry (a baby) on the back,Naupang emaw thil emaw hnungah phur.,Ka nu chuan ka nau a pua ṭhin.,3,"word_chain,spelling,word_search,tawng_upa,crossword,sentence_builder",
word.hrai,hrai,verbs,K3,draft,pending,pending,Source: Kumtluang Class III (SCERT Mizoram). VERIFY: near-synonym of 'pua'; confirm if this specific term differs in meaning or usage.,to carry on the back,Naupang emaw thil emaw hnungah phur.,A nu chuan naupang a hrai ṭhin.,3,"word_chain,spelling,word_search,tawng_upa,crossword,sentence_builder",
word.thlem,thlêm,verbs,K3,draft,pending,pending,Source: Kumtluang Class III (SCERT Mizoram).,"to soothe, coax",Mi ṭap emaw thinrim emawa thlamuang tihna nan thu tha sawi.,Naupang a ṭap chuan a nu chuan a thlêm ṭhin.,3,"word_chain,spelling,word_search,tawng_upa,crossword",
word.tap-2,tap,verbs,K3,draft,pending,pending,"Source: Kumtluang Class III (SCERT Mizoram). VERIFY spelling-variant: also found as class1:word.tap='ṭap'(K1), class3:word.tap='tap'(K3) — confirm distinct words or same word/typo.",to cry,Mittui chhuak takin thinrim lantirna.,Naupang chu a ṭap ta a.,3,"word_chain,spelling,word_search,tawng_upa,crossword,sentence_builder",😢
word.hmaihthelh,hmaihthelh,verbs,K3,draft,pending,pending,Source: Kumtluang Class III (SCERT Mizoram). VERIFY: confirm precise gloss (neglect vs delay).,"to neglect, delay","Tih tur thil rangin ti lo, hnuhnung takin ti.",Ka sin tur ka hmaihthelh ngai lo.,3,"word_chain,spelling,word_search,tawng_upa,crossword,sentence_builder",
word.tah,tah,verbs/craft,K3,draft,pending,pending,"Source: Kumtluang Class III (SCERT Mizoram). VERIFY culture-sensitive: refers to traditional bamboo/cane weaving craft, route to human culture reviewer.",to weave (bamboo or cane),"Mau emaw rua emawin thil siam, arbawm emaw bâwm emaw siam nan.",Sir Dika chuan naupangte hnenah hnâng an tah dan a zirtir.,3,"word_chain,spelling,word_search,tawng_upa,crossword",
word.buhmal,buhmal,food/nature,K3,draft,pending,pending,Source: Kumtluang Class III (SCERT Mizoram).,a grain of rice or paddy,"Buh emaw rah emawa awm te, a fim tak.",Fanghmirin buhmal an put khawm ṭhin.,3,"picture_match,spelling,word_search,tawng_upa,crossword,thumal_kawp,sentence_builder",🌾
word.duhsakna,duhsakna,abstract,K3,draft,pending,pending,Source: Kumtluang Class III (SCERT Mizoram).,"kindness, favor shown to someone",Mi hnena rilru ṭha leh khawngaihna lantirna.,Lalnu duhsakna avangin fanghmira chu an chêng ve.,3,"word_chain,spelling,word_search,tawng_upa,crossword,sentence_builder",
word.hmuingilna,hmuingilna,abstract,K3,draft,pending,pending,Source: Kumtluang Class III (SCERT Mizoram). VERIFY: confirm precise gloss (harmony/concord vs another related sense).,"harmony, unity, concord","Inrem taka awmna, indo lohna.",Chhungkuaah hmuingilna a awm chuan a nuam.,3,"word_chain,spelling,word_search,tawng_upa,crossword,sentence_builder",
word.nunna,nunna,abstract,K3,draft,pending,pending,Source: Kumtluang Class III (SCERT Mizoram).,life,Mihring emaw ran emaw thil nung dan.,Ei leh in hi kan nunna atan a pawimawh.,3,"word_chain,spelling,word_search,tawng_upa,crossword,sentence_builder",
word.mamawh,mamawh,abstract,K3,draft,pending,pending,Source: Kumtluang Class III (SCERT Mizoram).,"need, necessity",Awm tur tul tak thil.,Taksa mamawh tawk ei chu kan hriselna tan a pawimawh.,3,"word_chain,spelling,word_search,tawng_upa,crossword",
word.thial,thial,adjectives,K3,draft,pending,pending,Source: Kumtluang Class III (SCERT Mizoram). VERIFY: confirm precise gloss (spilled vs messy) from context.,"spilled, messy","A dah dan a ṭha lo, a chher der der.",Thil ei lai thial lan chu a mawi lo.,3,"word_chain,spelling,word_search,tawng_upa,crossword,sentence_builder",
word.zelthel,zelthel,verbs,K3,draft,pending,pending,Source: Kumtluang Class III (SCERT Mizoram). VERIFY: confirm precise gloss (to avoid vs to skip/shirk).,"to avoid, keep away from",Thil emaw hna emaw ti lova pumpelh.,Hnathawh honaah zelthel pawl chu a ṭha lo.,3,"word_chain,spelling,word_search,tawng_upa,crossword,sentence_builder",
word.nachang,nachâng,abstract,K3,draft,pending,pending,Source: Kumtluang Class III (SCERT Mizoram). VERIFY: confirm precise gloss (character/trait vs habit).,"nature, character, trait",Mi rilru put dan leh nun ziarang.,Mi dangte ngaihsak nachâng chu a ṭha.,3,"word_chain,spelling,word_search,tawng_upa,crossword,sentence_builder",
word.chuantir,chuantir,verbs,K3,draft,pending,pending,Source: Kumtluang Class III (SCERT Mizoram). VERIFY: gloss inferred from a fable context; confirm precise meaning.,to snap or pluck quickly,Rang taka phêk emaw phawt emaw.,Fanghmira chuan a kotute chu a thlaah a chuantir.,3,"word_chain,spelling,word_search,tawng_upa,crossword,sentence_builder",
word.nem,nêm,adjectives,K3,draft,pending,pending,Source: Kumtluang Class III (SCERT Mizoram). VERIFY: confirm precise gloss from a minimal-pair exercise.,"soft, gentle, tender","Khal lo, ṭha taka en; thuk hnem theih.",Puan nêm hi ka duh hle.,3,"word_chain,spelling,word_search,tawng_upa,crossword,sentence_builder",
word.thal-2,thal,adjectives,K3,draft,pending,pending,"Source: Kumtluang Class III (SCERT Mizoram). VERIFY: confirm precise gloss from a minimal-pair exercise. VERIFY spelling-variant: also found as class2:word.thal='ṭhâl'(K2), class3:word.thal='thal'(K3) — confirm distinct words or same word/typo.","strong, sturdy, resilient","Chak tak, chher lo taka awm thei.",He hrui hi a thal hle.,3,"word_chain,spelling,word_search,tawng_upa,crossword,sentence_builder",
word.inphelh,inphelh,verbs,K3,draft,pending,pending,Source: Kumtluang Class III (SCERT Mizoram).,"to swap, exchange with each other","Thil inzawn leh inpe, a chhung leh chhung inthlak.",Naupangte chuan an thil an inphelh.,3,"word_chain,spelling,word_search,tawng_upa,crossword,sentence_builder",
word.chang,chang,abstract,K3,draft,pending,pending,Source: Kumtluang Class III (SCERT Mizoram). VERIFY: confirm precise gloss (turn/sequence vs another sense) from a minimal-pair exercise.,"turn (one's turn, as in a game)",Mi emaw thil emaw thawh tur/tih tur a thleng hun.,Ka chang a thleng chuan ka insûk dawn nia.,3,"word_chain,spelling,word_search,tawng_upa,crossword,sentence_builder",
word.sa-2,sâ,food/body,K3,draft,pending,pending,Source: Kumtluang Class III (SCERT Mizoram). VERIFY: confirm precise gloss; possible near-duplicate of 'thau'. VERIFY possible duplicate: diacritic-variant of existing word 'Sa' already in corpus — confirm same word or distinct before import.,"fat, grease",Sa emaw taksa emawa awm thau chi.,He sa hi a sâ tak a ni.,3,"word_chain,spelling,word_search,tawng_upa,crossword,sentence_builder",
word.pangpar,pangpar,nature,TQ4,draft,pending,pending,Source: Kumtluang Class IV (SCERT Mizoram).,flower,"Thing emaw ram lo hong par chhuak, rawng leh hmui nuam tak a nei ṭhin",Kan huan chhungah pangpar sen leh eng a par ṭha ṭha.,4,"word_chain,picture_match,spelling,word_search,tawng_upa,crossword,thumal_kawp",🌸
word.huan,huan,nature,TQ4,draft,pending,pending,Source: Kumtluang Class IV (SCERT Mizoram).,garden,"Thil tih leh phun tuma siamsak hmun, thei leh anthur phunna",Kan pa'n zing tinin kan huan a en ṭhin.,4,"word_chain,picture_match,spelling,word_search,tawng_upa,crossword,thumal_kawp,sentence_builder",🌱
word.ramhnuai,ramhnuai,nature,TQ4,draft,pending,pending,Source: Kumtluang Class IV (SCERT Mizoram).,deep jungle / wilderness,"Mi awm lohna, thing leh ram lo tam taka awm hmun",Ramhnuai chhungah chuan sakhi leh saza an awm tam.,4,"word_chain,picture_match,spelling,word_search,tawng_upa,crossword,thumal_kawp,sentence_builder",🌳
word.tuipui,tuipui,geography,TQ4,draft,pending,pending,Source: Kumtluang Class IV (SCERT Mizoram).,sea / ocean,"Tui lian tak, ram bul kim vela awm",Chhawlhni chuan kan chhungkaw zawng zawng tuipui kan tlawh ve.,4,"word_chain,picture_match,spelling,word_search,tawng_upa,crossword,thumal_kawp",🌊
word.dawhcham,dawh cham,geography,TQ4,draft,pending,pending,Source: Kumtluang Class IV (SCERT Mizoram).,shore / beach,Tuipui leh lui biala awm sabuh tak hmun,Tluang chu dawh cham lamah an luah a.,4,"word_chain,picture_match,spelling,word_search,tawng_upa,crossword,thumal_kawp,sentence_builder",🏖️
word.lui,lui,geography,TQ4,draft,pending,pending,Source: Kumtluang Class IV (SCERT Mizoram).,river / stream,"Tlang lam ata tui hong luang chhuak, ram chhung a lêng zêl",Lui kam ah chuan kan pa'n sava a dêng ṭhin.,4,"word_chain,picture_match,spelling,word_search,tawng_upa,crossword,thumal_kawp",🏞️
word.virthli,virthli,nature,TQ4,draft,pending,pending,Source: Kumtluang Class IV (SCERT Mizoram).,storm,"Thli nasa tak, ruah nasa tak nen a lo thleng ṭhin thil",Virthli a lo thawk avangin thing tam tak an bo hlum.,4,"word_chain,picture_match,spelling,word_search,tawng_upa,crossword,thumal_kawp",🌪️
word.chhum,chhûm,nature,TQ4,draft,pending,pending,Source: Kumtluang Class IV (SCERT Mizoram).,cloud,"Van lama tui awi hmang, ruah a lo sûr hmaa lang",Ruah lo sûr dawn chuan chhûm a vâr thim ṭhin.,4,"word_chain,picture_match,spelling,word_search,tawng_upa,crossword,thumal_kawp",☁️
word.phunbung,phunbûng,nature,TQ4,draft,pending,pending,Source: Kumtluang Class IV (SCERT Mizoram).,tree branch,"Thing paw ata hong pang, thing tâwi tê",Vate chuan phunbûng chungah an lêng ṭhin.,4,"word_chain,picture_match,spelling,word_search,tawng_upa,crossword,thumal_kawp,sentence_builder",🌿
word.pualhrang,pualhrâng,geography,TQ4,draft,pending,pending,Source: Kumtluang Class IV (SCERT Mizoram).,cliff / rock face,"Tlang emaw kâwtlung a lian taka din, kal harsa hmun",Pualhrâng hnuaiah chuan tui a luang lêng ṭhin.,4,"word_chain,picture_match,spelling,word_search,tawng_upa,crossword,thumal_kawp,sentence_builder",⛰️
word.thlangtiang,thlangtiang,geography,TQ4,draft,pending,pending,Source: Kumtluang Class IV (SCERT Mizoram).,mountainside / hillslope,"Tlang kang lam, tlang leh phai kâr hmun",Thlangtiang lamah chuan an huan an nei.,4,"word_chain,picture_match,spelling,word_search,tawng_upa,crossword,thumal_kawp,sentence_builder",🏔️
word.rangkachak,rangkachak,nature,TQ4,draft,pending,pending,Source: Kumtluang Class IV (SCERT Mizoram).,iron / metal,"Lei ata chhuah thil chak tak, thil siam nan hman",Kekawr tuam siam turin rangkachak an hman ṭhin.,4,"word_chain,picture_match,spelling,word_search,tawng_upa,crossword,thumal_kawp,sentence_builder",⚙️
word.kawngpui,kawngpui,geography,TQ4,draft,pending,pending,Source: Kumtluang Class IV (SCERT Mizoram).,road / highway,Motor leh mi kal theihna lam lian,Kawngpui kân hunah chuan fimkhur a ngai.,4,"word_chain,picture_match,spelling,word_search,tawng_upa,crossword,thumal_kawp,sentence_builder",🛣️
word.dawhrem,dawhrem,geography,TQ4,draft,pending,pending,Source: Kumtluang Class IV (SCERT Mizoram).,harbor / safe haven,"Lawng emaw tluang beihna hmun bik, hlauhawm lohna",Virthli a lo thawk chuan lawngte chu dawhrem-ah an chhuk ṭhin.,4,"word_chain,picture_match,spelling,word_search,tawng_upa,crossword,thumal_kawp",⚓
word.lawngte,lawngte,geography,TQ4,draft,pending,pending,Source: Kumtluang Class IV (SCERT Mizoram).,small boat(s),"Tui chunga kal theihna thil tê tak, lawng zâwng",Lui kama chuan lawngte tam tak an awm.,4,"word_chain,picture_match,spelling,word_search,tawng_upa,crossword,thumal_kawp,sentence_builder",🛶
word.tluang,tluang,geography,TQ4,draft,pending,pending,Source: Kumtluang Class IV (SCERT Mizoram).,large dugout canoe,Thing lian ata siam lawng lian tak,Tluang chu mi tam taka chhuahna atan an hman ṭhin.,4,"word_chain,picture_match,spelling,word_search,tawng_upa,crossword,thumal_kawp",🛶
word.puk,pûk,geography,TQ4,draft,pending,pending,Source: Kumtluang Class IV (SCERT Mizoram).,hole / burrow,"Lei emaw thing a kua deuh, ran chenna",Chaichim chu a pûk chhungah a zuang ṭhin.,4,"word_chain,picture_match,spelling,word_search,tawng_upa,crossword,thumal_kawp,sentence_builder",🕳️
word.ramnuam,ram nuam,geography,TQ4,draft,pending,pending,Source: Kumtluang Class IV (SCERT Mizoram).,peaceful / pleasant land,Buai lohna leh hlimna nei ram,Kan beisei chu ram nuam tak chhunga awm hi a ni.,4,"word_chain,spelling,word_search,tawng_upa,crossword",
word.tuimal,tui mal,nature,TQ4,draft,pending,pending,Source: Kumtluang Class IV (SCERT Mizoram).,trickle of water / small stream,"Tui tê tê hong luang, lui tê ang",Ruah a sûr hnuah tui mal chu kawng bulah a luang.,4,"word_chain,picture_match,spelling,word_search,tawng_upa,crossword,thumal_kawp",💧
word.sahuan,sahuan,geography,TQ4,draft,pending,pending,Source: Kumtluang Class IV (SCERT Mizoram).,zoo,Sa leh ram nungcha chi hrang hrang khawl dahna hmun,Chhawlhni chuan sahuan-ah kan fate kan kal pui ṭhin.,4,"word_chain,picture_match,spelling,word_search,tawng_upa,crossword,thumal_kawp,sentence_builder",🦁
word.chaichim,chaichim,animals,TQ4,draft,pending,pending,Source: Kumtluang Class IV (SCERT Mizoram).,mouse / rat,"Ran tê tak, in leh ram-a awm, thil ei rêng rêng",Chaichim chuan buh chi a ei bo hlum wet.,4,"word_chain,picture_match,spelling,word_search,tawng_upa,crossword,thumal_kawp,sentence_builder",🐭
word.sava,sava,animals,TQ4,draft,pending,pending,Source: Kumtluang Class IV (SCERT Mizoram).,bird (general),"Phâr thei rannung, mahni hrui nei",Zing tinin sava chuan kan huan ah an hrâm ṭhin.,4,"word_chain,picture_match,spelling,word_search,tawng_upa,crossword,thumal_kawp",🐦
word.satel,satel,animals,TQ4,draft,pending,pending,Source: Kumtluang Class IV (SCERT Mizoram).,tortoise,"Bawh keh nei, kalzo tak lo, ran chhu chhaka awm rannung","Satel chu a kal zo lo va, lui kama zuan ah an tla ṭhin.",4,"word_chain,picture_match,spelling,word_search,tawng_upa,crossword,thumal_kawp",🐢
word.sakhi,sakhi,animals,TQ4,draft,pending,pending,Source: Kumtluang Class IV (SCERT Mizoram).,deer / sambar,"Ram-a awm sa chi, ke chak leh tlan zo tak",Ramhnuai chhungah chuan sakhi tam tak an awm.,4,"word_chain,picture_match,spelling,word_search,tawng_upa,crossword,thumal_kawp,sentence_builder",🦌
word.saza,saza,animals,TQ4,draft,pending,pending,Source: Kumtluang Class IV (SCERT Mizoram).,barking deer,"Sakhi aia tê deuh sa chi, ram-a awm",Saza chu a rem takin ram chhung a chho ṭhin.,4,"word_chain,picture_match,spelling,word_search,tawng_upa,crossword,thumal_kawp",🦌
word.mura,mura,animals,TQ4,draft,pending,pending,Source: Kumtluang Class IV (SCERT Mizoram).,eagle / hawk,"Van lama lêng, rul leh sanghal man thei sava lian tak","Mura chu van lamah a lêng zêl a, a duh hmuh chuan a rawn chhak thla ṭhin.",4,"word_chain,picture_match,spelling,word_search,tawng_upa,crossword,thumal_kawp",🦅
word.rulpui,rûlpui,animals,TQ4,draft,pending,pending,Source: Kumtluang Class IV (SCERT Mizoram).,large snake / python,"Rul chi lian tak, ran leh sava man thei",Rûlpui chu a lian avangin mi zawng zawngin an hlau ṭhin.,4,"word_chain,picture_match,spelling,word_search,tawng_upa,crossword,thumal_kawp",🐍
word.haudang,hâudâng,animals,TQ4,draft,pending,pending,Source: Kumtluang Class IV (SCERT Mizoram).,gibbon (hoolock gibbon),"Thing paw a lêng, aw ring taka au thei kel chi",Zingah chuan hâudâng chu an aw kan hriat ṭhin.,4,"word_chain,picture_match,spelling,word_search,tawng_upa,crossword,thumal_kawp,sentence_builder",🐒
word.sakei,sakei,animals,TQ4,draft,pending,pending,Source: Kumtluang Class IV (SCERT Mizoram).,tiger,"Ran zawng zawnga rit ber, sa an tichhia thei rannung",Ramhnuai chhungah chuan sakei chu an hlau bik ṭhin.,4,"word_chain,picture_match,spelling,word_search,tawng_upa,crossword,thumal_kawp,sentence_builder",🐯
word.vaki,vaki,animals,TQ4,draft,pending,pending,Source: Kumtluang Class IV (SCERT Mizoram).,wild boar,"Ram-a awm vok chi, hnuk chak leh hâk chak","Vaki chu huan lama lo va, thei leh buh a suh ṭhin.",4,"word_chain,picture_match,spelling,word_search,tawng_upa,crossword,thumal_kawp",🐗
word.bak,bâk,animals,TQ4,draft,pending,pending,Source: Kumtluang Class IV (SCERT Mizoram).,owl,"Zân lama lêng, mit lian, aw ring taka au sava",Bâk chu zân lama a au avangin naupangte an hlau ṭhin.,4,"word_chain,picture_match,spelling,word_search,tawng_upa,crossword,thumal_kawp",🦉
word.bawng,bawng,animals,TQ4,draft,pending,pending,Source: Kumtluang Class IV (SCERT Mizoram).,cow / ox,"In-a vul, buh leh naupui thil tih atana hman ran","Kan pa'n zing tinin bawng an chawi a, buh an lai ṭhin.",4,"word_chain,picture_match,spelling,word_search,tawng_upa,crossword,thumal_kawp",🐄
word.sechal,sechal,animals,TQ4,draft,pending,pending,Source: Kumtluang Class IV (SCERT Mizoram).,mithun (domesticated gaur-like cattle),"Ran chi lian tak, Mizote khawpui-ah eng leh rilru pawimawh tak atan an nei",Kut lian ah chuan sechal an that ṭhin.,4,"word_chain,picture_match,spelling,word_search,tawng_upa,crossword,thumal_kawp,sentence_builder",🐃
word.vacha,vacha,animals,TQ4,draft,pending,pending,Source: Kumtluang Class IV (SCERT Mizoram).,small bird (songbird),"Sava tê tak, zai zaia hrâm thei",Vacha chu zing tinin phunbûng chunga an hrâm ṭhin.,4,"word_chain,picture_match,spelling,word_search,tawng_upa,crossword,thumal_kawp,sentence_builder",🐤
word.rul,rûl,animals,TQ4,draft,pending,pending,"Source: Kumtluang Class IV (SCERT Mizoram). VERIFY: general term for snake, distinct from rulpui (large snake).",snake (general),"Ke nei lo, chho vaka lêng rannung, thlawn theia hlauawm",Huan chhungah rûl kan hmuh chuan kan hlau ṭhin.,4,"word_chain,picture_match,spelling,word_search,tawng_upa,crossword,thumal_kawp,sentence_builder",🐍
word.lehkhathawn,lehkhathawn,school,TQ4,draft,pending,pending,Source: Kumtluang Class IV (SCERT Mizoram).,letter (correspondence),"Thiante emaw mi dang hnena thu ziaha thawn, lehkha chi",Ka thianpa hnenah lehkhathawn ka thawn fo ṭhin.,4,"word_chain,picture_match,spelling,word_search,tawng_upa,crossword,thumal_kawp,sentence_builder",✉️
word.hawrawppui,hawrawppui,school,TQ4,draft,pending,pending,Source: Kumtluang Class IV (SCERT Mizoram).,abbreviation,Thu emaw hming rei tak a tawi zawka ziah dan,"Y.M.A. chu hawrawppui a ni a, a chhui tak chu Young Mizo Association a ni.",4,"word_chain,spelling,word_search,tawng_upa,crossword",
word.tangkai,tangkai,school,TQ4,draft,pending,pending,Source: Kumtluang Class IV (SCERT Mizoram).,useful,"Hlawkna a awm, mi tan a tangkai thei",Lehkhabu chhiar hi kan zirna atan a tangkai hle.,4,"word_chain,spelling,word_search,tawng_upa,crossword,sentence_builder",
word.ngaihtuahna,ngaihtuahna,school,TQ4,draft,pending,pending,Source: Kumtluang Class IV (SCERT Mizoram).,thought / consideration,"Rilrua thil chi hrang hrang ngaihtuah, chhut chhuah dan",Thawnthu i chhiar hnu chuan i ngaihtuahna min sawi rawh.,4,"word_chain,spelling,word_search,tawng_upa,crossword",
word.thawnthu,thawnthu,school,TQ4,draft,pending,pending,Source: Kumtluang Class IV (SCERT Mizoram).,story,"Thil thleng emaw chhui tumal, mi sawi fo dan chi",Ka pi'n zan tinin thawnthu min hrilh ṭhin.,4,"word_chain,picture_match,spelling,word_search,tawng_upa,crossword,thumal_kawp,sentence_builder",📖
word.nungcha,nungcha,school,TQ4,draft,pending,pending,Source: Kumtluang Class IV (SCERT Mizoram).,animal / creature (general),Ran leh sa zawng zawng chi hming,Zoo-ah chuan nungcha chi hrang hrang kan hmu thei.,4,"word_chain,picture_match,spelling,word_search,tawng_upa,crossword,thumal_kawp,sentence_builder",🐾
word.chanchinbu,chanchinbu,school,TQ4,draft,pending,pending,Source: Kumtluang Class IV (SCERT Mizoram).,newspaper / magazine,"Khawvel leh khua chanchin ziaha luang chhuah, ni tin emaw thla tin chhuak",Ka pa'n zing tinin chanchinbu a chhiar ṭhin.,4,"word_chain,picture_match,spelling,word_search,tawng_upa,crossword,thumal_kawp,sentence_builder",📰
word.dakpu,dâkpu,school,TQ4,draft,pending,pending,Source: Kumtluang Class IV (SCERT Mizoram).,post office,Lehkhathawn leh thil thawn theihna office,Lehkha thawn atan dâkpu-ah kan kal ṭhin.,4,"word_chain,picture_match,spelling,word_search,tawng_upa,crossword,thumal_kawp,sentence_builder",🏤
word.chawlhdilna,chawlh dilna,school,TQ4,draft,pending,pending,Source: Kumtluang Class IV (SCERT Mizoram).,leave request,"Sikul emaw hna aṭanga lo awl duh vanga thu ngen dan, lehkha ziah",Ka pum a na avangin chawlh dilna lehkha ka ziak a.,4,"word_chain,spelling,word_search,tawng_upa,crossword",
word.len,lên,school,TQ4,draft,pending,pending,Source: Kumtluang Class IV (SCERT Mizoram).,fishing net,"Sanghal atana hman thil, rui hnaih hnaiha siam",A pa'n len chu lui-ah a hlan a.,4,"word_chain,picture_match,spelling,word_search,tawng_upa,crossword,thumal_kawp,sentence_builder",🕸️
word.nghakuai,nghakuai,school,TQ4,draft,pending,pending,Source: Kumtluang Class IV (SCERT Mizoram).,bamboo fish trap,"Sanghal man nan siam mahni, maiin siam thei","Zova pa'n nghakuai a siam a, lui-ah a dah ṭhin.",4,"word_chain,picture_match,spelling,word_search,tawng_upa,crossword,thumal_kawp",🧺
word.tukthuan,tûkthuan,food,TQ4,draft,pending,pending,Source: Kumtluang Class IV (SCERT Mizoram).,breakfast,"Zing lama chaw ei, ni tin hmasa berin ei tur",Kan chhungte zing tinin tukthuan kan ei ṭhin.,4,"word_chain,picture_match,spelling,word_search,tawng_upa,crossword,thumal_kawp,sentence_builder",🍳
word.chawchhun,chawchhun,food,TQ4,draft,pending,pending,Source: Kumtluang Class IV (SCERT Mizoram).,lunch,"Sun lama chaw ei, chhun laia ei tur",Sikulah chuan chawchhun kan ei hun kan nei ṭhin.,4,"word_chain,picture_match,spelling,word_search,tawng_upa,crossword,thumal_kawp,sentence_builder",🍚
word.zanriah,zanriah,food,TQ4,draft,pending,pending,Source: Kumtluang Class IV (SCERT Mizoram).,dinner / supper,"Tlai lama chaw ei, zan lama ei tur",Kan chhungkaw zawng zawngin zanriah kan ei khawm ṭhin.,4,"word_chain,picture_match,spelling,word_search,tawng_upa,crossword,thumal_kawp,sentence_builder",🍲
word.chatuan,chatuan,abstract,TQ4,draft,pending,pending,Source: Kumtluang Class IV (SCERT Mizoram).,eternal / forever,"Tawp nei lo, kum tin awm reng",A chhan chu chatuan kan hre thei lo.,4,"word_chain,spelling,word_search,tawng_upa,crossword,sentence_builder",
word.artui,artui,food,TQ4,draft,pending,pending,Source: Kumtluang Class IV (SCERT Mizoram).,egg,"Ar in fah, chaw siam nan hman thil",Pawl kutah chuan artui an inbarh ṭhin.,4,"word_chain,picture_match,spelling,word_search,tawng_upa,crossword,thumal_kawp,sentence_builder",🥚
word.khawngaihthlakawm,khawngaihthlakawm,adjectives,TQ4,draft,pending,pending,Source: Kumtluang Class IV (SCERT Mizoram).,pitiful / deserving of compassion,"Duham tur, khawngaih tur put mai mai",Ei tur nei lo naupang chu khawngaihthlakawm a ni.,4,"word_chain,spelling,word_search,tawng_upa,crossword,sentence_builder",
word.uar,uar,verbs,TQ4,draft,pending,pending,Source: Kumtluang Class IV (SCERT Mizoram).,to crave / long for eagerly,"Thil emaw tih duh taka beisei, hmuh duh taka ngaihtuah",Lehkhabu thar chu ka uar hle.,4,"word_chain,spelling,word_search,tawng_upa,crossword,sentence_builder",
word.peihawm,peihawm,verbs,TQ4,draft,pending,pending,Source: Kumtluang Class IV (SCERT Mizoram).,to borrow,"Mi thil hman turin ngen, hun chin hnu lo pe leh tur",Ka thianpa lehkhabu ka peihawm a.,4,"word_chain,spelling,word_search,tawng_upa,crossword,sentence_builder",
word.inchhir,inchhir,verbs,TQ4,draft,pending,pending,Source: Kumtluang Class IV (SCERT Mizoram).,to search for,Thil boral emaw hmuh loh tumin zawng,Ka pen ka boral avangin ka inchhir hle.,4,"word_chain,spelling,word_search,tawng_upa,crossword,sentence_builder",
word.ngah,ngah,verbs,TQ4,draft,pending,pending,Source: Kumtluang Class IV (SCERT Mizoram).,to value / treasure,"Thil pawimawh taka en, tha taka vawng",Ka pi thil pêk chu ka ngah hle.,4,"word_chain,spelling,word_search,tawng_upa,crossword,sentence_builder",
word.hnem,hnem,verbs,TQ4,draft,pending,pending,Source: Kumtluang Class IV (SCERT Mizoram).,to comfort / console,Mi lungngaih emaw damlo hnenah tha taka thu sawi,A pi a thi avangin ka hnem a.,4,"word_chain,spelling,word_search,tawng_upa,crossword,sentence_builder",
word.muangin,muangin,adjectives,TQ4,draft,pending,pending,Source: Kumtluang Class IV (SCERT Mizoram).,peacefully / calmly,"Buai lohvin, inrual takin",Naupangte chu muangin an muk ṭhin.,4,"word_chain,spelling,word_search,tawng_upa,crossword,sentence_builder",
word.fimkhur,fimkhur,adjectives,TQ4,draft,pending,pending,Source: Kumtluang Class IV (SCERT Mizoram).,careful / cautious,Buaina awm lo nan ngaihsak takin thil tih,Kawng kan hunah chuan fimkhur a ngai a ni.,4,"word_chain,spelling,word_search,tawng_upa,crossword,sentence_builder",
word.duham,duhâm,verbs,TQ4,draft,pending,pending,Source: Kumtluang Class IV (SCERT Mizoram).,to pity / feel compassion for,Mi harsatna tawk hmuh chuan lungngaih,Rethei kan hmuh chuan kan duhâm ṭhin.,4,"word_chain,spelling,word_search,tawng_upa,crossword,sentence_builder",
word.huaisen,huaisen,adjectives,TQ4,draft,pending,pending,Source: Kumtluang Class IV (SCERT Mizoram).,brave / courageous,"Hlau lo, harsatna hmaa ding chak thei",Pasaltha chu huaisen tak an ni.,4,"word_chain,spelling,word_search,tawng_upa,crossword,sentence_builder",
word.bihruktir,bihrûktir,verbs,TQ4,draft,pending,pending,Source: Kumtluang Class IV (SCERT Mizoram).,to deceive / trick,Dik lo chi lam ah mi hruaiin thu dik lo hrilh,Chhuk zawngin mi bihruktir chu a dik lo.,4,"word_chain,spelling,word_search,tawng_upa,crossword,sentence_builder",
word.thukru,thukru,abstract,TQ4,draft,pending,pending,Source: Kumtluang Class IV (SCERT Mizoram).,secret,Mi tam takin hriat loh tur thu,Kan thukru chu kan inhrilh khawm ṭhin.,4,"word_chain,spelling,word_search,tawng_upa,crossword,sentence_builder",
word.hmatiam,hmatiam,adjectives,TQ4,draft,pending,pending,Source: Kumtluang Class IV (SCERT Mizoram).,diligent / hardworking,"Thawh takin hlawktu tur zawng, hna thawk chak tak",Naupang hmatiam tak chu an fate an hmangaih ṭhin.,4,"word_chain,spelling,word_search,tawng_upa,crossword,sentence_builder",
word.suangtuahna,suangtuahna,abstract,TQ4,draft,pending,pending,Source: Kumtluang Class IV (SCERT Mizoram).,wisdom / thoughtfulness,Thil chi hrang hrang ngaihtuah taka thlir theihna,Kan pi leh pu suangtuahna hi kan la zir tel ang a ni.,4,"word_chain,spelling,word_search,tawng_upa,crossword",
word.duah,duah,verbs,TQ4,draft,pending,pending,Source: Kumtluang Class IV (SCERT Mizoram).,to dig,Lei emaw hmun kua deuh siam turin bengbung hman,Huan lei atan chuan lei kan duah a.,4,"word_chain,spelling,word_search,tawng_upa,crossword,sentence_builder",
word.mawl,mâwl,adjectives,TQ4,draft,pending,pending,Source: Kumtluang Class IV (SCERT Mizoram).,foolish / silly,"Ngaihtuahna dik lo, thil hriatna tlem",Thil dik lo tih chu mawl a ni.,4,"word_chain,spelling,word_search,tawng_upa,crossword,sentence_builder",
word.khawlohna,khawlohna,abstract,TQ4,draft,pending,pending,Source: Kumtluang Class IV (SCERT Mizoram).,laziness,Hna thawk duh lohna rilru put dan,Khawlohna avangin a hna zawng zawng a tawp thei lo.,4,"word_chain,spelling,word_search,tawng_upa,crossword",
word.inngaihtlawmna,inngaihtlawmna,abstract,TQ4,draft,pending,pending,Source: Kumtluang Class IV (SCERT Mizoram).,humility,"Mahni chungchang te taka en, in chawimawi lohna",Inngaihtlawmna nei mi chu mi rethei an ngaihsak ṭhin.,4,"word_chain,spelling,word_search,tawng_upa,crossword,sentence_builder",
word.thlamuanpui,thlamuanpui,verbs,TQ4,draft,pending,pending,Source: Kumtluang Class IV (SCERT Mizoram).,to comfort / put at ease,Mi rilru muang lohna hnenah thu tha sawiin thawi,Thupui tha chuan mi rilru a thlamuanpui thei.,4,"word_chain,spelling,word_search,tawng_upa,crossword,sentence_builder",
word.hausa,hausa,adjectives,TQ4,draft,pending,pending,Source: Kumtluang Class IV (SCERT Mizoram).,wealthy / rich,Sum leh pai tam taka nei,Kan khuaah hausa mi tam lo an awm.,4,"word_chain,spelling,word_search,tawng_upa,crossword,sentence_builder",
word.rethei,rethei,adjectives,TQ4,draft,pending,pending,Source: Kumtluang Class IV (SCERT Mizoram).,poor,"Sum leh pai tlem taka nei, harsatna tawk",Rethei kan hmuh chuan kan bawhzui a ngai a ni.,4,"word_chain,spelling,word_search,tawng_upa,crossword",
word.sum,sum,abstract,TQ4,draft,pending,pending,Source: Kumtluang Class IV (SCERT Mizoram).,money,"Thil lei theihna leh hman theihna, tangka pui",Sum ka nei lo avangin ka lei thei lo.,4,"word_chain,picture_match,spelling,word_search,tawng_upa,crossword,thumal_kawp,sentence_builder",💵
word.tangka,tangka,abstract,TQ4,draft,pending,pending,Source: Kumtluang Class IV (SCERT Mizoram).,currency / coin,"Sum atana hman lut, dâr leh chak siam",Vawiin chuan tangka thar an lo hmang tan.,4,"word_chain,picture_match,spelling,word_search,tawng_upa,crossword,thumal_kawp,sentence_builder",🪙
word.thilphal,thilphal,abstract,TQ4,draft,pending,pending,Source: Kumtluang Class IV (SCERT Mizoram).,gift / blessing,"Mi hnena pêk thil emaw duhsakna, malsawmna",Ka pi'n a fate zawng zawng thilphal a pe ve ṭhin.,4,"word_chain,picture_match,spelling,word_search,tawng_upa,crossword,thumal_kawp",🎁
word.dil,dil,verbs,TQ4,draft,pending,pending,Source: Kumtluang Class IV (SCERT Mizoram).,to ask / request,"Mi hnena thil emaw ngen, duhzalna sawi","Ei tur ka dil a, min pe ta.",4,"word_chain,spelling,word_search,tawng_upa,crossword,sentence_builder",
word.chakkhai,châkkhai,adjectives,TQ4,draft,pending,pending,Source: Kumtluang Class IV (SCERT Mizoram).,diligent / persistent (doing something without fail),"Bel bo lovin, chak taka thawh zel dan",Naupang chakkhai tak chuan a zirna a hlawhtling ṭhin.,4,"word_chain,spelling,word_search,tawng_upa,crossword,sentence_builder",
word.zar,zar,verbs,TQ4,draft,pending,pending,Source: Kumtluang Class IV (SCERT Mizoram).,to spread out (e.g. to dry),"Thil emaw eng lama phah zar, chak turin dah",Puan chu nichhang lamah kan zar ṭhin.,4,"word_chain,spelling,word_search,tawng_upa,crossword,sentence_builder",
word.zal,zâl,adjectives,TQ4,draft,pending,pending,Source: Kumtluang Class IV (SCERT Mizoram).,calm / becalmed (of sea or wind),"Thli leh tuipui buai lo, muang taka awm dan",Tuipui a zal hunah chuan lawngte an kal tha zawk ṭhin.,4,"word_chain,spelling,word_search,tawng_upa,crossword",
word.harh,harh,verbs,TQ4,draft,pending,pending,Source: Kumtluang Class IV (SCERT Mizoram).,to return / come back,Hmun emaw awmna atanga lo kir leh,Kal chhuak zawh hnuin a in a harh leh ṭhin.,4,"word_chain,spelling,word_search,tawng_upa,crossword",
word.boral,boral,verbs,TQ4,draft,pending,pending,Source: Kumtluang Class IV (SCERT Mizoram).,to become lost / go missing,"Hmuh loh, awmna hriat theih lohna thlengin bo",Ka pen ka boral avangin ka inchhir hle.,4,"word_chain,spelling,word_search,tawng_upa,crossword,sentence_builder",
word.ko,ko,verbs,TQ4,draft,pending,pending,Source: Kumtluang Class IV (SCERT Mizoram).,to call out to / summon,Aw ring takin mi hming chhuahin sawm,"Ka pa'n min ko a, ka lo kal kawp mai.",4,"word_chain,spelling,word_search,tawng_upa,crossword",
word.lawm,lawm,adjectives,TQ4,draft,pending,pending,Source: Kumtluang Class IV (SCERT Mizoram).,glad / warmly welcoming,"Duhawm takin lawm pui, hlim taka do",Thian a lo kal chuan lawm takin kan do ṭhin.,4,"word_chain,spelling,word_search,tawng_upa,crossword",
word.hmanhmawh,hmanhmawh,adjectives,TQ4,draft,pending,pending,Source: Kumtluang Class IV (SCERT Mizoram).,careless / reckless,"Ngaihsak lo taka thil tih, fimkhur lo",Hmanhmawh taka kawng kan chu a hlauhawm hle.,4,"word_chain,spelling,word_search,tawng_upa,crossword,sentence_builder",
word.inthiam,inthiam,verbs,TQ4,draft,pending,pending,Source: Kumtluang Class IV (SCERT Mizoram).,"to reconcile / make peace, apologize","Insual hnu inbuaina siam tha leh, ngaihdam duh sawi",An insual hnuah an inthiam leh ṭhin.,4,"word_chain,spelling,word_search,tawng_upa,crossword,sentence_builder",
word.chhiatna,chhiatna,abstract,TQ4,draft,pending,pending,Source: Kumtluang Class IV (SCERT Mizoram).,harm / damage / fault,"Thil that lo tihchhuahna, a dik lohna",Fimkhur lohna avangin chhiatna a thleng ṭhin.,4,"word_chain,spelling,word_search,tawng_upa,crossword,sentence_builder",
word.suasam,suasam,verbs,TQ4,draft,pending,pending,Source: Kumtluang Class IV (SCERT Mizoram).,to destroy / wipe out,"Tichhiatin bo tir, awm lohna thlengin siam bo",Virthli nasa takin huan a suasam thei.,4,"word_chain,spelling,word_search,tawng_upa,crossword,sentence_builder",
word.hrehawm,hrehawm,adjectives,TQ4,draft,pending,pending,Source: Kumtluang Class IV (SCERT Mizoram).,difficult / hard to bear,"Tuar harsa, thawh harsa",Kawng rei tak kal chu a hrehawm hle.,4,"word_chain,spelling,word_search,tawng_upa,crossword,sentence_builder",
word.nuam,nuam,adjectives,TQ4,draft,pending,pending,Source: Kumtluang Class IV (SCERT Mizoram).,pleasant / enjoyable,"Lawm um, tih duhawm tak",Kut hun hi a nuam hle ṭhin.,4,"word_chain,spelling,word_search,tawng_upa,crossword,sentence_builder",
word.lungawi,lungawi,adjectives,TQ4,draft,pending,pending,Source: Kumtluang Class IV (SCERT Mizoram).,pleased / satisfied,"Rilru a lawm, a duh ang a thlen avanga hlim",Zirna hlawhtling avangin ka lungawi hle.,4,"word_chain,spelling,word_search,tawng_upa,crossword,sentence_builder",
word.hlim,hlim,adjectives,TQ4,draft,pending,pending,Source: Kumtluang Class IV (SCERT Mizoram).,happy / cheerful,Rilru lawm taka awm dan,Kut hun chuan naupangte an hlim hle ṭhin.,4,"word_chain,spelling,word_search,tawng_upa,crossword,sentence_builder",
word.rilru,rilru,abstract,TQ4,draft,pending,pending,Source: Kumtluang Class IV (SCERT Mizoram).,mind / heart (mentality),Mihring chhungril lam ngaihtuahna leh duhzalna awmna,A thil sawi chuan a rilru a hre thei bawk.,4,"word_chain,spelling,word_search,tawng_upa,crossword",
word.inpuahchah,inpuahchah,verbs,TQ4,draft,pending,pending,Source: Kumtluang Class IV (SCERT Mizoram).,to prepare / get ready,Thil emaw tih hmasaa buatsaih,Kalna atan chuan a hmasa berin inpuahchah a ngai.,4,"word_chain,spelling,word_search,tawng_upa,crossword,sentence_builder",
word.hraichawi,hraichawi,verbs,TQ4,draft,pending,pending,Source: Kumtluang Class IV (SCERT Mizoram).,to swing (on branches),Thing paw atanga thing paw dang lamah bengin lêng,Hâudâng chu phunbûng chungah an hraichawi ṭhin.,4,"word_chain,spelling,word_search,tawng_upa,crossword,sentence_builder",
word.ro,ro,abstract,TQ4,draft,pending,pending,Source: Kumtluang Class IV (SCERT Mizoram).,wealth / riches,"Sum leh pai, thil man lu ia hlu tak",A pa'n a huanah ro a phum tih an sawi.,4,"word_chain,picture_match,spelling,word_search,tawng_upa,crossword,thumal_kawp",💰
word.phum,phûm,verbs,TQ4,draft,pending,pending,Source: Kumtluang Class IV (SCERT Mizoram).,to bury,"Lei hnuaiah thil dah, tuam",Sum an phum chu an fate'n an duah chhuak ta a.,4,"word_chain,spelling,word_search,tawng_upa,crossword",
word.thawkrim,thawk rim,abstract,TQ4,draft,pending,pending,Source: Kumtluang Class IV (SCERT Mizoram).,hard / toilsome labor,"Hna thawk harsa tak, rim taka hna thawk dan",Huan neih atan chuan thawk rim a ngai tam.,4,"word_chain,spelling,word_search,tawng_upa,crossword,sentence_builder",
word.thlamuang,thlamuang,abstract,TQ4,draft,pending,pending,Source: Kumtluang Class IV (SCERT Mizoram).,peace / tranquility,"Buai lohna, rilru muang taka awm dan",Ram lamah chuan thlamuang zawk an nei.,4,"word_chain,spelling,word_search,tawng_upa,crossword,sentence_builder",
word.ningnawi,ningnâwi,adjectives,TQ4,draft,pending,pending,Source: Kumtluang Class IV (SCERT Mizoram).,calm / gentle,"Buai lo, muang taka awm dan",Ram khua chu khawpui aiin a ningnawi zawk.,4,"word_chain,spelling,word_search,tawng_upa,crossword,sentence_builder",
word.rel,rêl,verbs,TQ4,draft,pending,pending,Source: Kumtluang Class IV (SCERT Mizoram).,to row / paddle,Lawng hruaina hmangin tui chungah kal,Zirtirtu chuan tluang a rel a.,4,"word_chain,spelling,word_search,tawng_upa,crossword,sentence_builder",
word.khawngaih,khawngaih,adjectives,TQ4,draft,pending,pending,Source: Kumtluang Class IV (SCERT Mizoram).,merciful / compassionate,Mi harsatna hmuh chuan lungngaihin tanpui duh,Ka pi chu mi khawngaih tak a ni.,4,"word_chain,spelling,word_search,tawng_upa,crossword,sentence_builder",
word.sual,sual,abstract,TQ4,draft,pending,pending,Source: Kumtluang Class IV (SCERT Mizoram).,wrong / mistake,"Thil tih dik loh, awih ang lo",Sual kan tih chuan kan ngaihdam ngai tur a ni.,4,"word_chain,spelling,word_search,tawng_upa,crossword",
word.vanduai,vanduai,abstract,TQ4,draft,pending,pending,Source: Kumtluang Class IV (SCERT Mizoram).,sorrow / sadness,"Rilru a na hle, lungngaih pui",Thil that lo a thleng chuan kan vanduai ṭhin.,4,"word_chain,spelling,word_search,tawng_upa,crossword,sentence_builder",
word.thlarau,thlarau,abstract,TQ4,draft,pending,pending,Source: Kumtluang Class IV (SCERT Mizoram).,spirit,"Taksa ni lo, mihring chhungril lam thil",Mihring hi taksa leh thlarau nen siam a ni.,4,"word_chain,spelling,word_search,tawng_upa,crossword,sentence_builder",
word.zawlbuk,zawlbûk,folktale/legend,TQ4,draft,pending,pending,"Source: Kumtluang Class IV (SCERT Mizoram). Traditional Mizo communal institution; described factually, not as narrative from the book.",traditional bachelors' dormitory,Hmanlai Mizo khuaah tlangvalte zan tawk khawmna in,Hmanlai khan tlangvalte zawlbukah an tawk khawm ṭhin.,4,"word_chain,picture_match,spelling,word_search,tawng_upa,crossword,thumal_kawp,sentence_builder",🏚️
word.thahrui,thahrui,folktale/legend,TQ4,draft,pending,pending,Source: Kumtluang Class IV (SCERT Mizoram). VERIFY: gloss inferred from context in a strongman legend; literal meaning may be closer to 'sinew/muscle'.,sinew / tendon (physical strength),"Chak nan a pawimawh, taksaa thahriamna",Pasal chak tak chu thahrui a chak a ni.,4,"word_chain,spelling,word_search,tawng_upa,crossword,sentence_builder",
word.kaldung,kaldung,folktale/legend,TQ4,draft,pending,pending,Source: Kumtluang Class IV (SCERT Mizoram).,deadfall trap,"Sa man nan siam thawm, thing emaw lung tluk hmangin siam","Ramhuala chuan kaldung an siam a, sa an man ṭhin.",4,"word_chain,picture_match,spelling,word_search,tawng_upa,crossword,thumal_kawp",🪤
word.chak,chak,adjectives,TQ4,draft,pending,pending,Source: Kumtluang Class IV (SCERT Mizoram).,strong / powerful,Thiltih theihna nasa tak nei,Saizahawla chu mi chak tak a ni tih an sawi.,4,"word_chain,spelling,word_search,tawng_upa,crossword",
word.phin,phîn,verbs,TQ4,draft,pending,pending,Source: Kumtluang Class IV (SCERT Mizoram).,to confront / meet head-on,Hlau lovin mi emaw thil hmaah ding chho,Harsatna a lo thleng chuan a phin ngam ṭhin.,4,"word_chain,spelling,word_search,tawng_upa,crossword,sentence_builder",
word.bin,bin,verbs,TQ4,draft,pending,pending,Source: Kumtluang Class IV (SCERT Mizoram).,to flee in fear,"Hlau avanga tlan chhuak, kal bo",Sakei an hmuh chuan an bin vek ṭhin.,4,"word_chain,spelling,word_search,tawng_upa,crossword,sentence_builder",
word.rual,rûal,abstract,TQ4,draft,pending,pending,Source: Kumtluang Class IV (SCERT Mizoram).,rival / opponent (in a contest),"Kan emaw inbeihna-a inbeih tu, mite lem",Kan kana a rual chu a hneh ṭhin.,4,"word_chain,spelling,word_search,tawng_upa,crossword,sentence_builder",
word.tlangval,tlangval,community,TQ4,draft,pending,pending,Source: Kumtluang Class IV (SCERT Mizoram).,young man,"Naupang aia upa, nupui neih hun a la thleng lo",Tlangval fel tak chu khawtlang zawngin an thlamuanpui ṭhin.,4,"word_chain,picture_match,spelling,word_search,tawng_upa,crossword,thumal_kawp,sentence_builder",🧑
word.kut,kût,festival/culture,TQ4,draft,pending,pending,Source: Kumtluang Class IV (SCERT Mizoram).,festival,Hun bik chunga khawtlang zawngin hlim taka inkhawm ni,Kum tin kan khuaah kut kan hman ṭhin.,4,"word_chain,picture_match,spelling,word_search,tawng_upa,crossword,thumal_kawp,sentence_builder",🎉
word.chapcharkut,chapchâr kût,festival/culture,TQ4,draft,pending,pending,Source: Kumtluang Class IV (SCERT Mizoram).,spring festival (a traditional Mizo spring festival),"Nipui lai hmasaa hman kut, huan lo an chhuahsan hnuah hman",Chapchar kut hunah chuan Mizote an lam khawm ṭhin.,4,"word_chain,spelling,word_search,tawng_upa,crossword,sentence_builder",
word.mimkut,mîm kût,festival/culture,TQ4,draft,pending,pending,Source: Kumtluang Class IV (SCERT Mizoram).,maize / memorial festival,"September thlaah hman kut, mitthi te ngaihtuahna pawh tel",Mim kut chuan chhungte thi tawh ngaihtuahna a tel bawk.,4,"word_chain,spelling,word_search,tawng_upa,crossword",
word.pawlkut,pawl kût,festival/culture,TQ4,draft,pending,pending,Source: Kumtluang Class IV (SCERT Mizoram).,children's harvest festival,"Naupangte tan hman kut, artui inbarh leh chei khawm hman",Pawl kut hunah naupangten artui an inbarh khawm ṭhin.,4,"word_chain,picture_match,spelling,word_search,tawng_upa,crossword,thumal_kawp,sentence_builder",🥚
word.lam,lâm,festival/culture,TQ4,draft,pending,pending,Source: Kumtluang Class IV (SCERT Mizoram).,dance,Ke leh kut hmangin zai puia inlangna,Kut hunah chuan mi zawng zawngin lam an tum ṭhin.,4,"word_chain,picture_match,spelling,word_search,tawng_upa,crossword,thumal_kawp",💃
word.zai,zai,festival/culture,TQ4,draft,pending,pending,Source: Kumtluang Class IV (SCERT Mizoram).,song / to sing,Aw hlimin thu leh hla sawi puitlin,Hla tha tak chu kan zai ṭhin.,4,"word_chain,spelling,word_search,tawng_upa,crossword,sentence_builder",
word.huaihawt,huaihawt,verbs,TQ4,draft,pending,pending,Source: Kumtluang Class IV (SCERT Mizoram).,to take part together / participate,Mi dang nen inrualin thil emaw hna thawk pui,Kut hmanna kawngah chuan mi zawng zawngin an huaihawt ṭhin.,4,"word_chain,spelling,word_search,tawng_upa,crossword",
word.mawhphurtu,mawhphurtu,community,TQ4,draft,pending,pending,Source: Kumtluang Class IV (SCERT Mizoram).,a responsible person / one in charge,Hna emaw thil siam nan mawhphurhna put mi,Kut siamna atan mawhphurtu chu min ruat a.,4,"word_chain,spelling,word_search,tawng_upa,crossword,sentence_builder",
word.inbarh,inbarh,verbs,TQ4,draft,pending,pending,Source: Kumtluang Class IV (SCERT Mizoram).,to share / distribute among each other,Mi tam takin thil an inpe khawm dan,Naupangten an artui zawng zawng an inbarh a.,4,"word_chain,spelling,word_search,tawng_upa,crossword,sentence_builder",
word.silhfen,silhfên,clothing/traditional,TQ4,draft,pending,pending,Source: Kumtluang Class IV (SCERT Mizoram).,traditional clothing / attire,Hmanlai Mizoten an hnawh atana siam puan emaw hruikhau,Hmanlai Mizote silhfen chu tuna puan aiin a danglam hle.,4,"word_chain,picture_match,spelling,word_search,tawng_upa,crossword,thumal_kawp",👘
word.hruikhau,hruikhâu,clothing/traditional,TQ4,draft,pending,pending,Source: Kumtluang Class IV (SCERT Mizoram).,bark cloth (traditional fiber cloth),"Thing kawr atanga siam puan chi, hmanlai atangin an hman",Hruikhau chu thing kawr hlai atangin an siam ṭhin.,4,"word_chain,picture_match,spelling,word_search,tawng_upa,crossword,thumal_kawp,sentence_builder",🧵
word.siapsuap,siapsuap,clothing/traditional,TQ4,draft,pending,pending,Source: Kumtluang Class IV (SCERT Mizoram).,traditional woman's bark-cloth skirt,"Hmeichhia hmanlai hnawh, hruikhau atanga siam",Siapsuap chu hmeichhiaten an hnawh hmasak ber a ni tih an sawi.,4,"word_chain,picture_match,spelling,word_search,tawng_upa,crossword,thumal_kawp",👗
word.hnawkhal,hnawkhâl,clothing/traditional,TQ4,draft,pending,pending,Source: Kumtluang Class IV (SCERT Mizoram).,traditional man's bark-cloth wrap,"Mipa hmanlai hnawh, hruikhau atanga siam",Hnawkhal chu mipaten an hnawh hmasak ber a ni tih an sawi.,4,"word_chain,picture_match,spelling,word_search,tawng_upa,crossword,thumal_kawp",👖
word.puanngo,puanngo,clothing/traditional,TQ4,draft,pending,pending,Source: Kumtluang Class IV (SCERT Mizoram).,plain white cloth,"Puan chi eng bawk, ropui takin an hman ṭhin",Kut lian hunah chuan puanngo an vun fo ṭhin.,4,"word_chain,picture_match,spelling,word_search,tawng_upa,crossword,thumal_kawp,sentence_builder",🤍
word.saruak,saruak,clothing/traditional,TQ4,draft,pending,pending,Source: Kumtluang Class IV (SCERT Mizoram).,unclothed / bare,Kawr emaw puan bet lo,Hmanlai mihringte an saruakin an awm mai ṭhin tih thawnthu chuan a sawi.,4,"word_chain,spelling,word_search,tawng_upa,crossword",
word.hmaram,hmarâm,clothing/traditional,TQ4,draft,pending,pending,Source: Kumtluang Class IV (SCERT Mizoram). VERIFY: general gloss for a traditional body-marking practice mentioned as historical background.,facial or body tattoo/decoration,Hmel emaw taksaah chi eng hmangin ti dah,Hmanlai mite chu hmarâm nei tam an awm.,4,"word_chain,spelling,word_search,tawng_upa,crossword,sentence_builder",
word.ziarang,ziarâng,clothing/traditional,TQ4,draft,pending,pending,Source: Kumtluang Class IV (SCERT Mizoram).,hair comb / ornament,"Sam siam nana hman thil, tialna",Nula ten an sam siam nan ziarang an hmang ṭhin.,4,"word_chain,picture_match,spelling,word_search,tawng_upa,crossword,thumal_kawp",💇
word.changkang,changkâng,abstract,TQ4,draft,pending,pending,Source: Kumtluang Class IV (SCERT Mizoram).,progress / advancement,Hma sawn taka thil siam that lam,Kum tam tak lo kal chuan Mizote nun a changkang tak zel.,4,"word_chain,spelling,word_search,tawng_upa,crossword",
word.kekawr,kekawr,clothing/traditional,TQ4,draft,pending,pending,Source: Kumtluang Class IV (SCERT Mizoram).,traditional leg-wrap (legging),"Hmanlai mipaten ke chungah an bat, hruikhau emaw puan atanga siam",Hmanlai mipa chuan kekawr an bat ṭhin tih thawnthu chuan a sawi.,4,"word_chain,picture_match,spelling,word_search,tawng_upa,crossword,thumal_kawp",🧦
word.khawtlang,khawtlang,community,TQ4,draft,pending,pending,Source: Kumtluang Class IV (SCERT Mizoram).,community / society,"Mi kim tak, khua leh tui-a mi awm zawng zawng",Khawtlang tana tangkai mi chu min ngaihsak ṭhin.,4,"word_chain,spelling,word_search,tawng_upa,crossword,sentence_builder",
word.thupui,thupui,community,TQ4,draft,pending,pending,Source: Kumtluang Class IV (SCERT Mizoram).,advice / counsel,Thil siam that lam atana hrilh thu,Ka pa thupui chu ka ngaihsak fo ṭhin.,4,"word_chain,spelling,word_search,tawng_upa,crossword,sentence_builder",
word.dawr,dâwr,community,TQ4,draft,pending,pending,Source: Kumtluang Class IV (SCERT Mizoram).,shop / store,Thil zawrh leh lei theihna hmun,Kan pi'n dawr atangin buh a lei ṭhin.,4,"word_chain,picture_match,spelling,word_search,tawng_upa,crossword,thumal_kawp,sentence_builder",🏪
word.bazar,bazar,community,TQ4,draft,pending,pending,Source: Kumtluang Class IV (SCERT Mizoram).,market,"Thil zawrh leh lei theihna hmun lian, mi tam an inkhawm",Zirtawpniah chuan kan nu bazar-ah a kal ṭhin.,4,"word_chain,picture_match,spelling,word_search,tawng_upa,crossword,thumal_kawp,sentence_builder",🏬
word.huam,huam,adjectives,K4,draft,pending,pending,Source: Kumtluang Class IV (SCERT Mizoram).,"breathless, panting",Thawhrim taka thaw avanga hausak taka thaw theih loh dan.,Kal hlawh avangin ka thaw a huam khinkhin.,4,"word_chain,spelling,word_search,tawng_upa,crossword,sentence_builder",😮‍💨
word.thatho,thatho,adjectives,K4,draft,pending,pending,Source: Kumtluang Class IV (SCERT Mizoram).,"confident, defiant","Hlau lo va, ring huai taka thu sawi emaw thil ti dan.","Thatho takin “Ka tih ngei ang,” a ti.",4,"word_chain,spelling,word_search,tawng_upa,crossword,sentence_builder",
word.kawngkhar,kawngkhâr,tools,K4,draft,pending,pending,"Source: Kumtluang Class IV (SCERT Mizoram). VERIFY spelling-variant: also found as class4:word.kawngkhar='kawngkhâr'(K4), vartian:word.kawngkhar='Kawngkhar'(TQ0) — confirm distinct words or same word/typo.","gate, doorway","In lut chhuahna hmun, kawng bâwr.",Kawngkhâr pahin naupangte an lawn lut.,4,"picture_match,spelling,word_search,tawng_upa,crossword,thumal_kawp,sentence_builder",🚪
word.nui-2,nui,verbs,K4,draft,pending,pending,Source: Kumtluang Class IV (SCERT Mizoram).,to smile,Hlim taka hmêl phêk that dan.,Ka pu chuan naupangte a hmuh chuan a nui ṭhin.,4,"word_chain,spelling,word_search,tawng_upa,crossword",😊
word.thutak,thutak,adjectives,K4,draft,pending,pending,Source: Kumtluang Class IV (SCERT Mizoram).,"true, sincere",Dik tak leh rin awm taka thu sawi emaw awm dan.,Thutak takin ka hrilh che ang.,4,"word_chain,spelling,word_search,tawng_upa,crossword,sentence_builder",
word.dim-2,dim,adjectives,K4,draft,pending,pending,Source: Kumtluang Class IV (SCERT Mizoram).,"quiet, dim, silent",Aw lo awm leh ṭhim taka awm dan.,"In chu a dim êm êm a, tumah an awm lo.",4,"word_chain,spelling,word_search,tawng_upa,crossword",🤫
word.phawk,phâwk,verbs,K4,draft,pending,pending,Source: Kumtluang Class IV (SCERT Mizoram).,"to worry, be anxious",Thil thleng dawn tur ngaihtuah avanga rilru harsatna hmuh dan.,A fanu damlo avangin nu chu a phâwk hle.,4,"word_chain,spelling,word_search,tawng_upa,crossword,sentence_builder",
word.mak-2,mak,adjectives,K4,draft,pending,pending,Source: Kumtluang Class IV (SCERT Mizoram).,"strange, amazing, surprising",Ngaihdan bulhchhuak tak leh thil awm ngai lo ang dan.,A thiltih chu mak ka ti hle.,4,"word_chain,spelling,word_search,tawng_upa,crossword,sentence_builder",😲
word.rang,rang,adjectives,K4,draft,pending,pending,Source: Kumtluang Class IV (SCERT Mizoram).,"fast, quick",Hun tlêm tea thil tih zawh theih dan.,Rang takin sikul-ah a kal.,4,"word_chain,spelling,word_search,tawng_upa,crossword,sentence_builder",
word.hlauthawng-2,hlauthâwng,adjectives,K4,draft,pending,pending,Source: Kumtluang Class IV (SCERT Mizoram). VERIFY possible duplicate: diacritic-variant of existing word 'hlauthawng' already in corpus — confirm same word or distinct before import.,"dreadful, terrified",Hlau lutuk avanga thinlung a lo tikhawih dan.,Rûl a hmuh chuan a hlauthâwng hle.,4,"word_chain,spelling,word_search,tawng_upa,crossword,sentence_builder",😨
word.damdiai,dam diai,adjectives,K4,draft,pending,pending,Source: Kumtluang Class IV (SCERT Mizoram).,"relieved, at ease","Ngaihtuahna lian tawh a bo va, muang taka awm dan.",A tuar tak a tih hnu chuan a dam diai ta hle.,4,"word_chain,spelling,word_search,tawng_upa,crossword",
word.thawhlawm,thawhlawm,community,K4,draft,pending,pending,Source: Kumtluang Class IV (SCERT Mizoram).,"mutual help, cooperative labour","Mi hrang hrangin an rual khawma an thawh khawm dan, hna innghawm.",Kan khua mite chu thawhlawm hi an nei tak zet.,4,"word_chain,spelling,word_search,tawng_upa,crossword",
word.chhiatni,chhiatni,people,K4,draft,pending,pending,Source: Kumtluang Class IV (SCERT Mizoram).,birthday,"Mi pian ni, kum tin thleng ṭhin ni.",Ka chhiatni chu September thla-ah a ni.,4,"word_chain,spelling,word_search,tawng_upa,crossword,sentence_builder",🎂
word.bengchheng,bengchheng,adjectives,K4,draft,pending,pending,Source: Kumtluang Class IV (SCERT Mizoram).,"lonely, isolated","Mi dang nena awm lo va, mahni chauhin awm dan.",Zan reiah chuan a in-ah a bengchheng ṭhin.,4,"word_chain,spelling,word_search,tawng_upa,crossword,sentence_builder",
word.tithlabar,tithlabâr,verbs,K4,draft,pending,pending,Source: Kumtluang Class IV (SCERT Mizoram).,"to alarm, cause excessive worry",Mi rilru harsa taka tibuai emaw tilau dan.,Chu thu chu naupangte tithlabâr lo tur a ni.,4,"word_chain,spelling,word_search,tawng_upa,crossword,sentence_builder",
word.hawihhawm-3,hawihhâwm,adjectives,K4,draft,pending,pending,Source: Kumtluang Class IV (SCERT Mizoram). VERIFY possible duplicate: diacritic-variant of existing word 'hawihhawm' already in corpus — confirm same word or distinct before import.,"kind, generous","Mi dang tan a duhthlan taka thil siam pe dan, khawngaih tak.",Ka pu chu mi hawihhâwm tak a ni.,4,"word_chain,spelling,word_search,tawng_upa,crossword,sentence_builder",
word.thilkawm,thilkawm,adjectives,K4,draft,pending,pending,Source: Kumtluang Class IV (SCERT Mizoram).,"stingy, miserly","Mahni thil pe duh lo va, chho reng duh dan.",Mi thilkawm hi midangten an duh lo.,4,"word_chain,spelling,word_search,tawng_upa,crossword,sentence_builder",
word.dawt,dâwt,verbs,K4,draft,pending,pending,Source: Kumtluang Class IV (SCERT Mizoram).,"to backbite, speak ill of someone",Mi hnung lamah a chhia sawi dan.,Mi dâwt hi Pathianin a duh lo.,4,"word_chain,spelling,word_search,tawng_upa,crossword,sentence_builder",
word.tlawh,tlawh,verbs,K4,draft,pending,pending,Source: Kumtluang Class IV (SCERT Mizoram).,to visit (esp. someone who is sick),Mi damlo emaw thiante enkawl tura kal dan.,Ka thian damlo ka tlawh ṭhin.,4,"word_chain,spelling,word_search,tawng_upa,crossword,sentence_builder",
word.tlai-2,tlai,adjectives,K4,draft,pending,pending,Source: Kumtluang Class IV (SCERT Mizoram). VERIFY possible duplicate: diacritic-variant of existing word 'Tlâi' already in corpus — confirm same word or distinct before import.,late,"Hun ngaihtuah lo va, hnuhnung berah thleng dan.",Sikul kal ni chuan i tlai lo ang che.,4,"word_chain,spelling,word_search,tawng_upa,crossword,sentence_builder",
word.hul,hul,adjectives,K4,draft,pending,pending,Source: Kumtluang Class IV (SCERT Mizoram).,fast (of movement),Rang taka kal emaw thawk dan.,A tlan chu a hul hle.,4,"word_chain,spelling,word_search,tawng_upa,crossword,sentence_builder",
word.huh,huh,adjectives,K4,draft,pending,pending,Source: Kumtluang Class IV (SCERT Mizoram).,slow,"Rei taka thawk emaw kal dan, rang lo.",A kal chu a huh êm êm.,4,"word_chain,spelling,word_search,tawng_upa,crossword,sentence_builder",
word.rit-2,rit,adjectives,K4,draft,pending,pending,Source: Kumtluang Class IV (SCERT Mizoram).,heavy,A rit tak avanga phurh harsa dan.,He thil hi a rit em?,4,"word_chain,spelling,word_search,tawng_upa,crossword,sentence_builder",
word.eng-3,êng,adjectives,K4,draft,pending,pending,Source: Kumtluang Class IV (SCERT Mizoram). VERIFY possible duplicate: diacritic-variant of existing word 'Eng' already in corpus — confirm same word or distinct before import.,light (in weight),"A rit lo va, phurh awlsam dan.",He bawm hi a êng hle.,4,"word_chain,spelling,word_search,tawng_upa,crossword,sentence_builder",
word.bial,bial,adjectives,K4,draft,pending,pending,Source: Kumtluang Class IV (SCERT Mizoram).,"round, plump",A kâwr tak leh a chuk lo dan.,He naupang hi a bial hle.,4,"word_chain,spelling,word_search,tawng_upa,crossword,sentence_builder",
word.ria,ria,adjectives,K4,draft,pending,pending,Source: Kumtluang Class IV (SCERT Mizoram).,"difficult, hard",Zawh emaw thiam harsa dan.,He thu chhang hi a ria hle.,4,"word_chain,spelling,word_search,tawng_upa,crossword,sentence_builder",
word.zang,zâng,adjectives,K4,draft,pending,pending,Source: Kumtluang Class IV (SCERT Mizoram).,easy,"Harsatna awm lo va, zawh awlsam dan.",He homework hi a zâng hle.,4,"word_chain,spelling,word_search,tawng_upa,crossword,sentence_builder",
word.sawl,sâwl,adjectives,K4,draft,pending,pending,Source: Kumtluang Class IV (SCERT Mizoram).,"few, scanty","A tam lo, a tlêm êm êm dan.",Kan huan-a thei chu a sâwl.,4,"word_chain,spelling,word_search,tawng_upa,crossword,sentence_builder",
word.chum,chum,adjectives,K4,draft,pending,pending,Source: Kumtluang Class IV (SCERT Mizoram).,"clear, bright (of weather or water)","Bo emaw thim lo va, hmu chiang taka awm dan.",Tuipui hi a chum hle.,4,"word_chain,spelling,word_search,tawng_upa,crossword,sentence_builder",
word.ralpui,ralpui,adjectives,K4,draft,pending,pending,Source: Kumtluang Class IV (SCERT Mizoram).,"a great, dreaded enemy or predator",Hmêlma hlauhawm tak emaw thil hlau um tak.,Sava tê tê chu ralpui atangin an inhumhim a ngai.,4,"word_chain,spelling,word_search,tawng_upa,crossword",
word.dawm,dawm,verbs,K4,draft,pending,pending,Source: Kumtluang Class IV (SCERT Mizoram).,"to shelter, protect","Enkawl a, venhim dan.",Nu chuan a fanute a dawm ṭhin.,4,"word_chain,spelling,word_search,tawng_upa,crossword,sentence_builder",
word.lentupui,lentupui,nature,K4,draft,pending,pending,Source: Kumtluang Class IV (SCERT Mizoram).,"vast wilderness, open jungle expanse","Ram ngaw zau tak, mi awmlohna.",Lentupui chhungah sava tam tak an awm.,4,"word_chain,spelling,word_search,tawng_upa,crossword,sentence_builder",🌳
word.siang,siang,nature,K4,draft,pending,pending,"Source: Kumtluang Class IV (SCERT Mizoram). VERIFY: an archaic/poetic word glossed in the textbook itself as 'in, chenna' (house, dwelling); modern usage is rare so confidence is moderate.","dwelling, home (poetic word)","Awmna in, chenna hmun.",A siang atangin a chhuak.,4,"word_chain,spelling,word_search,tawng_upa,crossword,sentence_builder",🏠
word.thangthar,ṭhangthar,people,K4,draft,pending,pending,"Source: Kumtluang Class IV (SCERT Mizoram). VERIFY spelling-variant: also found as class4:word.thangthar='ṭhangthar'(K4), class7:word.thangthar='thangthar'(K7) — confirm distinct words or same word/typo.","youth, the young generation","Tlangval leh nula lai mek, mi thar lai.",Kan khua ṭhangtharte chu an fing hle.,4,"word_chain,spelling,word_search,tawng_upa,crossword,sentence_builder",
word.nawi,nawi,adjectives,K4,draft,pending,pending,"Source: Kumtluang Class IV (SCERT Mizoram). VERIFY: exact nuance uncertain; inferred from a poem-vocabulary exercise pairing it with 'nuam' (pleasant) without a plain-language gloss given in the text. VERIFY spelling-variant: also found as class4:word.nawi='nawi'(K4), class5:word.nawi='nâwi'(K5) — confirm distinct words or same word/typo.","gentle, soft, mild","Nasa lo va, muang taka awm dan.",A thusawi dan chu a nawi hle.,4,"word_chain,spelling,word_search,tawng_upa,crossword,sentence_builder",
word.tiauvut,ṭiauvut,nature,K4,draft,pending,pending,Source: Kumtluang Class IV (SCERT Mizoram). VERIFY: this word's precise sense is not glossed in the textbook; inferred from flood-poem context (debris/miscellaneous things carried by floodwater).,assorted debris swept together (e.g. by floodwater),"Thil hrang hrang inla khawm, tuiin a rawn kaihhnawih.",Tuipui in loh chuan ṭiauvut tam tak a rawn kaihhnawih.,4,"word_chain,spelling,word_search,tawng_upa,crossword",
word.tihlim,tihlim,verbs,K4,draft,pending,pending,Source: Kumtluang Class IV (SCERT Mizoram).,"to comfort, cheer up",Mi rilru hlim taka siam dan.,A ṭhian a tihlim ṭhin.,4,"word_chain,spelling,word_search,tawng_upa,crossword,sentence_builder",
word.tiharh,tiharh,verbs,K4,draft,pending,pending,Source: Kumtluang Class IV (SCERT Mizoram).,"to trouble, burden, make difficult",Mi rilru harsa taka siam dan.,Chu thu chuan min tiharh hle.,4,"word_chain,spelling,word_search,tawng_upa,crossword,sentence_builder",
word.tidarh,tidarh,verbs,K4,draft,pending,pending,Source: Kumtluang Class IV (SCERT Mizoram).,"to strengthen, harden",Nghak thei zawk leh chak zawka siam dan.,Tawngtaina chuan rilru min tidarh ṭhin.,4,"word_chain,spelling,word_search,tawng_upa,crossword,sentence_builder",
word.zanin-2,zanin,nature,K4,draft,pending,pending,Source: Kumtluang Class IV (SCERT Mizoram).,"in the evening, at night",Zan lai hun sawina.,Zanin lehkha ka chhiar ṭhin.,4,"word_chain,spelling,word_search,tawng_upa,crossword,sentence_builder",🌙
word.nichin,nichin,adjectives,K4,draft,pending,pending,Source: Kumtluang Class IV (SCERT Mizoram).,"daily, every day","Ni tin, ni tina thil thleng dan sawina.",Nichin ka lehkha ka zir.,4,"word_chain,spelling,word_search,tawng_upa,crossword,sentence_builder",
word.hal,hâl,adjectives,K4,draft,pending,pending,Source: Kumtluang Class IV (SCERT Mizoram).,thirsty,Tui in a duh dan.,"Ka hâl hle, tui min pe rawh.",4,"word_chain,spelling,word_search,tawng_upa,crossword,sentence_builder",
word.mutchhuak,mut chhuak,verbs,K4,draft,pending,pending,Source: Kumtluang Class IV (SCERT Mizoram).,to drool while asleep,Mut lai hnahnaw a rawn luang chhuak dan.,Naupang mute chuan an mut chhuak ṭhin.,4,"word_chain,spelling,word_search,tawng_upa,crossword,sentence_builder",
word.maianbai,maian bai,adjectives,K4,draft,pending,pending,Source: Kumtluang Class IV (SCERT Mizoram).,"sooty-faced, smudged with soot",Hmêl chhum leh khu hnuh vek dan.,Meichhawh atangin a hmêl a maian bai.,4,"word_chain,spelling,word_search,tawng_upa,crossword,sentence_builder",
word.daih,daih,verbs,K4,draft,pending,pending,Source: Kumtluang Class IV (SCERT Mizoram).,to snap or break off (with a cracking sound),Chak taka kân emaw pawt dan.,"Thing kung chu a daih a, a phuar a chhuak.",4,"word_chain,spelling,word_search,tawng_upa,crossword",
word.peih,peih,adjectives,K4,draft,pending,pending,Source: Kumtluang Class IV (SCERT Mizoram).,"worn out, torn from use",Hman tam avanga bo tan emaw se tan dan.,Ka lehkhabu chu a chhiar peih avangin a se tan.,4,"word_chain,spelling,word_search,tawng_upa,crossword",
word.ngaihnawm,ngaihnawm,adjectives,K4,draft,pending,pending,Source: Kumtluang Class IV (SCERT Mizoram).,"interesting, enjoyable","Ngaihtuah leh chhiar nuam tak, hlim thlak dan.",He thawnthu hi a ngaihnawm hle.,4,"word_chain,spelling,word_search,tawng_upa,crossword,sentence_builder",
word.tuihnai-2,tuihnâi,verbs,K4,draft,pending,pending,Source: Kumtluang Class IV (SCERT Mizoram). VERIFY: inferred from a rat's ravenous eating in a fable's word-box; precise shade of meaning not glossed in the text. VERIFY possible duplicate: diacritic-variant of existing word 'tuihnai' already in corpus — confirm same word or distinct before import.,"to crave intensely, eat ravenously","Ei duh nasa tak, chak taka duh dan.",Ui chuan sa a tuihnâi ṭhin.,4,"word_chain,spelling,word_search,tawng_upa,crossword,sentence_builder",
word.biru-2,biru,verbs,K4,draft,pending,pending,Source: Kumtluang Class IV (SCERT Mizoram).,"to gobble, eat greedily","Ei nasa taka, dah lova mahni chauh hriat taka ei dan.",Chaichim chuan buh a biru ṭhin.,4,"word_chain,spelling,word_search,tawng_upa,crossword,sentence_builder",
word.thawm,thâwm,adjectives,K4,draft,pending,pending,Source: Kumtluang Class IV (SCERT Mizoram).,"full, satiated (after eating)",Ei tawh avanga a khawih tawh loh dan.,Chaw ka ei zawh chuan ka thâwm hle.,4,"word_chain,spelling,word_search,tawng_upa,crossword,sentence_builder",
word.harhvang-2,harhvâng,adjectives,K4,draft,pending,pending,Source: Kumtluang Class IV (SCERT Mizoram). VERIFY possible duplicate: diacritic-variant of existing word 'harhvang' already in corpus — confirm same word or distinct before import.,"mischievous, restless (of a child)",Naupang thawh that leh muang lo taka awm dan.,Zova chu naupang harhvâng tak a ni.,4,"word_chain,spelling,word_search,tawng_upa,crossword,sentence_builder",
word.nghafuan,nghafuan,tools,K4,draft,pending,pending,Source: Kumtluang Class IV (SCERT Mizoram). VERIFY: gloss inferred from context describing a hunting method being restricted to protect dove numbers; exact construction of the trap is not described in the text.,a snare or trap used for catching birds,Sava mante khap nan hman thil.,Nghafuan hi khawtlangin an khap ta.,4,"word_chain,spelling,word_search,tawng_upa,crossword,sentence_builder",
word.hnianghnar,hnianghnâr,adjectives,K4,draft,pending,pending,Source: Kumtluang Class IV (SCERT Mizoram). VERIFY: gloss inferred from context (a village's dove population becoming plentiful after a hunting method was banned); no direct definition given in text.,"abundant, plentiful (of wildlife)",Ram sa emaw thil awm tam êm êm dan.,Sava an hnianghnâr avangin khaw mite an lawm.,4,"word_chain,spelling,word_search,tawng_upa,crossword,sentence_builder",
word.run,rûn,tools,K4,draft,pending,pending,Source: Kumtluang Class IV (SCERT Mizoram).,"a trap, snare",Ram sa man nan siam thil.,Rûn an dah avangin sazuk an man.,4,"picture_match,spelling,word_search,tawng_upa,crossword,thumal_kawp,sentence_builder",
word.ral-3,râl,people,K4,draft,pending,pending,"Source: Kumtluang Class IV (SCERT Mizoram). VERIFY culture-sensitive: refers to traditional inter-village warfare/raiding associated with a legendary pasaltha-like strongman figure in this lesson; route to human culture reviewer. VERIFY spelling-variant: also found as class1:word.ral='ral'(K1), class3:word.ral2='râl'(K3), class4:word.ral='râl'(K4) — confirm distinct words or same word/typo.","war, battle, enemy in war",Khawtlang leh khawtlang indona nasa tak.,Hmanlai mite chu râl an beih fo ṭhin.,4,"word_chain,spelling,word_search,tawng_upa,crossword,sentence_builder",
word.thlaichhiah,thlaichhiah,community,K4,draft,pending,pending,Source: Kumtluang Class IV (SCERT Mizoram). VERIFY culture-sensitive: a Mim Kut ancestor-remembrance/death custom where food is offered at graves of deceased family members; route to human culture reviewer.,a Mim Kut ritual of offering food at the graves of the dead,"Chhungte thi tawh te tan ei tur an dah khawmna, thi zinga awm ngaihsan dan.",Mim Kut hunah chuan an chhungte thlaichhiah nan an thlan-ah ei an dah ṭhin.,4,"word_chain,spelling,word_search,tawng_upa,crossword",
word.inbuatsaih,inbuatsaih,verbs,K4,draft,pending,pending,Source: Kumtluang Class IV (SCERT Mizoram).,"to prepare, get ready","Hma taka siam tawh dan, ngaihtuah tawh dan.",Kut atan chuan an inbuatsaih hle.,4,"word_chain,spelling,word_search,tawng_upa,crossword,sentence_builder",
word.chhawnghnawh,chhâwng hnawh,community,K4,draft,pending,pending,Source: Kumtluang Class IV (SCERT Mizoram). VERIFY culture-sensitive: a traditional children's game (egg-knocking contest) tied to the Pawl Kut festival; route to human culture reviewer.,a traditional egg-tapping game played during Pawl Kut,"Artui inbarh hmangin infiamna, tu artui a chak zawk tih hriat nan tih.",Pawl Kut-ah chuan naupangte chhâwng hnawh an in tih ṭhin.,4,"word_chain,spelling,word_search,tawng_upa,crossword",
word.hmanghria,hmanghria,people,K4,draft,pending,pending,Source: Kumtluang Class IV (SCERT Mizoram).,"discerning, perceptive (notices things others miss)",Thil chiang taka enkawl leh hriat thiam dan.,Mi hmanghria chuan thil ṭha lo pian lam a hmuh ṭhin.,4,"word_chain,spelling,word_search,tawng_upa,crossword",
word.ngatngat,ngat ngat,adjectives,K4,draft,pending,pending,Source: Kumtluang Class IV (SCERT Mizoram).,"firmly, steadily (e.g. of digging)","Chak taka, ṭhat lova thawk dan.",Huan an laih chuan ngat ngat mai an thawk.,4,"word_chain,spelling,word_search,tawng_upa,crossword,sentence_builder",
word.hnual,hnual,adjectives,K4,draft,pending,pending,Source: Kumtluang Class IV (SCERT Mizoram).,"upset, frustrated","Lungawi lo va, thinrim tak a awm dan.",Thil an beisei loh chuan an rilru a hnual hle.,4,"word_chain,spelling,word_search,tawng_upa,crossword",
word.hnukchah,hnuk chah,verbs,K4,draft,pending,pending,Source: Kumtluang Class IV (SCERT Mizoram).,"to hold back, delay revealing (something)","Hun tawk lo pah chuan sawi lo va, dah tuah dan.","Ka thu chu ka hnuk chah dâwn a, tûn hian ka sawi lo.",4,"word_chain,spelling,word_search,tawng_upa,crossword",
word.zuankahlen,zuankahlên,verbs,K4,draft,pending,pending,Source: Kumtluang Class IV (SCERT Mizoram).,"to race, compete against one another (e.g. swimming)",Tu chak zawk emaw hlawhtling zawk tih hriat nana infiamna.,Naupangte chuan tuipuiah an inzuankahlên.,4,"word_chain,spelling,word_search,tawng_upa,crossword,sentence_builder",
word.inphekbeih,inphêk beih,verbs,K4,draft,pending,pending,Source: Kumtluang Class IV (SCERT Mizoram).,"to argue, quarrel heatedly with one another",Thu inâwm lovin ngun taka inbei dan.,Kutkawrh chungchang avangin an inphêk beih.,4,"word_chain,spelling,word_search,tawng_upa,crossword,sentence_builder",
word.kakpui,kâkpui,people,K4,draft,pending,pending,Source: Kumtluang Class IV (SCERT Mizoram).,neck (esp. of an animal),"Lu leh puk kawmkil, hnawk chung lam.",Rûlpui kâkpuiah chuan a inbâng.,4,"picture_match,spelling,word_search,tawng_upa,crossword,thumal_kawp,sentence_builder",
word.zangruh,zângruh,adjectives,K4,draft,pending,pending,Source: Kumtluang Class IV (SCERT Mizoram). VERIFY: gloss inferred from fable context (a predator spotting an opponent's exposed weak spot); not a common everyday word.,a vulnerable or exposed spot (weak point),"Mi emaw ran vênhim theih loh chhehvel, tuar hlauna hmun.","Sa aiawh chuan a zângruh a hmu a, a man.",4,"word_chain,spelling,word_search,tawng_upa,crossword",
word.tinreng,tinreng,adjectives,K4,draft,pending,pending,Source: Kumtluang Class IV (SCERT Mizoram).,"always, constantly","A chatuan zêl, hun tinah awm reng dan.",Kan pa min chhâwrtîr tinreng a duh.,4,"word_chain,spelling,word_search,tawng_upa,crossword,sentence_builder",
word.hlan,hlân,nature,K4,draft,pending,pending,Source: Kumtluang Class IV (SCERT Mizoram).,"long ago, formerly","Hun kal tawh, tunlai lo ni.",Hlân khan he tlang hi ram ngaw a ni.,4,"word_chain,spelling,word_search,tawng_upa,crossword,sentence_builder",
word.turni,tûrni,nature,K4,draft,pending,pending,Source: Kumtluang Class IV (SCERT Mizoram).,the sun,Van chunga êng petu lian tak.,Tûrni chu a chak hle avangin kan phah lo.,4,"picture_match,spelling,word_search,tawng_upa,crossword,thumal_kawp,sentence_builder",☀️
word.chun,chûn,nature,K4,draft,pending,pending,Source: Kumtluang Class IV (SCERT Mizoram).,"evening, dusk","Ni tlai, khua a lo tim hun.",Chûn hun chuan kan chhungte kan ko khawm.,4,"word_chain,spelling,word_search,tawng_upa,crossword,sentence_builder",
word.nghatun,nghatun,animals,K4,draft,pending,pending,Source: Kumtluang Class IV (SCERT Mizoram). VERIFY: 'nghatun' is one of several dove/pigeon species named in a hunting story and a bird-categorisation exercise; exact common English species name not confirmed.,a species of wild dove or pigeon,"Vahu chi hrang hrang zinga mi pakhat, ramhnuaia awm ṭhin.",An pafa chuan nghatun an man.,4,"picture_match,spelling,word_search,tawng_upa,crossword,thumal_kawp,sentence_builder",🕊️
word.nghadawl,nghadawl,animals,K4,draft,pending,pending,Source: Kumtluang Class IV (SCERT Mizoram). VERIFY: 'nghadawl' is one of several dove/pigeon species named in a hunting story and a bird-categorisation exercise; exact common English species name not confirmed.,a species of wild dove or pigeon,"Vahu chi hrang hrang zinga mi pakhat, ramhnuaia awm ṭhin.",An pafa chuan nghadawl an man.,4,"picture_match,spelling,word_search,tawng_upa,crossword,thumal_kawp,sentence_builder",🕊️
word.nghahrah,nghahrah,animals,K4,draft,pending,pending,Source: Kumtluang Class IV (SCERT Mizoram). VERIFY: 'nghahrah' is one of several dove/pigeon species named in a hunting story and a bird-categorisation exercise; exact common English species name not confirmed.,a species of wild dove or pigeon,"Vahu chi hrang hrang zinga mi pakhat, ramhnuaia awm ṭhin.",An pafa chuan nghahrah an man.,4,"picture_match,spelling,word_search,tawng_upa,crossword,thumal_kawp,sentence_builder",🕊️
word.nghavawk,nghavawk,animals,K4,draft,pending,pending,Source: Kumtluang Class IV (SCERT Mizoram). VERIFY: 'nghavawk' is one of several dove/pigeon species named in a hunting story and a bird-categorisation exercise; exact common English species name not confirmed.,a species of wild dove or pigeon,"Vahu chi hrang hrang zinga mi pakhat, ramhnuaia awm ṭhin.",An pafa chuan nghavawk an man.,4,"picture_match,spelling,word_search,tawng_upa,crossword,thumal_kawp,sentence_builder",🕊️
word.nghavang,nghavâng,animals,K4,draft,pending,pending,Source: Kumtluang Class IV (SCERT Mizoram). VERIFY: 'nghavâng' is one of several dove/pigeon species named in a hunting story and a bird-categorisation exercise; exact common English species name not confirmed.,a species of wild dove or pigeon,"Vahu chi hrang hrang zinga mi pakhat, ramhnuaia awm ṭhin.",An pafa chuan nghavâng an man.,4,"picture_match,spelling,word_search,tawng_upa,crossword,thumal_kawp,sentence_builder",🕊️
word.ngharul,ngharûl,animals,K4,draft,pending,pending,Source: Kumtluang Class IV (SCERT Mizoram). VERIFY: 'ngharûl' is one of several dove/pigeon species named in a hunting story and a bird-categorisation exercise; exact common English species name not confirmed.,a species of wild dove or pigeon,"Vahu chi hrang hrang zinga mi pakhat, ramhnuaia awm ṭhin.",An pafa chuan ngharûl an man.,4,"picture_match,spelling,word_search,tawng_upa,crossword,thumal_kawp,sentence_builder",🕊️
word.lengphar,lengphâr,animals,K4,draft,pending,pending,Source: Kumtluang Class IV (SCERT Mizoram). VERIFY: species identity uncertain; named among birds caught in a fishing net in the source story.,a species of wild bird (possibly a green pigeon),Sava chi hrang hrang zinga mi pakhat.,Huan kama chuan lengphâr an hmu.,4,"picture_match,spelling,word_search,tawng_upa,crossword,thumal_kawp,sentence_builder",
word.chhawlhring,chhâwlhring,animals,K4,draft,pending,pending,Source: Kumtluang Class IV (SCERT Mizoram). VERIFY: species identity uncertain (named in a hunting story and a bird-categorisation exercise).,a species of wild bird,Sava chi hrang hrang zinga mi pakhat.,Lui kamah chuan chhâwlhring an hmu.,4,"picture_match,spelling,word_search,tawng_upa,crossword,thumal_kawp,sentence_builder",
word.chinrang,chinrâng,animals,K4,draft,pending,pending,Source: Kumtluang Class IV (SCERT Mizoram). VERIFY: species identity uncertain (named in a hunting story and a bird-categorisation exercise).,a species of wild bird,Sava chi hrang hrang zinga mi pakhat.,Chinrâng chu lui kamah an hmu ṭhin.,4,"picture_match,spelling,word_search,tawng_upa,crossword,thumal_kawp,sentence_builder",
word.kireuh,kireuh,animals,K4,draft,pending,pending,Source: Kumtluang Class IV (SCERT Mizoram). VERIFY: species identity uncertain (named in a hunting story and a bird-categorisation exercise).,a species of wild bird,Sava chi hrang hrang zinga mi pakhat.,Kireuh chu huan kamah an hmu.,4,"picture_match,spelling,word_search,tawng_upa,crossword,thumal_kawp,sentence_builder",
word.tawllawt,tawllâwt,animals,K4,draft,pending,pending,Source: Kumtluang Class IV (SCERT Mizoram). VERIFY: species identity uncertain (named in a bird-categorisation exercise).,a species of wild bird,Sava chi hrang hrang zinga mi pakhat.,Tawllâwt chu lui kamah an hmuh ṭhin.,4,"picture_match,spelling,word_search,tawng_upa,crossword,thumal_kawp,sentence_builder",
word.varihaw,varihâw,animals,K4,draft,pending,pending,"Source: Kumtluang Class IV (SCERT Mizoram). VERIFY: species identity uncertain; possibly refers to a hornbill, inferred from the 'va-' bird prefix and 'lian' size context.","a large wild bird, possibly a hornbill","Sava lian tak, ram thlirah awm ṭhin.",Varihâw hi sava lian tak a ni.,4,"picture_match,spelling,word_search,tawng_upa,crossword,thumal_kawp,sentence_builder",
word.bullut,bullut,animals,K4,draft,pending,pending,Source: Kumtluang Class IV (SCERT Mizoram). VERIFY: species identity uncertain (named in a bird-categorisation exercise).,a species of wild bird,Sava chi hrang hrang zinga mi pakhat.,Bullut chu ramhnuaia an hmuh ṭhin.,4,"picture_match,spelling,word_search,tawng_upa,crossword,thumal_kawp,sentence_builder",
word.chhuangtuar,chhuangtuar,animals,K4,draft,pending,pending,Source: Kumtluang Class IV (SCERT Mizoram). VERIFY: species identity uncertain (named in a bird-categorisation exercise).,a species of wild bird,Sava chi hrang hrang zinga mi pakhat.,Chhuangtuar chu ramhnuaia an hmuh ṭhin.,4,"picture_match,spelling,word_search,tawng_upa,crossword,thumal_kawp,sentence_builder",
word.arpui,arpui,animals,K4,draft,pending,pending,Source: Kumtluang Class IV (SCERT Mizoram).,cicada (a loud insect),"Rimtui chi, ri ngun taka chhuahtu.",Chhûn takah arpui ri kan hriat ṭhin.,4,"picture_match,spelling,word_search,tawng_upa,crossword,thumal_kawp,sentence_builder",🦗
word.zawhte-2,zawhtê,animals,K4,draft,pending,pending,Source: Kumtluang Class IV (SCERT Mizoram). VERIFY: exact animal identity not confirmed; named in an exercise about animal calls/sounds. VERIFY possible duplicate: diacritic-variant of existing word 'Zawhte' already in corpus — confirm same word or distinct before import.,"a small creature (named for its call, exact identity uncertain)","Ran te emaw sava te, a ri hriat theih chi.",Zawhtê ri chu zanah kan hriat ṭhin.,4,"picture_match,spelling,word_search,tawng_upa,crossword,thumal_kawp,sentence_builder",
word.sihal,sihal,animals,K4,draft,pending,pending,"Source: Kumtluang Class IV (SCERT Mizoram). VERIFY: likely refers to the barking deer, inferred from its grouping with other deer/wild-game names.",barking deer (a small wild deer),"Ramsa te, sakhi chi te zinga mi pakhat.",Sihal chu ramah kan hmuh ṭhin.,4,"picture_match,spelling,word_search,tawng_upa,crossword,thumal_kawp,sentence_builder",
word.sanghar,sanghar,animals,K4,draft,pending,pending,"Source: Kumtluang Class IV (SCERT Mizoram). VERIFY: likely means porcupine, inferred from grouping with other wild-game names in an animal-sounds exercise.",porcupine,"Ramsa, a tisen zau tak nei.",Sanghar chu tisen a nei avangin an hre chiang.,4,"picture_match,spelling,word_search,tawng_upa,crossword,thumal_kawp,sentence_builder",
word.mupui,mupui,animals,K4,draft,pending,pending,Source: Kumtluang Class IV (SCERT Mizoram).,owl,"Sava, zanah zâwng, khawvêl a chak.",Mupui hi zanah a chak ṭhin.,4,"picture_match,spelling,word_search,tawng_upa,crossword,thumal_kawp,sentence_builder",🦉
word.vamur,vamûr,animals,K4,draft,pending,pending,Source: Kumtluang Class IV (SCERT Mizoram).,vulture,"Sava lian, ramsa thi ei.",Vamûr chuan ramsa thi an ei ṭhin.,4,"picture_match,spelling,word_search,tawng_upa,crossword,thumal_kawp,sentence_builder",
word.vate,vatê,animals,K4,draft,pending,pending,Source: Kumtluang Class IV (SCERT Mizoram).,"small bird(s), a generic term for little birds",Sava tê tê awm.,Vatê chu thing changah an chun ṭhin.,4,"picture_match,spelling,word_search,tawng_upa,crossword,thumal_kawp,sentence_builder",🐦
word.vapual,vapual,animals,K4,draft,pending,pending,Source: Kumtluang Class IV (SCERT Mizoram). VERIFY: species identity uncertain (named in a bird-categorisation exercise).,a species of dove or pigeon,Vahu chi hrang hrang zinga mi pakhat.,Vapual chu ramhnuaia an hmuh ṭhin.,4,"picture_match,spelling,word_search,tawng_upa,crossword,thumal_kawp,sentence_builder",
word.sazuk,sazuk,animals,K4,draft,pending,pending,Source: Kumtluang Class IV (SCERT Mizoram). VERIFY: likely refers to a small deer species; route for language review to confirm exact identity vs. 'sihal'.,barking deer (a small wild deer),"Ramsa tê, sakhi chi.",Sazuk chu ramah an hmuh ṭhin.,4,"picture_match,spelling,word_search,tawng_upa,crossword,thumal_kawp,sentence_builder",
word.sanghal,sanghal,animals,K4,draft,pending,pending,Source: Kumtluang Class IV (SCERT Mizoram). VERIFY: spelling is close to 'sanghar' (porcupine) elsewhere in the same book; may be the same animal or a distinct one—needs language review.,"a wild game animal (exact identity uncertain, possibly related to 'sanghar')",Ramsa chi pakhat.,Sanghal chu ramah an hmuh ṭhin.,4,"picture_match,spelling,word_search,tawng_upa,crossword,thumal_kawp,sentence_builder",
word.chengkawl,chêngkawl,animals,K4,draft,pending,pending,Source: Kumtluang Class IV (SCERT Mizoram). VERIFY: species identity uncertain; named in a story about birds catching insects.,a wild bird (possibly a heron),"Sava chi, tui kama insu ṭhin.",Chêngkawl chuan pitte an manthei ṭhin.,4,"picture_match,spelling,word_search,tawng_upa,crossword,thumal_kawp,sentence_builder",
word.changpat,changpât,animals,K4,draft,pending,pending,Source: Kumtluang Class IV (SCERT Mizoram). VERIFY: species identity uncertain; named in a story about birds catching insects.,a small insect-eating bird,"Sava tê, insect man ei.",Changpât chuan vate an man ṭhin.,4,"picture_match,spelling,word_search,tawng_upa,crossword,thumal_kawp,sentence_builder",
word.pit,pit,animals,K4,draft,pending,pending,Source: Kumtluang Class IV (SCERT Mizoram). VERIFY: species identity uncertain (small generic bird named in a story).,a small bird,Sava tê tê.,Pittê chu thing changah an chun.,4,"picture_match,spelling,word_search,tawng_upa,crossword,thumal_kawp,sentence_builder",
word.theiherawt,theiherâwt,food,K4,draft,pending,pending,"Source: Kumtluang Class IV (SCERT Mizoram). VERIFY: identified as a local fruit whose fruit turns reddish, matched in a fruit-vocabulary exercise; exact common English name not fully confirmed. VERIFY spelling-variant: also found as class4:word.theiherawt='theiherâwt'(K4), class5:word.theiherawt='theiherawt'(K5) — confirm distinct words or same word/typo.",rose apple (a local fruit),"Thei chi, a rah a sen vâr.",Theiherâwt chu kan huanah an ling.,4,"picture_match,spelling,word_search,tawng_upa,crossword,thumal_kawp,sentence_builder",
word.kual,kual,adjectives,K4,draft,pending,pending,Source: Kumtluang Class IV (SCERT Mizoram).,round (in shape),A bial takin a vêl vek dan.,Pelo chu a kual.,4,"word_chain,spelling,word_search,tawng_upa,crossword,sentence_builder",⚪
word.duk,duk,adjectives,K4,draft,pending,pending,Source: Kumtluang Class IV (SCERT Mizoram).,itchy,Vun ah a duh emaw hniam duh dan.,Theipalingkawh chawi chuan taksa a duk ṭhin.,4,"word_chain,spelling,word_search,tawng_upa,crossword,sentence_builder",
word.kawrtawnghak,kawrtawnghâk,community,K4,draft,pending,pending,"Source: Kumtluang Class IV (SCERT Mizoram). VERIFY culture-sensitive: describes a traditional Mizo men's clothing/wrapping style from before woven garments were common; a traditional craft/dress practice, route to human culture reviewer.",a traditional style of wrapping cloth around the waist worn by men,"Mipa puan silhna dan bik, kawr ang deuha nghawngah bat.",Hmanlai mipate chu kawrtawnghâk an silh ṭhin.,4,"picture_match,spelling,word_search,tawng_upa,crossword,thumal_kawp,sentence_builder",
word.lunghlu,lunghlu,values,TQ5,draft,pending,pending,Source: Kumtluang Class V (SCERT Mizoram),treasure; something precious,"Thil hlu tak, duh a awm tak kan neih.",Kan hnam ziarang hi kan lunghlu a ni.,5,"spelling,word_search,tawng_upa,crossword,sentence_builder",
word.nawmsakna,nawmsakna,values,TQ5,draft,pending,pending,Source: Kumtluang Class V (SCERT Mizoram),"happiness, contentment",Rilru lawmna leh hlimna kan neih hun.,Chhungkaw inhmangaihna chu nawmsakna a rawn thlen thin.,5,"spelling,word_search,tawng_upa,crossword,sentence_builder",😊
word.thianghlimna,thianghlimna,values,TQ5,draft,pending,pending,Source: Kumtluang Class V (SCERT Mizoram),"purity, holiness","Rilru leh nun tha tak, sual bo lohna.",Naupang thianghlimna chu Pathianin a duh tak a ni.,5,"spelling,word_search,tawng_upa,crossword,sentence_builder",
word.sirva,sirva,nature,TQ5,draft,pending,pending,Source: Kumtluang Class V (SCERT Mizoram),a small wild bird (sirva),"Sava chi tê, ram lai leh tlang lama awm ṭhin.",Sirva chu tlang lama ka hmu ṭhin.,5,"word_chain,picture_match,spelling,word_search,tawng_upa,crossword,thumal_kawp,sentence_builder",🐦
word.zaivawr,zai vawr,nature,TQ5,draft,pending,pending,Source: Kumtluang Class V (SCERT Mizoram),to sing a flowing melody,"Hla sak lantlang, ri tha taka sak dan.",Zirlai hovin zai vawr an lawm hle.,5,"spelling,word_search,tawng_upa,crossword,sentence_builder",🎵
word.kumtluang,kumtluang,nature,TQ5,draft,pending,pending,Source: Kumtluang Class V (SCERT Mizoram),a hardy climbing vine (symbol of endurance),"Thing hnuai zawn thla, chen tak leh dam rei thei.",Kumtluang chu tlang kam ah kan hmu ṭhin.,5,"word_chain,picture_match,spelling,word_search,tawng_upa,crossword,thumal_kawp,sentence_builder",🌿
word.tuktinpar,tuktinpar,nature,TQ5,draft,pending,pending,Source: Kumtluang Class V (SCERT Mizoram),a flower that blooms fresh every day,Ni tin par ṭha tak leh nal takin a par ṭhin.,Ka pi huan ah tûktinpar a par ṭha hle.,5,"word_chain,picture_match,spelling,word_search,tawng_upa,crossword,thumal_kawp,sentence_builder",🌸
word.ropuina,ropuina,values,TQ5,draft,pending,pending,Source: Kumtluang Class V (SCERT Mizoram),"glory, greatness",Mi zahawm leh chawimawi tur nihna.,Hnam ropuina chhan chuan naupangte kan zirtir a ngai.,5,"spelling,word_search,tawng_upa,crossword,sentence_builder",
word.khualzin,khualzin,legend,TQ5,draft,pending,pending,Source: Kumtluang Class V (SCERT Mizoram),"traveler, one who journeys",Khaw dang zin tura kal mek mi.,Khualzinte chu kum tin an tam zel.,5,"word_chain,spelling,word_search,tawng_upa,crossword,sentence_builder",🥾
word.intlansan,intlansan,legend,TQ5,draft,pending,pending,Source: Kumtluang Class V (SCERT Mizoram),to make a mutual pact / help each other along the way,Inhnathawh tawn leh intanpui tawn dan.,Khualzinte chuan an kal lai in intlansan ṭhin.,5,"spelling,word_search,tawng_upa,crossword,sentence_builder",
word.inthurual,inthurual,legend,TQ5,draft,pending,pending,Source: Kumtluang Class V (SCERT Mizoram),to discuss/plan together,"Thu leh hla inkawmpui, ruahman tawn dan.",Naupangte chuan an project atan an inthurual a.,5,"spelling,word_search,tawng_upa,crossword,sentence_builder",
word.intiam,intiam,legend,TQ5,draft,pending,pending,Source: Kumtluang Class V (SCERT Mizoram),to make a promise together,Inkawm tawna thu chah dan.,Thiante chuan an inkawm tan chuan an intiam ṭhin.,5,"spelling,word_search,tawng_upa,crossword,sentence_builder",
word.hmachhawn,hmachhawn,legend,TQ5,draft,pending,pending,Source: Kumtluang Class V (SCERT Mizoram),"to face, to confront",Harsatna emaw hlauhawm thil emaw chu chhelh lovin hmelhriat.,Kan harsatna kan hmachhawn a ngai.,5,"word_chain,spelling,word_search,tawng_upa,crossword,sentence_builder",
word.tlanchhiatna,tlanchhiatna,legend,TQ5,draft,pending,pending,Source: Kumtluang Class V (SCERT Mizoram),a narrow escape from danger,"Hlauhawm tak atanga chhuak chhuak, thi tawk deuh laia doh chhuah.",A pa chuan tlanchhiatna a lo tawng ṭhin tih a sawi.,5,"spelling,word_search,tawng_upa,crossword",
word.dawihzep,dawihzep,legend,TQ5,draft,pending,pending,Source: Kumtluang Class V (SCERT Mizoram),to whisper into someone's ear,"Thu hnia hrilh, mi dang hriat loh tur.",Ka thianpa chuan ka beng ah a dawihzep.,5,"word_chain,spelling,word_search,tawng_upa,crossword,sentence_builder",🤫
word.nul,nul,legend,TQ5,draft,pending,pending,Source: Kumtluang Class V (SCERT Mizoram),to lick,Lei atanga i taka phawh dan.,Ui chuan ka kut a nul ṭhin.,5,"word_chain,picture_match,spelling,word_search,tawng_upa,crossword,thumal_kawp,sentence_builder",👅
word.him,him,verbs,TQ5,draft,pending,pending,Source: Kumtluang Class V (SCERT Mizoram),to be safe / protection,"Hlauhawm atanga venhim dan, dam him taka awm dan.",Kawng i kan chuan i him tur a ngai.,5,"word_chain,spelling,word_search,tawng_upa,crossword,sentence_builder",🛡️
word.nauhnauh,nauh nauh,adjectives,TQ5,draft,pending,pending,Source: Kumtluang Class V (SCERT Mizoram),"hastily, carelessly (in a rush)","Chin takin, ngaihtuah lovin tih dan.",Kawng a nauh nauh in kan kan lo tih phal lo.,5,"spelling,word_search,tawng_upa,crossword",
word.kan,kan,verbs,TQ5,draft,pending,pending,Source: Kumtluang Class V (SCERT Mizoram),to cross (a road),Kawng emaw lui emaw a kalah pan dan.,Zebra crossing-ah kawng i kan tur a ni.,5,"word_chain,picture_match,spelling,word_search,tawng_upa,crossword,thumal_kawp,sentence_builder",🚸
word.chetsual,chetsual,nature,TQ5,draft,pending,pending,Source: Kumtluang Class V (SCERT Mizoram),accident,Ngaihtuah lo taka thil sual a thleng dan.,Kawng chetsual atang chuan i inven a ngai.,5,"word_chain,spelling,word_search,tawng_upa,crossword,sentence_builder",⚠️
word.dinglam,ding lam,adjectives,TQ5,draft,pending,pending,Source: Kumtluang Class V (SCERT Mizoram),the stationary side (where traffic is not moving),Kawng kanna a thlengin motor kal loh lam.,"Ding lam en hmasa la, kal thei chuan i kan thei ang.",5,"spelling,word_search,tawng_upa,crossword",
word.veilam,vei lam,adjectives,TQ5,draft,pending,pending,Source: Kumtluang Class V (SCERT Mizoram),the moving-traffic side,Motor emaw thil kal reng emaw lam.,Vei lam i en phawt loh chuan i kan a ni lo.,5,"spelling,word_search,tawng_upa,crossword",
word.theihpatawp,theihpatawp,values,TQ5,draft,pending,pending,Source: Kumtluang Class V (SCERT Mizoram),"responsibility, duty",Mahni tan tih tur leh puan tur.,Kawng ropui a kan chuan theihpatawp lantlang a ngai.,5,"spelling,word_search,tawng_upa,crossword,sentence_builder",
word.khawtlang,khawtlang,community,TQ5,draft,pending,pending,Source: Kumtluang Class V (SCERT Mizoram),"society, community",Mi zawng zawng kohhran/veng chhungah awm.,Khawtlang chhunga kan awm chuan mi dangte kan ngaisak a ngai.,5,"word_chain,spelling,word_search,tawng_upa,crossword",🏘️
word.hmingthat,hmingthat,values,TQ5,draft,pending,pending,Source: Kumtluang Class V (SCERT Mizoram),"good name, good reputation","Miten min hriat ṭha dan, mi tha nihna hming.",Zirna hi hmingthat chhan dang a ni bawk.,5,"spelling,word_search,tawng_upa,crossword,sentence_builder",
word.tlawmngai,tlawmngai,values,TQ5,draft,pending,pending,Source: Kumtluang Class V (SCERT Mizoram),selfless helpfulness (a core Mizo virtue),Mahni duhzawng ai chuan mi dang tanpui duh zawk dan.,Tlawmngai mi chu miten an ngaisang.,5,"spelling,word_search,tawng_upa,crossword,sentence_builder",
word.rinawm,rinawm,adjectives,TQ5,draft,pending,pending,Source: Kumtluang Class V (SCERT Mizoram),"trustworthy, reliable",A thu leh a hnathawh a kal ang taka nih theih.,Zirtirtuin rinawm tak naupang an duh.,5,"spelling,word_search,tawng_upa,crossword,sentence_builder",
word.duham,duham,verbs,TQ5,draft,pending,pending,Source: Kumtluang Class V (SCERT Mizoram),"to envy, to covet",Mi dang neih emaw thiamna emaw duh êm êm dan.,Ṭhian pawisa a nei chunga duham a nih theih loh a ngai.,5,"spelling,word_search,tawng_upa,crossword",
word.entawn,entawn,verbs,TQ5,draft,pending,pending,Source: Kumtluang Class V (SCERT Mizoram),"to despise, to look down on",Mi emaw thil emaw ngaihnep dan.,Mi rethei kan entawn tur a ni lo.,5,"word_chain,spelling,word_search,tawng_upa,crossword,sentence_builder",
word.nuihsan,nuihsan,verbs,TQ5,draft,pending,pending,Source: Kumtluang Class V (SCERT Mizoram),"to mock, to ridicule",Mi thil tihsual emaw ngoisak emaw nuihsawi dan.,Mi kan nuihsan hi rinawm tak thil a ni lo.,5,"spelling,word_search,tawng_upa,crossword",
word.puitling,puitling,verbs,TQ5,draft,pending,pending,Source: Kumtluang Class V (SCERT Mizoram),"to be complete, to be fulfilled",Beisei ang tak leh puan tak taka tling dan.,Kan project chu ṭha takin a puitling.,5,"spelling,word_search,tawng_upa,crossword,sentence_builder",
word.theihtawp,theihtawp,values,TQ5,draft,pending,pending,Source: Kumtluang Class V (SCERT Mizoram),one's utmost effort,Theihna leh chakna zawng zawng hmang dan.,Theihtawp chhuah chuan kan hlawhtling ang.,5,"spelling,word_search,tawng_upa,crossword,sentence_builder",
word.hlawhtling,hlawhtling,values,TQ5,draft,pending,pending,Source: Kumtluang Class V (SCERT Mizoram),successful,Beisei ang taka thil tih zo dan.,Thawh rim taka thil tih chuan hlawhtling a ni thei.,5,"word_chain,spelling,word_search,tawng_upa,crossword",🏆
word.pianna,pianna,values,TQ5,draft,pending,pending,Source: Kumtluang Class V (SCERT Mizoram),"birth, origin","Piang chhan hunhma, chhuah chhan.","Mi pianna avanga chhan lo lakin, thiamna leh nun danah kan ngaisak a ngai.",5,"spelling,word_search,tawng_upa,crossword",
word.chhui,chhui,verbs,TQ5,draft,pending,pending,Source: Kumtluang Class V (SCERT Mizoram),"to follow, to pursue","Hnung lam a chhui dan, zui dan.",Zirtirtu thu kan chhui phawt a ngai.,5,"word_chain,spelling,word_search,tawng_upa,crossword,sentence_builder",
word.ngaithla,ngaithla,verbs,TQ5,draft,pending,pending,Source: Kumtluang Class V (SCERT Mizoram),to listen,Thu emaw hla emaw tang ngaihin ngaisak dan.,Zirtirtu thusawi kan ngaithla ngei ngei tur a ni.,5,"word_chain,picture_match,spelling,word_search,tawng_upa,crossword,thumal_kawp,sentence_builder",👂
word.thinlung,thinlung,nature,TQ5,draft,pending,pending,Source: Kumtluang Class V (SCERT Mizoram),"heart, mind",Mi rilru leh ngaihtuahna awmna.,A thinlung dik chuan a nun pawh a dik ṭhin.,5,"spelling,word_search,tawng_upa,crossword",❤️
word.seilian,sei lian,adjectives,TQ5,draft,pending,pending,Source: Kumtluang Class V (SCERT Mizoram),tall and stately,Zam sang leh puan taka din dan.,Thing sei lian tak kan huan ah a awm.,5,"spelling,word_search,tawng_upa,crossword,sentence_builder",
word.chenna,chenna,nature,TQ5,draft,pending,pending,Source: Kumtluang Class V (SCERT Mizoram),"dwelling place, residence",Mi awmna leh chenna hmun.,A chenna hmun kha ka hre lo.,5,"word_chain,picture_match,spelling,word_search,tawng_upa,crossword,thumal_kawp,sentence_builder",🏠
word.tlawm,tlawm,adjectives,TQ5,draft,pending,pending,Source: Kumtluang Class V (SCERT Mizoram),"humble, modest","Insang lo, tlawmngai tak.",Mi ropui pawh tlawm takin an awm ṭhin a ngai.,5,"spelling,word_search,tawng_upa,crossword",
word.thlitfimsak,thlit fimsak,nature,TQ5,draft,pending,pending,VERIFY: exact nuance inferred from forest-conservation context; gloss may need native-speaker check. Source: Kumtluang Class V (SCERT Mizoram),to trim/harvest carefully without waste,"Ngaihdan neiin, seng lo takin lak dan.",Thing kan phuah chuan thlit fimsak a ngai.,5,"spelling,word_search,tawng_upa,crossword,sentence_builder",
word.humhalh,humhalh,verbs,TQ5,draft,pending,pending,Source: Kumtluang Class V (SCERT Mizoram),"to protect, to guard carefully",Chhia lohna atan venhim leh enkawl dan.,Ram ngaw kan humhalh a ngai.,5,"word_chain,spelling,word_search,tawng_upa,crossword,sentence_builder",
word.lunglenna,lunglenna,values,TQ5,draft,pending,pending,Source: Kumtluang Class V (SCERT Mizoram),"homesickness, longing",Khua emaw mi emaw ngaihtuah avanga rilru na dan.,Khaw danga awm naupangin lunglenna an neih ṭhin.,5,"spelling,word_search,tawng_upa,crossword,sentence_builder",
word.malsawmna,malsawmna,values,TQ5,draft,pending,pending,Source: Kumtluang Class V (SCERT Mizoram),blessing,Pathian duhsak leh pêk ṭha.,Ram ngaw hi Pathian malsawmna pakhat a ni.,5,"spelling,word_search,tawng_upa,crossword,sentence_builder",
word.khawkheng,khaw kheng,nature,TQ5,draft,pending,pending,Source: Kumtluang Class V (SCERT Mizoram),"drought, dry spell",Ruah tlan lo vela ram a ke ral hunbi.,Khaw khêng chuan lo leh huan a tihkhawih thei.,5,"word_chain,spelling,word_search,tawng_upa,crossword,sentence_builder",☀️
word.chherup,chhe rup,nature,TQ5,draft,pending,pending,VERIFY: contextual meaning from Zirlai 8 environmental passage. Source: Kumtluang Class V (SCERT Mizoram),"to become degraded, worn/depleted (of the environment)",Nunna nei a duat avanga a chhe tihpat.,Ram ngaw humhalh loh chuan a chhe rup thei.,5,"spelling,word_search,tawng_upa,crossword,sentence_builder",
word.inmamawhtawn,inmamawh tawn,values,TQ5,draft,pending,pending,Source: Kumtluang Class V (SCERT Mizoram),"interdependence, relying on one another",Chhungkaw emaw hnam emaw inpumkhat leh inhnathawh tawn dan.,Ram ngawa nunna nei chi hrang hrangte chuan an inmamawh tawn.,5,"spelling,word_search,tawng_upa,crossword",
word.kham,kham,verbs,TQ5,draft,pending,pending,Source: Kumtluang Class V (SCERT Mizoram),"to endure, to withstand",Harsatna emaw hlauhawm emaw chhawn hlawtin lo tlu dan.,Thing kung chuan khawvel danglam a khâm ṭhin.,5,"word_chain,spelling,word_search,tawng_upa,crossword,sentence_builder",
word.tichereu,tichereu,verbs,TQ5,draft,pending,pending,"VERIFY: contextual meaning inferred, not explicitly glossed in book. Source: Kumtluang Class V (SCERT Mizoram)","to make barren, to lay waste",Ram ngaw emaw lo emaw hnungchhung awm lo taka siam dan.,Thing tam tak phuah chuan ram a tichereu thei.,5,"spelling,word_search,tawng_upa,crossword,sentence_builder",
word.vani-an,vani-an,legend,TQ5,draft,pending,pending,VERIFY: term as used in this specific folktale context. Source: Kumtluang Class V (SCERT Mizoram),a marriage vow / betrothal promise,Nupui pasal nih tura inṭiam dan hlanlai.,Vani-an tih hi hmanlai Mizote inneih dan pawimawh a ni.,5,"spelling,word_search,tawng_upa,crossword",
word.thutphah,thutphah,legend,TQ5,draft,pending,pending,Source: Kumtluang Class V (SCERT Mizoram),a signal drum / gong-beat,Darkhuang emaw khuang emaw vuah a thu chhuah dan.,Khuaa thil awm chuan thutphah an rawn tum ṭhin.,5,"word_chain,picture_match,spelling,word_search,tawng_upa,crossword,thumal_kawp,sentence_builder",🥁
word.bungrua,bungrua,community,TQ5,draft,pending,pending,Source: Kumtluang Class V (SCERT Mizoram),"belongings, property",Mi neih thil zawng zawng.,Kan in danga bungrua kan keng a ngai.,5,"word_chain,spelling,word_search,tawng_upa,crossword,sentence_builder",🎒
word.fangra,fangra,legend,TQ5,draft,pending,pending,Source: Kumtluang Class V (SCERT Mizoram),a magical bird from folklore,Thawnthu chhunga hmuh theih sava chi pakhat.,Thawnthu chhungah fangra chu a lang ṭhin.,5,"word_chain,picture_match,spelling,word_search,tawng_upa,crossword,thumal_kawp,sentence_builder",🕊️
word.zangthal,zangthal,nature,TQ5,draft,pending,pending,Source: Kumtluang Class V (SCERT Mizoram),a tree branch/twig,"Thing bâk thla te, tê tak.",Sava chu thing zangthal ah a ṭhu.,5,"word_chain,picture_match,spelling,word_search,tawng_upa,crossword,thumal_kawp,sentence_builder",🌿
word.dawlh,dawlh,verbs,TQ5,draft,pending,pending,Source: Kumtluang Class V (SCERT Mizoram),to catch (with a net or trap),Sangha emaw sava emaw man dan.,Sanghaho chu lui atangin an dawlh ṭhin.,5,"word_chain,spelling,word_search,tawng_upa,crossword,sentence_builder",
word.chhawm,chhawm,verbs,TQ5,draft,pending,pending,Source: Kumtluang Class V (SCERT Mizoram),to carry on one's back,Thil rit emaw naupang emaw a hnungah kengin keng dan.,A nu chuan a fa a chhawm bang.,5,"word_chain,picture_match,spelling,word_search,tawng_upa,crossword,thumal_kawp,sentence_builder",🎒
word.thenawm,thenawm,community,TQ5,draft,pending,pending,Source: Kumtluang Class V (SCERT Mizoram),"a companion, a partner","Kalpui tawnna mi, thawh tawnna mi.",Khualzin an chuan thenawm an neih a ngai.,5,"spelling,word_search,tawng_upa,crossword,sentence_builder",
word.insualtir,insualtir,verbs,TQ5,draft,pending,pending,Source: Kumtluang Class V (SCERT Mizoram),to deceive one another / mislead,"Dik lo taka mi bum dan, inbumtir dan.",Thu dik lo hian mi an insualtir ṭhin.,5,"spelling,word_search,tawng_upa,crossword,sentence_builder",
word.khawmhma,khawmhma,adjectives,TQ5,draft,pending,pending,Source: Kumtluang Class V (SCERT Mizoram),blunt (of a tool),Chem emaw thil tan emaw a hriam lo dan.,Chem khawmhma hi tan a har.,5,"spelling,word_search,tawng_upa,crossword,sentence_builder",
word.theihnghilh,theihnghilh,verbs,TQ5,draft,pending,pending,Source: Kumtluang Class V (SCERT Mizoram),to forget,"Hriat reng loh, hriat chhuah theih loh.",Zirna thu i theihnghilh loh tur a ngai.,5,"word_chain,spelling,word_search,tawng_upa,crossword,sentence_builder",
word.thlamuanna,thlamuanna,values,TQ5,draft,pending,pending,Source: Kumtluang Class V (SCERT Mizoram),"peace, contentment",Rilru dam leh buai lohna.,Ram inpumkhat chuan thlamuanna a rawn thlen.,5,"spelling,word_search,tawng_upa,crossword,sentence_builder",
word.hnuchhawn,hnuchhawn,verbs,TQ5,draft,pending,pending,Source: Kumtluang Class V (SCERT Mizoram),to turn one's back on / neglect,Ngaisak lo taka kalsan dan.,Thu dik hnuchhawn kan tum tur a ni lo.,5,"word_chain,spelling,word_search,tawng_upa,crossword,sentence_builder",
word.intifing,intifing,values,TQ5,draft,pending,pending,Source: Kumtluang Class V (SCERT Mizoram),"self-reliance, relying on oneself",Mahni duatna leh thiamna hian chak dan.,Mahni ngaihin intifing suh; Pathian rinin dam rawh.,5,"spelling,word_search,tawng_upa,crossword,sentence_builder",
word.sawrkhur,sawr khur,nature,TQ5,draft,pending,pending,Source: Kumtluang Class V (SCERT Mizoram),a deep pit (symbol of trouble/temptation),Tak leh rilru khawih thei hmun rim.,Sawr khur atangin Pathianin min chhandam ṭhin.,5,"spelling,word_search,tawng_upa,crossword,sentence_builder",
word.thununna,thununna,values,TQ5,draft,pending,pending,Source: Kumtluang Class V (SCERT Mizoram),"correction, discipline",Sual lam dik loh atanga hruaikir dan.,Nu leh pa thununna hi kan zah tur a ni.,5,"spelling,word_search,tawng_upa,crossword",
word.zilhhauna,zilhhauna,values,TQ5,draft,pending,pending,Source: Kumtluang Class V (SCERT Mizoram),blessing/reward given for good behavior,Pathianin fel taka tih avanga min pêk ṭha.,LALPA-in fel mi chu a zilhhau ṭhin.,5,"spelling,word_search,tawng_upa,crossword,sentence_builder",
word.duhthusam,duhthusam,values,TQ5,draft,pending,pending,Source: Kumtluang Class V (SCERT Mizoram),"greed, covetousness",Mi neih emaw thil emaw a tam ber duh dan.,Duhthusam avangin mi an inhnial ṭhin.,5,"spelling,word_search,tawng_upa,crossword,sentence_builder",
word.hamthatna,hamthatna,values,TQ5,draft,pending,pending,Source: Kumtluang Class V (SCERT Mizoram),"good fortune, blessing",Malsawmna leh dam reina thlen.,Pathianin fel mi chu hamthatna a pe ṭhin.,5,"spelling,word_search,tawng_upa,crossword,sentence_builder",
word.nunkhawnawmna,nunkhaw nawmna,values,TQ5,draft,pending,pending,Source: Kumtluang Class V (SCERT Mizoram),"a joyful, prosperous life",Nunna hlimawm leh puitling.,Fel taka nun chuan nunkhaw nawmna a thlen.,5,"spelling,word_search,tawng_upa,crossword,sentence_builder",
word.romei,romei,nature,TQ5,draft,pending,pending,Source: Kumtluang Class V (SCERT Mizoram),romei (a Mizoram wild flower),"Mizorama tlang lama par mawi tak, Mizorama pangpar hmingthang.",Zoram tlang ah romei a par ṭhin.,5,"word_chain,picture_match,spelling,word_search,tawng_upa,crossword,thumal_kawp,sentence_builder",🌺
word.lenkawl,lenkawl,nature,TQ5,draft,pending,pending,Source: Kumtluang Class V (SCERT Mizoram),a wild climbing flower,Thing chungah zawn thla pangpar chi.,Lenkâwl chu chhuahtlang lamah a par ṭhin.,5,"word_chain,picture_match,spelling,word_search,tawng_upa,crossword,thumal_kawp,sentence_builder",🌼
word.chiarnghian,chiar nghian,adjectives,TQ5,draft,pending,pending,Source: Kumtluang Class V (SCERT Mizoram),to bloom thickly in a row,Pangpar emaw a tam takin inzawm zela par dan.,Pangpar chu tlang kam ah chiar nghianin an par.,5,"spelling,word_search,tawng_upa,crossword,sentence_builder",
word.zunleng,zun leng,verbs,TQ5,draft,pending,pending,Source: Kumtluang Class V (SCERT Mizoram),to sway/wander gently (as a vine in wind),Zung reng rengin thing/thlang zawnah nghal dan.,Lamtluang chu zung lengin thla in a hnawt.,5,"spelling,word_search,tawng_upa,crossword,sentence_builder",
word.lamtluang,lamtluang,nature,TQ5,draft,pending,pending,Source: Kumtluang Class V (SCERT Mizoram),a creeping/climbing plant,Thing kunga zawn thla thing.,Lamtluang chu thing kungah a bawm.,5,"word_chain,picture_match,spelling,word_search,tawng_upa,crossword,thumal_kawp,sentence_builder",🌿
word.rihnim,rihnim,nature,TQ5,draft,pending,pending,Source: Kumtluang Class V (SCERT Mizoram),"fragrance, scent",Thil emaw pangpar emaw rimnak ṭha.,Pangpar rihnim chuan huan a hnem.,5,"word_chain,spelling,word_search,tawng_upa,crossword,sentence_builder",🌸
word.chhuahtlang,chhuahtlang,nature,TQ5,draft,pending,pending,Source: Kumtluang Class V (SCERT Mizoram),"hillside, mountain slope",Tlang kam lama hmun tul deuh.,Chhuahtlang ah pangpar tam takin an par.,5,"word_chain,picture_match,spelling,word_search,tawng_upa,crossword,thumal_kawp,sentence_builder",⛰️
word.thinlai,thinlai,nature,TQ5,draft,pending,pending,Source: Kumtluang Class V (SCERT Mizoram),spring / mid-season,"Kum lai hun, ruah hun hmasa.",Thinlai hunah pangpar an par ṭha ber.,5,"word_chain,spelling,word_search,tawng_upa,crossword,sentence_builder",🌱
word.hnem,hnem,verbs,TQ5,draft,pending,pending,Source: Kumtluang Class V (SCERT Mizoram),"to comfort, to soothe",Rilru na emaw lungngai emaw ti dam dan.,A thlarau chu an hnem ṭhin.,5,"word_chain,picture_match,spelling,word_search,tawng_upa,crossword,thumal_kawp,sentence_builder",🤗
word.bukthlam,bukthlam,nature,TQ5,draft,pending,pending,Source: Kumtluang Class V (SCERT Mizoram),a hill/mountain peak (place name motif),"Tlang sang, hmun sang lam.",Bûkthlâm atangin ram bul a lang chho.,5,"word_chain,picture_match,spelling,word_search,tawng_upa,crossword,thumal_kawp,sentence_builder",⛰️
word.sumtual,sumtual,nature,TQ5,draft,pending,pending,Source: Kumtluang Class V (SCERT Mizoram),a flower garden/bed,Pangpar phun theihna hmun tha siam.,"Ka nu chuan sumtual a nei a, pangpar a phun.",5,"word_chain,picture_match,spelling,word_search,tawng_upa,crossword,thumal_kawp",🌷
word.athlumaaleiza,a thlum a al ei za,idiom,TQ5,draft,pending,pending,Source: Kumtluang Class V (SCERT Mizoram),"to eat indiscriminately, without picking and choosing",Thil ti hova ei ho dan.,Ei rawng bawl loin a thlum a al ei za mai chu a ṭha lo.,5,"spelling,word_search,tawng_upa,crossword",
word.aitechhin,aite chhin,idiom,TQ5,draft,pending,pending,Source: Kumtluang Class V (SCERT Mizoram),to say something not seriously meant,"Ti chhin, ti tak tak rih lo.",Aite chhin i tih chu ka hriat thei a ni.,5,"spelling,word_search,tawng_upa,crossword",
word.archilzat,ar chil zat,idiom,TQ5,draft,pending,pending,Source: Kumtluang Class V (SCERT Mizoram),a very small amount,Tui lam chi tlêm tê sawina.,Zawn lai chuan tui ar chil zat lek an nei.,5,"spelling,word_search,tawng_upa,crossword",
word.arpachanlai,arpa chan lai,idiom,TQ5,draft,pending,pending,Source: Kumtluang Class V (SCERT Mizoram),"at an undecided, uncertain moment","Chak zawk emaw, tha zawk emaw thliar harsa hun.",Thlan tur duh lai chun kan infiamna a arpa chan lai hle.,5,"spelling,word_search,tawng_upa,crossword",
word.artelukawn,arte lu kawn,idiom,TQ5,draft,pending,pending,Source: Kumtluang Class V (SCERT Mizoram),"to get zero result, a complete blank/failure","Beih theih loh, hlawh chhuah rêng rêng lo.",Exam ka entawn ve lo vangin ka result a arte lu kâwn dêr mai.,5,"spelling,word_search,tawng_upa,crossword",
word.bechhawhchhi,be chhawhchhi,idiom,TQ5,draft,pending,pending,Source: Kumtluang Class V (SCERT Mizoram),to make a baseless/false accusation,Thu taka dik lo laia mi be dan.,Mi be chhawhchhi hi Pathianin a duh lo.,5,"spelling,word_search,tawng_upa,crossword,sentence_builder",
word.chilchhakphak,chil chhak phak,idiom,TQ5,draft,pending,pending,Source: Kumtluang Class V (SCERT Mizoram),within very close/near range,Hmun hnai tê sawina.,Kan in chu sikul chil chhâk phâk lek a ni.,5,"spelling,word_search,tawng_upa,crossword",
word.hachangthial,ha chang thial,idiom,TQ5,draft,pending,pending,Source: Kumtluang Class V (SCERT Mizoram),to grind one's teeth with resentment,Thinrim taka insehruh dan.,A thil tih sual avangin ka ha chang thial.,5,"spelling,word_search,tawng_upa,crossword,sentence_builder",
word.khawfingchahlai,khawfing chah lai,idiom,TQ5,draft,pending,pending,Source: Kumtluang Class V (SCERT Mizoram),"at the crack of dawn, before daylight","Khawvar dawn lai, khawvar thim zual bik lai.",Khawfing chah lai atangin an khual chhuak ta.,5,"spelling,word_search,tawng_upa,crossword,sentence_builder",
word.kelchawlang,kel chawl ang,idiom,TQ5,draft,pending,pending,Source: Kumtluang Class V (SCERT Mizoram),always mischievous/restless (like a goat that never stops),"Ṭhial nei reng, dam reng dan.",A fa pathum kha kel chawl ang an ni.,5,"spelling,word_search,tawng_upa,crossword,sentence_builder",
word.kawlanichhuakchhiar,kawla ni chhuak chhiar,idiom,TQ5,draft,pending,pending,Source: Kumtluang Class V (SCERT Mizoram),to count down the remaining days,"Tûk tin emaw, ni tin emaw tihna.",Ka leng dawn ni chu kâwla ni chhuak chhiarin ka nghah.,5,"spelling,word_search,tawng_upa,crossword",
word.nauriltam,nau ril tam,idiom,TQ5,draft,pending,pending,Source: Kumtluang Class V (SCERT Mizoram),shortly before a scheduled mealtime,"Tûkthuan ei kham hnu si, chawfâk hun hma.",Nau ril ṭam vêlah nau chu an hâw ṭhin.,5,"spelling,word_search,tawng_upa,crossword,sentence_builder",
word.nilavuizolo,ni la vui zo lo,idiom,TQ5,draft,pending,pending,Source: Kumtluang Class V (SCERT Mizoram),"still too young, not yet fully grown","Naupang, nilêng muhil lova la awm thei lo sawina.","Amah kha ni a la vûi zo lo va, thil hriat tam lo a la ni.",5,"spelling,word_search,tawng_upa,crossword",
word.rilarah,rila rah,idiom,TQ5,draft,pending,pending,Source: Kumtluang Class V (SCERT Mizoram),one's own children/offspring,Mahni fa hrinte.,Rila rah ni chu Pathianin a lo pe kan ni.,5,"spelling,word_search,tawng_upa,crossword",
word.tualchairual,tual chai rual,idiom,TQ5,draft,pending,pending,Source: Kumtluang Class V (SCERT Mizoram),one's age-mates/peer group,"Naupang fel tawh tak, tual laia pawnto rual sawina.",Kan vêngah tual chhâi rual an tam khawp mai.,5,"spelling,word_search,tawng_upa,crossword,sentence_builder",
word.hmingthanna,hmingthanna,legend,TQ5,draft,pending,pending,Source: Kumtluang Class V (SCERT Mizoram),a famous distinguishing trait (e.g. beautiful long hair),Mi hmingthang chhan bikna hlutna.,A sam mawi tak chu a hmingthanna a ni.,5,"spelling,word_search,tawng_upa,crossword,sentence_builder",
word.nangching,nangching,verbs,TQ5,draft,pending,pending,Source: Kumtluang Class V (SCERT Mizoram),"to grab, to snatch at",Kut hmangin phak tak taka man dan.,"Sangha chu a nangching a, a puar bo mai.",5,"word_chain,picture_match,spelling,word_search,tawng_upa,crossword,thumal_kawp,sentence_builder",✋
word.inkalhkhung,inkalh khung,legend,TQ5,draft,pending,pending,Source: Kumtluang Class V (SCERT Mizoram),a hidden inner compartment/chamber,"In chhung lam a inkalh, hmuh harsa hmun.",In chhunga inkalh khung ah a inthupsak.,5,"spelling,word_search,tawng_upa,crossword,sentence_builder",
word.chhinchhiah,chhinchhiah,verbs,TQ5,draft,pending,pending,Source: Kumtluang Class V (SCERT Mizoram),"to note down, to record",Ziah leh hriat theih dan tura vawng dan.,Zirtirtuin naupang hming a chhinchhiah ṭhin.,5,"word_chain,spelling,word_search,tawng_upa,crossword,sentence_builder",📝
word.pangngai,pangngai,adjectives,TQ5,draft,pending,pending,Source: Kumtluang Class V (SCERT Mizoram),"stubbornly, insistently",Duh dan atangin thlah lo taka tih zel dan.,A hming chu pangngaiin a han zawt zel.,5,"spelling,word_search,tawng_upa,crossword,sentence_builder",
word.tuautuau,tuau tuau,adjectives,TQ5,draft,pending,pending,Source: Kumtluang Class V (SCERT Mizoram),in a bewildered/confused manner,Rilru buai leh hriat let taka awm dan.,Ui leh ârte chu an lo kal khawm tuau tuau va.,5,"spelling,word_search,tawng_upa,crossword",
word.intithei,intithei,verbs,TQ5,draft,pending,pending,Source: Kumtluang Class V (SCERT Mizoram),"to prove oneself, to show one's true worth",Mahni thiamna emaw dikna emaw lantir dan.,Naupangin an thiamna an intithei theih tur a ni.,5,"spelling,word_search,tawng_upa,crossword,sentence_builder",
word.ngaihsak,ngaihsak,verbs,TQ5,draft,pending,pending,Source: Kumtluang Class V (SCERT Mizoram),to have mercy/compassion on,Khuanawlna leh hnehna nei taka en dan.,Mi rethei chu ngaihsak tur a ni.,5,"word_chain,spelling,word_search,tawng_upa,crossword,sentence_builder",🤲
word.kalliam,kal liam,verbs,TQ5,draft,pending,pending,Source: Kumtluang Class V (SCERT Mizoram),to pass by,Hmun emaw mi emaw kal chhuak dan.,Lal chu ui hnenah a kal liam.,5,"spelling,word_search,tawng_upa,crossword,sentence_builder",
word.vamansak,va mansak,verbs,TQ5,draft,pending,pending,Source: Kumtluang Class V (SCERT Mizoram),to go check on something,En chhuak tura kal dan.,Naupangte chuan sava chu an va mansak.,5,"spelling,word_search,tawng_upa,crossword,sentence_builder",
word.zawhchho,zawh chho,verbs,TQ5,draft,pending,pending,Source: Kumtluang Class V (SCERT Mizoram),to climb upward,Tlang emaw thing emaw chunglam pan dan.,Tumchhingi chu thing chunga a zawh chho.,5,"word_chain,picture_match,spelling,word_search,tawng_upa,crossword,thumal_kawp,sentence_builder",🧗
word.kai,kai,verbs,TQ5,draft,pending,pending,Source: Kumtluang Class V (SCERT Mizoram),"to migrate, to relocate (a village)",Khua emaw in emaw danga pan dan.,Kum tam takah lalte chu khua an kai fo ṭhin.,5,"word_chain,spelling,word_search,tawng_upa,crossword",
word.insuan,insuan,verbs,TQ5,draft,pending,pending,Source: Kumtluang Class V (SCERT Mizoram),"to descend from, to originate (lineage)",Chhungkaw emaw hnam emaw atanga piang dan.,Ani hi lal chhungkaw atanga insuan a ni.,5,"spelling,word_search,tawng_upa,crossword,sentence_builder",
word.tutlawm,tutlawm,adjectives,TQ5,draft,pending,pending,Source: Kumtluang Class V (SCERT Mizoram),"obedient, submissive","Thu âwih thiam, do lo taka awm dan.",Sipai hnenah tutlawmin an awm.,5,"spelling,word_search,tawng_upa,crossword,sentence_builder",
word.bet,bet,verbs,TQ5,draft,pending,pending,Source: Kumtluang Class V (SCERT Mizoram),"to persecute, to harass",Dawi taka mi tibuai leh do dan.,British sawrkarin Kairûma chu an bet a.,5,"word_chain,spelling,word_search,tawng_upa,crossword,sentence_builder",
word.enghelh,enghelh,verbs,TQ5,draft,pending,pending,Source: Kumtluang Class V (SCERT Mizoram),"to oppress, to keep close watch on cruelly",Ven zung zungin do dan.,Sawrkarin khua an enghelh reng ṭhin.,5,"spelling,word_search,tawng_upa,crossword,sentence_builder",
word.tankhawh,tan khawh,verbs,TQ5,draft,pending,pending,Source: Kumtluang Class V (SCERT Mizoram),to begin to realize/notice,"Hriat tan, lo hriat chho dan.",Sipaiho kal chhuah chu a tan khawh ta lo va.,5,"spelling,word_search,tawng_upa,crossword",
word.kuli,kuli,community,TQ5,draft,pending,pending,Source: Kumtluang Class V (SCERT Mizoram),a hired laborer/porter,Hna thawk tura pu emaw phur emaw dawh mi.,Sawrkarin kuli tam tak an tuk.,5,"word_chain,picture_match,spelling,word_search,tawng_upa,crossword,thumal_kawp,sentence_builder",🎒
word.vawng,vawng,verbs,TQ5,draft,pending,pending,Source: Kumtluang Class V (SCERT Mizoram),"to guard, to keep watch over",Enkawl leh vengin awm dan.,Khua leh tui vawng thiam a ngai.,5,"word_chain,spelling,word_search,tawng_upa,crossword,sentence_builder",👀
word.huikhawm,hui khawm,community,TQ5,draft,pending,pending,Source: Kumtluang Class V (SCERT Mizoram),to gather together in numbers,Mi tam takin inkhawm dan.,Sipaite chu Tlaikuangah an hui khawm.,5,"spelling,word_search,tawng_upa,crossword,sentence_builder",
word.thuang,thuang,verbs,TQ5,draft,pending,pending,Source: Kumtluang Class V (SCERT Mizoram),"to endure, to suffer through",Harsatna nasa tak tuar dan.,Kairûman jail-ah harsatna a thuang.,5,"word_chain,spelling,word_search,tawng_upa,crossword,sentence_builder",
word.kutdawh,kutdawh,community,TQ5,draft,pending,pending,Source: Kumtluang Class V (SCERT Mizoram),a beggar,"Mi neih lo, mi pek an duh mi.",Kutdawhte chu kan ṭanpui tur a ni.,5,"word_chain,picture_match,spelling,word_search,tawng_upa,crossword,thumal_kawp,sentence_builder",🙏
word.bathlar,bathlar,nature,TQ5,draft,pending,pending,Source: Kumtluang Class V (SCERT Mizoram),a spacious open veranda/courtyard,"Hmun zau, in hmaa awmna hmun.","In hmaah bathlâr a nei a, mi tam takin an mu.",5,"word_chain,picture_match,spelling,word_search,tawng_upa,crossword,thumal_kawp",
word.zampher,zampher,community,TQ5,draft,pending,pending,Source: Kumtluang Class V (SCERT Mizoram),a walking stick/staff,Zawn tuma kut thawh mamawh thing tê.,Pu upa chuan zâmpher a zawm ṭhin.,5,"word_chain,picture_match,spelling,word_search,tawng_upa,crossword,thumal_kawp,sentence_builder",🦯
word.intungnung,intungnung,verbs,TQ5,draft,pending,pending,Source: Kumtluang Class V (SCERT Mizoram),"to sit cross-legged, meditating","Ke inkawpin, ngun takin ṭhu dan.",Kutdawhpa chu bul velah a intungnung.,5,"word_chain,picture_match,spelling,word_search,tawng_upa,crossword,thumal_kawp,sentence_builder",🧘
word.suangtuahna,suangtuahna,values,TQ5,draft,pending,pending,Source: Kumtluang Class V (SCERT Mizoram),"meditation, deep thought",Ngaihtuah thûk leh dâwt dan.,Suangtuahna hmun ah mi tam tak an awm ṭhin.,5,"spelling,word_search,tawng_upa,crossword,sentence_builder",
word.tuichhunchhuah,tuichhunchhuah,community,TQ5,draft,pending,pending,Source: Kumtluang Class V (SCERT Mizoram),a water tap/spring source,"Tui chhuahna hmun, in chhawng pui a mu thin.",Tuichhunchhuahah chuan mi an lo lei fai.,5,"word_chain,picture_match,spelling,word_search,tawng_upa,crossword,thumal_kawp,sentence_builder",🚰
word.uluk,uluk,adjectives,TQ5,draft,pending,pending,Source: Kumtluang Class V (SCERT Mizoram),"carelessly, heedlessly",Ngaihtuah lo taka thawh dan.,Uluk takin a thlêngah buhfai a chhuah.,5,"spelling,word_search,tawng_upa,crossword,sentence_builder",
word.inlukhup,inlukhup,verbs,TQ5,draft,pending,pending,Source: Kumtluang Class V (SCERT Mizoram),to cover/wrap oneself entirely,Puanin insakhup thlap dan.,Zan a dar chuan puanin an inlukhûp.,5,"word_chain,picture_match,spelling,word_search,tawng_upa,crossword,thumal_kawp,sentence_builder",
word.tuantha,tuan tha,values,TQ5,draft,pending,pending,Source: Kumtluang Class V (SCERT Mizoram),"good behavior, decent conduct",Nun leh thil tih ṭha tak.,Naupang tuan tha chu miten an ngaisang.,5,"spelling,word_search,tawng_upa,crossword,sentence_builder",
word.tidamtu,tidamtu,community,TQ5,draft,pending,pending,Source: Kumtluang Class V (SCERT Mizoram),"a healer, a doctor-like figure",Damlo mi ti dam thiam mi.,A pa chu khaw ah tidamtu a ni.,5,"word_chain,picture_match,spelling,word_search,tawng_upa,crossword,thumal_kawp,sentence_builder",🩺
word.buhlehbal,buh leh bal,nature,TQ5,draft,pending,pending,Source: Kumtluang Class V (SCERT Mizoram),rice and paddy field crops,Lo emaw huan emaw a ching thil.,Kum khat hian buh leh bâl an tam.,5,"word_chain,picture_match,spelling,word_search,tawng_upa,crossword,thumal_kawp,sentence_builder",🌾
word.hawihhawm,hawihhawm,values,TQ5,draft,pending,pending,Source: Kumtluang Class V (SCERT Mizoram),"generous, warm-hearted",Mi dang lawm taka pe leh dawn thiam dan.,A nu chu hawihhawm tak a ni.,5,"spelling,word_search,tawng_upa,crossword,sentence_builder",
word.zaingai,zai ngai,adjectives,TQ5,draft,pending,pending,Source: Kumtluang Class V (SCERT Mizoram),fond of singing,"Hla sak duh tak, zai thiam.",Patechaka chu zai ngai a ni lo.,5,"spelling,word_search,tawng_upa,crossword,sentence_builder",🎤
word.tihhreh,tih hreh,adjectives,TQ5,draft,pending,pending,Source: Kumtluang Class V (SCERT Mizoram),difficult/troublesome to do,"Thawh har, tih har dan.",A hnathawh hi tih hreh takzet a ni.,5,"spelling,word_search,tawng_upa,crossword,sentence_builder",
word.mangkhawh,mang khawh,verbs,TQ5,draft,pending,pending,VERIFY: gloss inferred from limited context; nuance uncertain. Source: Kumtluang Class V (SCERT Mizoram),to be capable of dreaming/perceiving deeply,Rilru sunga thil hriat theih dan.,A pa chuan lawmna thu a mang khawh ṭhin.,5,"spelling,word_search,tawng_upa,crossword,sentence_builder",
word.chakla,chak la,idiom,TQ5,draft,pending,pending,Source: Kumtluang Class V (SCERT Mizoram),a greedy desire for something,Neih emaw ei emaw duh nasa dan.,Châk la avangin thil a lâk ṭhin.,5,"spelling,word_search,tawng_upa,crossword,sentence_builder",
word.thingtuai,thingtuai,community,TQ5,draft,pending,pending,Source: Kumtluang Class V (SCERT Mizoram),a walking cane made of wood,Kal tura hmang thing tê.,Pu upa chuan thingtuai a hman ṭhin.,5,"word_chain,picture_match,spelling,word_search,tawng_upa,crossword,thumal_kawp,sentence_builder",🦯
word.beidawnthlak,beidawnthlak,values,TQ5,draft,pending,pending,Source: Kumtluang Class V (SCERT Mizoram),"discouraging, hopeless",Rilru tikhawih leh beidawng tihna thil.,Harsatna en chuan beidawnthlâk a ni.,5,"spelling,word_search,tawng_upa,crossword,sentence_builder",
word.chhukchho,chhuk chho,verbs,TQ5,draft,pending,pending,Source: Kumtluang Class V (SCERT Mizoram),to rise up out of hardship,Harsatna atanga chho leh puitling dan.,Tumruhna hmangin harsatna atangin a chhuk chho.,5,"word_chain,spelling,word_search,tawng_upa,crossword,sentence_builder",
word.tumruhna,tumruhna,values,TQ5,draft,pending,pending,Source: Kumtluang Class V (SCERT Mizoram),"perseverance, determination",Thawh rim taka thil zawh chhuah dan.,Tumruhna hi hlawhtlinna kawng bul a ni.,5,"spelling,word_search,tawng_upa,crossword,sentence_builder",
word.taihmakna,taihmakna,values,TQ5,draft,pending,pending,Source: Kumtluang Class V (SCERT Mizoram),"patience, endurance",Harsatna hmaah chhelh lova ngun taka nghah dan.,Taihmâkna neiin a zirna a zo.,5,"spelling,word_search,tawng_upa,crossword,sentence_builder",
word.tawpsan,tawpsan,verbs,TQ5,draft,pending,pending,Source: Kumtluang Class V (SCERT Mizoram),"to give up, to abandon",Thawh zawm loin han kalsan dan.,"Harsatna avangin tawpsan suh, chhuk chho zawk rawh.",5,"word_chain,spelling,word_search,tawng_upa,crossword,sentence_builder",
word.thawhrimna,thawh rimna,values,TQ5,draft,pending,pending,Source: Kumtluang Class V (SCERT Mizoram),"diligence, industriousness",Hnathawh him leh rim taka thawk dan.,Thawh rimna hian mi ropui a siam ṭhin.,5,"spelling,word_search,tawng_upa,crossword,sentence_builder",
word.vanneihna,vanneihna,values,TQ5,draft,pending,pending,Source: Kumtluang Class V (SCERT Mizoram),"good fortune, luck",Malsawm tak leh hlawhtlinna thlen.,Vanneihna hi thawh rimna nen a kal tlang ṭhin.,5,"spelling,word_search,tawng_upa,crossword,sentence_builder",
word.diriamna,diriamna,values,TQ5,draft,pending,pending,Source: Kumtluang Class V (SCERT Mizoram),"steadfastness, stability",Danglam lo taka ding reng dan.,Rinna diriamna chuan mi a chhan.,5,"spelling,word_search,tawng_upa,crossword,sentence_builder",
word.hnawkhal,hnawkhal,traditional_dress,TQ5,draft,pending,pending,Source: Kumtluang Class V (SCERT Mizoram),an ancient bark-cloth loincloth (men's early attire),"Hmanlai laia mipa vonna, thingpui chi hmanga siam.",Hnawkhâl ha lai chu museum-ah an dah.,5,"word_chain,picture_match,spelling,word_search,tawng_upa,crossword,thumal_kawp,sentence_builder",🧵
word.siapsuap,siapsuap,traditional_dress,TQ5,draft,pending,pending,Source: Kumtluang Class V (SCERT Mizoram),an ancient grass/leaf skirt (women's early attire),"Hmanlai laia hmeichhe vonna, hling emaw ṭling emaw hmanga siam.",Siapsuap ha lai kha han en teh.,5,"word_chain,picture_match,spelling,word_search,tawng_upa,crossword,thumal_kawp,sentence_builder",🧵
word.pawndum,pawndum,traditional_dress,TQ5,draft,pending,pending,Source: Kumtluang Class V (SCERT Mizoram),a black-based striped Mizo puan (traditional cloth),"Puan dum lem, hmanraw tur leh incheina tur.",Pu leh pi chuan pawndum an vawn ṭhin.,5,"word_chain,picture_match,spelling,word_search,tawng_upa,crossword,thumal_kawp,sentence_builder",🧣
word.ngotekherh,ngotekherh,traditional_dress,TQ5,draft,pending,pending,Source: Kumtluang Class V (SCERT Mizoram),a checkered traditional Mizo cloth,"Puan lem, kualkual dum lem chi.",Ngotekherh hi Mizo puan chi pakhat a ni.,5,"word_chain,picture_match,spelling,word_search,tawng_upa,crossword,thumal_kawp,sentence_builder",🧣
word.tawlhlohpuan,tawlhlohpuan,traditional_dress,TQ5,draft,pending,pending,Source: Kumtluang Class V (SCERT Mizoram),a striped ceremonial Mizo puan,"Puan lem, dum a bulah sen leh eng lian a lâwn.",Tawlhlohpuan hi chapchar kutah an vawn ṭhin.,5,"word_chain,picture_match,spelling,word_search,tawng_upa,crossword,thumal_kawp,sentence_builder",🧣
word.puanropui,puanropui,traditional_dress,TQ5,draft,pending,pending,Source: Kumtluang Class V (SCERT Mizoram),the grand ceremonial Mizo puan,"Puan ropui tak, khuangchawi leh chawimawi huna hman.",Puanropui chu ropuina huna an vawn ṭhin.,5,"word_chain,picture_match,spelling,word_search,tawng_upa,crossword,thumal_kawp,sentence_builder",🧣
word.puanchei,puanchei,traditional_dress,TQ5,draft,pending,pending,Source: Kumtluang Class V (SCERT Mizoram),the most elaborate festive Mizo puan,"Mizo puan lem lian ber, incheina biknaah hman.",Puanchei chu Mizo hmeichhiaten an chhinchhiah lutuk.,5,"word_chain,picture_match,spelling,word_search,tawng_upa,crossword,thumal_kawp,sentence_builder",🧣
word.puanrin,puanrin,traditional_dress,TQ5,draft,pending,pending,Source: Kumtluang Class V (SCERT Mizoram),a plain striped traditional puan,"Puan lem awl deuh, zil zil dum leh var lem.",Puanrin hi hnam kohhranah pawh an vawn ṭhin.,5,"word_chain,picture_match,spelling,word_search,tawng_upa,crossword,thumal_kawp,sentence_builder",🧣
word.khup,khup,traditional_dress,TQ5,draft,pending,pending,Source: Kumtluang Class V (SCERT Mizoram),a wrap or covering cloth,Puanin insakhup dan tur.,Zan dar chuan khûp an nei ṭhin.,5,"word_chain,picture_match,spelling,word_search,tawng_upa,crossword,thumal_kawp,sentence_builder",
word.hmawr,hmawr,traditional_dress,TQ5,draft,pending,pending,Source: Kumtluang Class V (SCERT Mizoram),the hem/border of a cloth,"Puan bulna, a mâwr lam.",Puan hmâwr chu a lip ṭhin.,5,"spelling,word_search,tawng_upa,crossword,sentence_builder",
word.kawrchei,kawrchei,traditional_dress,TQ5,draft,pending,pending,Source: Kumtluang Class V (SCERT Mizoram),a woman's decorative blouse,Hmeichhia vonna kawr lem.,Kawrchei nen puanchei an vawn tlang ṭhin.,5,"word_chain,picture_match,spelling,word_search,tawng_upa,crossword,thumal_kawp,sentence_builder",👚
word.diartial,diar tial,traditional_dress,TQ5,draft,pending,pending,Source: Kumtluang Class V (SCERT Mizoram),a traditional beaded necklace,Ngun rêngin ha lai bihrun.,Diar tial hi hmeichhiaten an bih ṭhin.,5,"word_chain,picture_match,spelling,word_search,tawng_upa,crossword,thumal_kawp,sentence_builder",📿
word.vakiria,vakiria,traditional_dress,TQ5,draft,pending,pending,Source: Kumtluang Class V (SCERT Mizoram),a traditional hairpin/ornament,Sam khima hmang thil lem.,Vakiria hi hmanlai laia hmeichhiaten an khim ṭhin.,5,"word_chain,picture_match,spelling,word_search,tawng_upa,crossword,thumal_kawp,sentence_builder",
word.thlanthla,thlanthla,traditional_dress,TQ5,draft,pending,pending,Source: Kumtluang Class V (SCERT Mizoram),a metal hairpin ornament,Dar emaw ṭhi emaw hmanga siam sam khim.,Thlanthla hi incheinaah a ṭangkai.,5,"word_chain,picture_match,spelling,word_search,tawng_upa,crossword,thumal_kawp,sentence_builder",
word.incheina,incheina,traditional_dress,TQ5,draft,pending,pending,Source: Kumtluang Class V (SCERT Mizoram),traditional dress/costume,Hnam puan leh vonna dan bik.,Mizo incheina chu Chapchar Kutah kan hmang ṭhin.,5,"spelling,word_search,tawng_upa,crossword,sentence_builder",👘
word.inelh,inelh,verbs,TQ5,draft,pending,pending,Source: Kumtluang Class V (SCERT Mizoram),to arm-wrestle,Kut hmangin inchak tinreh dan.,Zirlai laiin an inelh ṭhin.,5,"word_chain,picture_match,spelling,word_search,tawng_upa,crossword,thumal_kawp,sentence_builder",💪
word.inhneh,inhneh,verbs,TQ5,draft,pending,pending,Source: Kumtluang Class V (SCERT Mizoram),to defeat one another in a contest,Insual tinrehin ram siam theih loh dan.,Zosiama leh Lianbika chu an inhneh lo.,5,"spelling,word_search,tawng_upa,crossword,sentence_builder",
word.ziaawm,ziaawm,adjectives,TQ5,draft,pending,pending,Source: Kumtluang Class V (SCERT Mizoram),"praiseworthy, admirable",Fak tur leh chawimawi tur nihna.,A huaisenna chu ziaawm tak a ni.,5,"spelling,word_search,tawng_upa,crossword,sentence_builder",
word.kheimit,kheimit,verbs,TQ5,draft,pending,pending,Source: Kumtluang Class V (SCERT Mizoram),to wink/blink meaningfully at someone,Mitin thupui hrilh dan.,A thianpa hnenah a kheimit.,5,"word_chain,picture_match,spelling,word_search,tawng_upa,crossword,thumal_kawp,sentence_builder",😉
word.tliak,tliak,verbs,TQ5,draft,pending,pending,Source: Kumtluang Class V (SCERT Mizoram),to fall,Ding thei lo taka lei ah puk dan.,Zirlai laiin naupang a tliak ṭhin.,5,"word_chain,picture_match,spelling,word_search,tawng_upa,crossword,thumal_kawp,sentence_builder",🤕
word.tihpalh,tihpalh,verbs,TQ5,draft,pending,pending,Source: Kumtluang Class V (SCERT Mizoram),to cause to break/fracture,"Palh takin ti dan, thei bo tura tih dan.",A tluk chuan a ke a tihpalh.,5,"word_chain,spelling,word_search,tawng_upa,crossword,sentence_builder",
word.inpersan,inpersan,verbs,TQ5,draft,pending,pending,Source: Kumtluang Class V (SCERT Mizoram),to blame one another / shift blame,Mahni sual mi dang chunga dah dan.,Tlai hnu chuan an inpersan lo.,5,"spelling,word_search,tawng_upa,crossword,sentence_builder",
word.thlawktheihna,thlawktheihna,community,TQ5,draft,pending,pending,Source: Kumtluang Class V (SCERT Mizoram),the ability to fly/travel by air (aviation),"Vanah thlawk theihna, boruak lawng hmanga zin theihna.",Thlawktheihna hmangin kan khawvel a fang.,5,"spelling,word_search,tawng_upa,crossword,sentence_builder",✈️
word.boruaklawng,boruak lawng,community,TQ5,draft,pending,pending,Source: Kumtluang Class V (SCERT Mizoram),a spacecraft,Van lama zin theihna lawng chi.,Boruak lawng hmangin an va thlirtu leh an va lengtu.,5,"word_chain,picture_match,spelling,word_search,tawng_upa,crossword,thumal_kawp",🚀
word.inbiakpawhna,inbiak pawhna,community,TQ5,draft,pending,pending,Source: Kumtluang Class V (SCERT Mizoram),communication (mutual conversing/connection),"Tui bula inbiak theih dan, kal takna thlen theihna.",Tunlai inbiak pawhna chuan khawvel a rawn ni tlem.,5,"spelling,word_search,tawng_upa,crossword,sentence_builder",
word.hmasawnna,hmasawnna,community,TQ5,draft,pending,pending,Source: Kumtluang Class V (SCERT Mizoram),"progress, development",Zirna leh siamthatna hmanga chho zel dan.,Thiamna chuan hmasawnna a thlen ṭhin.,5,"spelling,word_search,tawng_upa,crossword,sentence_builder",
word.thiamna,thiamna,values,TQ5,draft,pending,pending,Source: Kumtluang Class V (SCERT Mizoram),"skill, knowledge",Thil hriatna leh siam theihna.,Thiamna hlutna chu kan hriat a ngai.,5,"spelling,word_search,tawng_upa,crossword,sentence_builder",
word.titi,titi,adjectives,K5,draft,pending,pending,Source: Kumtluang Class V (SCERT Mizoram).,"hastily, in a rushed/hurried manner",Titi tih hi chak taka leh phur taka thawh dan a ni.,Amaho chu titi bawrh bawrh in in lam an haw ta a.,5,"word_chain,spelling,word_search,tawng_upa,crossword",
word.chhinchhiahna,chhinchhiahna,community,K5,draft,pending,pending,Source: Kumtluang Class V (SCERT Mizoram).,"a sign, mark, or signal",Chhinchhiahna hi thil pakhat hriat theihna atana siam awmzia nei thil a ni.,Kawng kam chungah chuan chhinchhiahna hmangin motor te an hriattir thin.,5,"word_chain,spelling,word_search,tawng_upa,crossword",🪧
word.chah,chah,verbs,K5,draft,pending,pending,Source: Kumtluang Class V (SCERT Mizoram). VERIFY: Gloss inferred from context (mi chah nasa thei lutuk); double-check precise shade of meaning vs. related verbs.,"to hurt or injure (someone), often by accident",Chah tih hi mi emaw chunga natna emaw hlauhawmna thlen dan a ni.,Motor tlanna avangin mi chah leh chhiat tam takin an awm thin.,5,"word_chain,spelling,word_search,tawng_upa,crossword",
word.nuivarvar,nui var var,idiom,K5,draft,pending,pending,Source: Kumtluang Class V (SCERT Mizoram).,to smile/laugh broadly and happily,Nui var var tih hi hlim taka nuih chhuah dan sawi na a ni.,Thil pawimawh a hlawhtling chuan nui var var chungin a lawm lang a.,5,"word_chain,spelling,word_search,tawng_upa,crossword",😄
word.hnamtlawm,hnam tlawm,community,K5,draft,pending,pending,Source: Kumtluang Class V (SCERT Mizoram). VERIFY: Compound noun distinct from adjective 'tlawm' (small) already recorded; confirm exact sociolinguistic usage.,a minority tribe/small ethnic group,Hnam tlawm tih hi mi tam lo nei hnam sawi na a ni.,Mizoram hian hnam tlawm tam tak an awm bawk.,5,"word_chain,spelling,word_search,tawng_upa,crossword,sentence_builder",
word.zung,zung,nature,K5,draft,pending,pending,Source: Kumtluang Class V (SCERT Mizoram).,root (of a plant or tree),"Zung hi thing emaw pui emaw hnuaia lei chhunga awm, thing kaihdahtu a ni.",Thing zung a chak chuan thli nasa pawh a tla thei lo.,5,"picture_match,spelling,word_search,tawng_upa,crossword,thumal_kawp",🌱
word.damdawi,damdawi,tools,K5,draft,pending,pending,Source: Kumtluang Class V (SCERT Mizoram).,medicine,Damdawi hi natna tidam nan hman thil a ni.,A dam loh avangin damdawi a ei a.,5,"picture_match,spelling,word_search,tawng_upa,crossword,thumal_kawp,sentence_builder",💊
word.hnim,hnim,nature,K5,draft,pending,pending,Source: Kumtluang Class V (SCERT Mizoram). VERIFY: Confirm whether 'hnim' alone (vs. 'hnim tha'/'rihnim') is used as a standalone headword.,"smell, scent, fragrance",Hnim hi hnar hmanga hriat theih rimtui emaw riha emaw a ni.,Par hnim tha chu kan in kar zawng zawngin a lo phak hle.,5,"picture_match,spelling,word_search,tawng_upa,crossword,thumal_kawp",👃
word.sairawkherh,sairawkherh,tools,K5,draft,pending,pending,Source: Kumtluang Class V (SCERT Mizoram). VERIFY: Exact identification/spelling of this traditional tool name should be confirmed with a native speaker.,a large traditional cutting knife/dao,Sairawkherh hi thing tan leh ram hnathawh atana hman chem lian a ni.,Ram a kal hian sairawkherh a keng thin.,5,"picture_match,spelling,word_search,tawng_upa,crossword,thumal_kawp,sentence_builder",🔪
word.tuifawn,tui fawn,nature,K5,draft,pending,pending,Source: Kumtluang Class V (SCERT Mizoram).,flood,"Tui fawn hi tui a lian lutuk a, khaw chhung a luantir dan a ni.",Ruah nasa avangin tui fawn a lo thleng a.,5,"picture_match,spelling,word_search,tawng_upa,crossword,thumal_kawp,sentence_builder",🌊
word.leimin,lei min,nature,K5,draft,pending,pending,Source: Kumtluang Class V (SCERT Mizoram). VERIFY: Gloss inferred from context listing natural disasters caused by deforestation; confirm exact term (possibly two separate words).,"landslide, soil erosion",Lei min hi tlang emaw kawtlai lei a bo/tla dan a ni.,Ruahnasa hnu chuan lei min avangin kawng a bo thin.,5,"picture_match,spelling,word_search,tawng_upa,crossword,thumal_kawp",
word.ditip,ditip,tools,K5,draft,pending,pending,"Source: Kumtluang Class V (SCERT Mizoram). VERIFY: Exact meaning uncertain from context (ditipa theihai); could denote a specific carrying-bag or quiver type — confirm with native speaker. VERIFY culture-sensitive: appears in a khuavang/tree-spirit (Phungpuinu) folktale passage, route to human culture reviewer.",a bag or quiver carried for tools/supplies,Ditip hi thil emaw kutdawh emaw put theihna bawm a ni.,Ram a kal hian ditip a zuang a.,5,"picture_match,spelling,word_search,tawng_upa,crossword,thumal_kawp,sentence_builder",
word.saisir,saisir,legend,K5,draft,pending,pending,"Source: Kumtluang Class V (SCERT Mizoram). VERIFY: Meaning inferred loosely from folktale context (a saisira lawn); confirm exact sense — may refer to a vine/cord rather than hair. VERIFY culture-sensitive: word appears within a khuavang/tree-spirit (Phungpuinu) folktale passage, route to human culture reviewer.","hair (used here as something to climb down by, in a folktale)",Saisir hi mi lu chunga awm sam a ni.,Hmeichhia chuan a saisir a lo sen tak a ni.,5,"word_chain,spelling,word_search,tawng_upa,crossword",
word.chinpar,chin par,nature,K5,draft,pending,pending,Source: Kumtluang Class V (SCERT Mizoram).,orchid (flower),"Chin par hi thing lehkhawlah vul par mawi tak, Mizoram rama hmuh theih a ni.",Tlang chhipah chuan chin par a vul hmel hmel.,5,"picture_match,spelling,word_search,tawng_upa,crossword,thumal_kawp,sentence_builder",🌺
word.chawnpui,chawnpui,nature,K5,draft,pending,pending,Source: Kumtluang Class V (SCERT Mizoram).,"Bauhinia flower (Mizoram's state flower, orchid-tree blossom)","Chawnpui hi Mizoram rama vul par sen leh var mawi tak, Mizoram sawrkar chhinchhiahna par a ni.",Chhak lam thlipuiah chuan chawnpui par an vul chhuak hlim hlim.,5,"picture_match,spelling,word_search,tawng_upa,crossword,thumal_kawp",🌸
word.ip,ip,tools,K5,draft,pending,pending,Source: Kumtluang Class V (SCERT Mizoram).,pocket,Ip hi puan emaw kekawr emawa thil dah theihna a ni.,A kekawr ipah chuan pawisa a dah a.,5,"picture_match,spelling,word_search,tawng_upa,crossword,thumal_kawp,sentence_builder",👝
word.aieng,aieng,food,K5,draft,pending,pending,Source: Kumtluang Class V (SCERT Mizoram). VERIFY: Traditional-medicine plant name; exact botanical identity not independently confirmed — verify with a native speaker/ethnobotanist.,a plant/fruit traditionally used to treat blurred vision and cataracts,Aieng hi mit natna leh mit liam tihdam nana hman ram hmul damdawi chi pakhat a ni.,Mit a liam avangin aieng an hman thin.,5,"picture_match,spelling,word_search,tawng_upa,crossword,thumal_kawp,sentence_builder",
word.sarzuk,sarzuk,food,K5,draft,pending,pending,Source: Kumtluang Class V (SCERT Mizoram). VERIFY: Traditional-medicine plant name; exact botanical identity not independently confirmed — verify with a native speaker/ethnobotanist.,a plant traditionally used to stop diarrhea,Sarzuk hi chhul chak lohna atana hman ram hmul damdawi chi pakhat a ni.,Chhul a chak avangin sarzuk an ei tir thin.,5,"picture_match,spelling,word_search,tawng_upa,crossword,thumal_kawp,sentence_builder",
word.sawhthing,sawhthing,food,K5,draft,pending,pending,Source: Kumtluang Class V (SCERT Mizoram). VERIFY: Traditional-medicine plant name; exact botanical identity not independently confirmed — verify with a native speaker/ethnobotanist.,a plant traditionally used to deworm livestock,Sawhthing hi rannungte chhung rul (worm) chhuah tirna atana hman ram hmul damdawi a ni.,Sakawr rannung hnawihna atan sawhthing an hman.,5,"picture_match,spelling,word_search,tawng_upa,crossword,thumal_kawp,sentence_builder",
word.sekhupthur,sekhupthur,food,K5,draft,pending,pending,Source: Kumtluang Class V (SCERT Mizoram). VERIFY: Traditional-medicine plant name; exact botanical identity not independently confirmed — verify with a native speaker/ethnobotanist.,a plant traditionally used to treat toothache,Sekhupthur hi ha natna tihdam nana hman ram hmul damdawi a ni.,Ha a tih avangin sekhupthur an hman thin.,5,"picture_match,spelling,word_search,tawng_upa,crossword,thumal_kawp,sentence_builder",
word.sumbul,sumbul,food,K5,draft,pending,pending,Source: Kumtluang Class V (SCERT Mizoram). VERIFY: Traditional-medicine plant name; exact botanical identity not independently confirmed — verify with a native speaker/ethnobotanist.,a plant traditionally used as a cough remedy,Sumbul hi kal (cough) tihdam nana hman ram hmul damdawi a ni.,Kal a chak avangin sumbul damdawi an ei.,5,"picture_match,spelling,word_search,tawng_upa,crossword,thumal_kawp,sentence_builder",
word.tawitaw,tawitaw,food,K5,draft,pending,pending,Source: Kumtluang Class V (SCERT Mizoram). VERIFY: Traditional-medicine plant name; exact botanical identity not independently confirmed — verify with a native speaker/ethnobotanist.,a plant traditionally used to numb toothache before extraction,Tawitaw hi ha tihreh hma numna atana hman ram hmul damdawi a ni.,Ha chhoh hma chuan tawitaw an hman thin.,5,"picture_match,spelling,word_search,tawng_upa,crossword,thumal_kawp,sentence_builder",
word.theiherawt-2,theiherawt,food,K5,draft,pending,pending,"Source: Kumtluang Class V (SCERT Mizoram). VERIFY: Traditional-medicine plant name; exact botanical identity not independently confirmed — verify with a native speaker/ethnobotanist. VERIFY spelling-variant: also found as class4:word.theiherawt='theiherâwt'(K4), class5:word.theiherawt='theiherawt'(K5) — confirm distinct words or same word/typo.",a plant traditionally used for chest pain and blurred vision,Theiherawt hi thin natna leh mit liam tihdam nana hman ram hmul damdawi a ni.,Thin a na avangin theiherawt an ei tir thin.,5,"picture_match,spelling,word_search,tawng_upa,crossword,thumal_kawp,sentence_builder",
word.tlangsam,tlangsam,food,K5,draft,pending,pending,Source: Kumtluang Class V (SCERT Mizoram). VERIFY: Traditional-medicine plant name; exact botanical identity not independently confirmed — verify with a native speaker/ethnobotanist.,a plant traditionally used to stop bleeding from wounds,Tlangsam hi pem emaw thi luang chhuah tihreh nana hman ram hmul damdawi a ni.,Pem a thi luang chuan tlangsam an hman thin.,5,"picture_match,spelling,word_search,tawng_upa,crossword,thumal_kawp,sentence_builder",
word.phuihnam,phuihnam,food,K5,draft,pending,pending,Source: Kumtluang Class V (SCERT Mizoram). VERIFY: Traditional-medicine plant name; exact botanical identity not independently confirmed — verify with a native speaker/ethnobotanist.,a plant traditionally used as a blood tonic,Phuihnam hi thisen sang (blood-boosting) nana hman ram hmul damdawi a ni.,A thisen a nem avangin phuihnam an ei tir thin.,5,"picture_match,spelling,word_search,tawng_upa,crossword,thumal_kawp",
word.kawltheizik,kawlthei zik,food,K5,draft,pending,pending,Source: Kumtluang Class V (SCERT Mizoram). VERIFY: Traditional-medicine plant name; exact botanical identity not independently confirmed — verify with a native speaker/ethnobotanist.,a plant traditionally used as a cough remedy,Kawlthei zik hi kal (cough) tihdam nana hman ram hmul damdawi a ni.,Kal a chak mi chuan kawlthei zik an ei tir thin.,5,"picture_match,spelling,word_search,tawng_upa,crossword,thumal_kawp",
word.behlawi,behlawi,food,K5,draft,pending,pending,Source: Kumtluang Class V (SCERT Mizoram). VERIFY: Traditional-medicine plant name; exact botanical identity not independently confirmed — verify with a native speaker/ethnobotanist.,a plant whose sap is traditionally used as eye drops,"Behlawi hi mit chhunga thil lut tihchhuah/tidam nana hman ram hmul damdawi a ni, a tui mitah an sawr thin.",Mitah thil a lut chuan behlawi tui an sawr tir thin.,5,"picture_match,spelling,word_search,tawng_upa,crossword,thumal_kawp",
word.thawm-2,thâwm,adjectives,K5,draft,pending,pending,Source: Kumtluang Class V (SCERT Mizoram). VERIFY: Meaning inferred loosely from a single narrative use (thâwm ring deuh mai hian min rawn tiharh); confirm exact sense with a native speaker.,a sudden jolt/thud (something that startles one awake),Thâwm tih hi mut lai laka thawh harh taka tihharh dan sawi na a ni.,Thâwm ring deuh chuan a mut a rawn tihharh a.,5,"word_chain,spelling,word_search,tawng_upa,crossword",
word.hnukulh,hnuk ulh,idiom,K5,draft,pending,pending,Source: Kumtluang Class V (SCERT Mizoram).,"to feel sad, downhearted, or troubled","Hnuk ulh tih hi rilru a nuam lo va, a lungngai dan sawi na a ni.",Ka thlawhtute an chham loh avangin ka hnuk a ulh hle.,5,"word_chain,spelling,word_search,tawng_upa,crossword",
word.hmangchang,hmangchang,adjectives,K5,draft,pending,pending,Source: Kumtluang Class V (SCERT Mizoram). VERIFY: Meaning inferred from context (hmangchang an hria ka ti hle mai); confirm exact register (adverb vs. adjective).,"clearly, obviously (evident to onlookers)",Hmangchang tih hi thil pakhat hriat theih tur ngaihnawm taka lang dan sawi na a ni.,A thil tih dan atangin a sual tih hmangchang a hriat theih.,5,"word_chain,spelling,word_search,tawng_upa,crossword",
word.thuawih-2,thu awih,values,K5,draft,pending,pending,Source: Kumtluang Class V (SCERT Mizoram).,"obedient, compliant",Thu awih tih hi mi upa emaw thuneitu thu ngaisak taka zawm dan a ni.,Naupang thu awih chuan a nu leh pate thu an zawm ngei ngei.,5,"word_chain,spelling,word_search,tawng_upa,crossword",
word.inpumkhatna,inpumkhatna,community,K5,draft,pending,pending,Source: Kumtluang Class V (SCERT Mizoram).,"unity, integration (people coming together as one)",Inpumkhatna tih hi mi hrang hrang inkarah rinawmna leh remna nei taka awm dan a ni.,Inpumkhatna hi hnam eng emaw zat hlawhtlin nan a pawimawh hle.,5,"word_chain,spelling,word_search,tawng_upa,crossword",🤝
word.inlungrual,inlungrual,values,K5,draft,pending,pending,Source: Kumtluang Class V (SCERT Mizoram).,"to be of one mind, to live in harmony/agreement",Inlungrual tih hi mi hrang hrangin remna leh inrelbawlna nei taka rilru inhmeh dan a ni.,Chhungkaw inlungrual chu hlawhtlinna bul a ni.,5,"word_chain,spelling,word_search,tawng_upa,crossword,sentence_builder",🤝
word.itsikna,itsikna,values,K5,draft,pending,pending,Source: Kumtluang Class V (SCERT Mizoram).,"selfishness, self-interest",Itsikna tih hi mahni hmasialna chauh ngaihtuah taka mi dang ngaihsak lohna a ni.,Itsikna avangin khawtlang hnathawh a bo thei a.,5,"word_chain,spelling,word_search,tawng_upa,crossword,sentence_builder",
word.phalna,phalna,community,K5,draft,pending,pending,Source: Kumtluang Class V (SCERT Mizoram).,"permission, permit",Phalna tih hi thil emaw tih theihna atana pe chhuah remtihna a ni.,Pa hnena phalna dil hmasa lovin ka kal lo.,5,"word_chain,spelling,word_search,tawng_upa,crossword,sentence_builder",📝
word.ruahmansak,ruahmansak,verbs,K5,draft,pending,pending,Source: Kumtluang Class V (SCERT Mizoram). VERIFY: Meaning inferred from context (min ruahmansak te); confirm exact shade of meaning vs. plain 'ruahman'.,"to think of, plan, or scheme (something, often for others)",Ruahmansak tih hi mi dang tan emaw thil pakhat atan hun hmasaa ngaihtuah/ruahman dan a ni.,Kan thlahte hmasawnna atan kan ruahmansak tur a ni.,5,"word_chain,spelling,word_search,tawng_upa,crossword,sentence_builder",
word.intihretak,intihre tak,adjectives,K5,draft,pending,pending,Source: Kumtluang Class V (SCERT Mizoram). VERIFY: Exact meaning/context not fully confirmed from the visible passage; morphology suggests 'to make clearly understood' — verify with a native speaker.,"sincerely, earnestly (making something clearly understood)",Intihre tak tih hi thil pakhat chiang taka hriattir/hrehtir dan sawi na a ni.,Intihre takin thil kan sawi a ngai tawh.,5,"word_chain,spelling,word_search,tawng_upa,crossword,sentence_builder",
word.inkalhtlat,inkalh tlat,adjectives,K5,draft,pending,pending,Source: Kumtluang Class V (SCERT Mizoram). VERIFY: Distinguish from the already-catalogued noun 'inkalh khung' (door-bolt); confirm exact usage as a verb/state describing the door being shut fast.,tightly bolted/locked shut (a door),Inkalh tlat tih hi kutkhar emaw thawhkhar emaw fim taka kalh/khaih dan a ni.,Zân lamah chuan an thawhkhar chu an inkalh tlat ngei ngei.,5,"word_chain,spelling,word_search,tawng_upa,crossword",
word.pawng,pâwng,values,K5,draft,pending,pending,Source: Kumtluang Class V (SCERT Mizoram). VERIFY: Meaning inferred from context (mi tha leh neinung an pâwng hek lo); confirm exact shade of meaning.,"to discriminate, show unfair partiality","Pâwng tih hi mi pakhat lam ngaisang a, mi dang ngaihsak lo dan a ni.",Mi tha leh mi retheite kan pâwng hek tur a ni lo.,5,"word_chain,spelling,word_search,tawng_upa,crossword",
word.hual,hual,verbs,K5,draft,pending,pending,Source: Kumtluang Class V (SCERT Mizoram).,"to surround, besiege, encircle",Hual tih hi mi emaw hmun emaw pumhlum taka kal khawm/lang khawm dan a ni.,Sipaihon khua chu an hual vel a.,5,"word_chain,spelling,word_search,tawng_upa,crossword,sentence_builder",
word.lungphun,lungphun,community,K5,draft,pending,pending,"Source: Kumtluang Class V (SCERT Mizoram). VERIFY culture-sensitive: a memorial/gravestone associated with death-commemoration customs, route to human culture reviewer.",a memorial stone/standing stone erected in honor of someone,Lungphun hi mi hlu emaw thil lo thleng hriat rengna atan din lung a ni.,Lal ropui chanvo hriat rengna atan lungphun an din sak.,5,"word_chain,spelling,word_search,tawng_upa,crossword",🪨
word.zatzat,zat zat,idiom,K5,draft,pending,pending,Source: Kumtluang Class V (SCERT Mizoram).,as much as (one likes/is allowed); freely,Zat zat tih hi tam tawk emaw tlem tawk emaw enkawl lovin phal ang zela pe/hman dan a ni.,I duh zat zat i lak thei ang.,5,"word_chain,spelling,word_search,tawng_upa,crossword,sentence_builder",
word.liam,liam,verbs,K5,draft,pending,pending,Source: Kumtluang Class V (SCERT Mizoram).,"to pass by, go past",Liam tih hi mi emaw hmun emaw kalpui lova kal bo dan a ni.,Kawngah mi tam takin an liam vek a.,5,"word_chain,spelling,word_search,tawng_upa,crossword,sentence_builder",
word.mitthlaah,mitthlaah,community,K5,draft,pending,pending,Source: Kumtluang Class V (SCERT Mizoram). VERIFY: Meaning inferred from context (suangtuahna mitthlaah Maharaja chu a lo kal a); confirm compositional sense (mit + thlaah).,"in the presence of, before the eyes of",Mitthlaah tih hi mi hmuh theihna hmun/laka awm dan sawi na a ni.,Mipui mitthlaah chuan a thusawi a chhuah ve.,5,"word_chain,spelling,word_search,tawng_upa,crossword,sentence_builder",
word.lungnilo,lungni lo,adjectives,K5,draft,pending,pending,Source: Kumtluang Class V (SCERT Mizoram).,"displeased, unhappy, discontent","Lungni lo tih hi thil emaw a duh lo va, a lung a awi lo dan a ni.",A thil tih avangin lungni lo takin a awm ta a.,5,"word_chain,spelling,word_search,tawng_upa,crossword",
word.thleng-2,thlêng,verbs,K5,draft,pending,pending,Source: Kumtluang Class V (SCERT Mizoram).,to beg (for alms/charity),Thlêng tih hi mi hnena thil emaw pawisa emaw ngen dan a ni.,Kutdawhpa chu kawngpuiah a thlêng thin.,5,"word_chain,spelling,word_search,tawng_upa,crossword,sentence_builder",
word.tanpuina,tanpuina,community,K5,draft,pending,pending,Source: Kumtluang Class V (SCERT Mizoram).,"help, assistance",Tanpuina hi mi dang chunga ṭanpui leh puihna pe dan a ni.,Retheite chu tanpuina kan pe ngai a ni.,5,"word_chain,spelling,word_search,tawng_upa,crossword,sentence_builder",🤲
word.nawi-2,nâwi,tools,K5,draft,pending,pending,"Source: Kumtluang Class V (SCERT Mizoram). VERIFY spelling-variant: also found as class4:word.nawi='nawi'(K4), class5:word.nawi='nâwi'(K5) — confirm distinct words or same word/typo.","small change, coins","Nâwi hi pawisa tlêm tê, sumdâwng chi a ni.",Pathennaah chuan nâwi tlêm ka nei.,5,"picture_match,spelling,word_search,tawng_upa,crossword,thumal_kawp,sentence_builder",🪙
word.choak,choâk,animals,K5,draft,pending,pending,Source: Kumtluang Class V (SCERT Mizoram).,crow,"Choâk hi sava hmel hnâm tak, ri chhuak ngai tak a ni.",Zingah chuan choâk ri hriat theih tur a awm.,5,"picture_match,spelling,word_search,tawng_upa,crossword,thumal_kawp,sentence_builder",🐦‍⬛
word.tirh,tirh,verbs,K5,draft,pending,pending,Source: Kumtluang Class V (SCERT Mizoram).,"to tease, pester",Tirh tih hi mi dang chunga thu emaw thil emawa hlau/lo pe zel dan a ni.,Naupangte chuan an unaupa an tirh ṭhin.,5,"word_chain,spelling,word_search,tawng_upa,crossword,sentence_builder",
word.ramchhuah,ramchhuah,legend,K5,draft,pending,pending,"Source: Kumtluang Class V (SCERT Mizoram). VERIFY culture-sensitive: refers to the traditional ramchhuah hunting-title/status system, route to human culture reviewer.",a title earned by a renowned hunter (one who has killed prescribed numbers of wild game),Ramchhuah hi hmanlai Mizo khawtlangin sahmat tam taka mansaktu hmingthang mi pe hming a ni.,A pa chu ramchhuah a nih avangin khua zawng zawngin an hria.,5,"word_chain,spelling,word_search,tawng_upa,crossword",
word.zaidam,zaidam,values,K5,draft,pending,pending,Source: Kumtluang Class V (SCERT Mizoram).,"conceited, arrogant, proud",Zaidam tih hi mahni chungchang inchhinbawrh taka i ngaih dan a ni.,Zaidam mi chu mi dangin an duh ngai lo.,5,"word_chain,spelling,word_search,tawng_upa,crossword,sentence_builder",
word.thuttir,thuttir,verbs,K5,draft,pending,pending,Source: Kumtluang Class V (SCERT Mizoram). VERIFY: Meaning inferred from context (mikhual pa chuan naupanghote chu a thuttir a); confirm exact nuance vs. 'en fiah'.,"to inspect, examine closely",Thuttir tih hi mi emaw thil emaw fimkhur taka enfiah dan a ni.,Zirtirtu chuan naupangte hnathawh a thuttir zel.,5,"word_chain,spelling,word_search,tawng_upa,crossword,sentence_builder",
word.phian,phian,adjectives,K5,draft,pending,pending,Source: Kumtluang Class V (SCERT Mizoram). VERIFY: Meaning inferred from a single narrative use (a awih phian mai lehnghal); confirm as standalone headword vs. bound form.,"easily, readily","Phian tih hi harsatna tam lovin, awlsam taka thawh theih dan sawi na a ni.",A thu chu phian takin a zawm ṭhin.,5,"word_chain,spelling,word_search,tawng_upa,crossword,sentence_builder",
word.doral,dorâl,legend,K5,draft,pending,pending,"Source: Kumtluang Class V (SCERT Mizoram). VERIFY culture-sensitive: occurs in a poem centred on pasaltha/warrior bravery and battle themes, route to human culture reviewer.","battlefield, place of war/conflict",Dorâl hi ral inbuana leh indona hmun a ni.,Hmanlai mi ropuite chu dorâlah an chak thin.,5,"word_chain,spelling,word_search,tawng_upa,crossword,sentence_builder",
word.zam,zâm,verbs,K5,draft,pending,pending,"Source: Kumtluang Class V (SCERT Mizoram). VERIFY culture-sensitive: occurs in a poem about pasaltha/warrior honor and not fleeing battle, route to human culture reviewer.","to flee, run away (in fear, especially from battle)",Zâm tih hi hlauhna emaw hlauhawmna emaw avanga tlan bo dan a ni.,Huaisen tak chu ral hmaah an zâm ngai lo.,5,"word_chain,spelling,word_search,tawng_upa,crossword,sentence_builder",
word.tlawm-2,tlâwm,adjectives,K5,draft,pending,pending,"Source: Kumtluang Class V (SCERT Mizoram). VERIFY: This sense (weak/easily defeated) is glossed explicitly in the textbook and is distinct from the adjective 'tlawm' (small/little) already catalogued; confirm they are treated as separate headwords. VERIFY culture-sensitive: occurs in a poem centred on pasaltha/warrior bravery and battle themes, route to human culture reviewer. VERIFY possible duplicate: diacritic-variant of existing word 'tlawm' already in corpus — confirm same word or distinct before import.","weak, easily overpowered (in a fight)","Tlâwm tih hi indona emaw invonna emawah chak lo va, hneh a awm zawk dan a ni.",Ral do tur chuan tlâwm loh a ngai.,5,"word_chain,spelling,word_search,tawng_upa,crossword,sentence_builder",
word.sahrang,sa hrâng,animals,K5,draft,pending,pending,Source: Kumtluang Class V (SCERT Mizoram).,a fierce/dangerous wild animal,"Sa hrâng hi ram sa hlauhawm, mi tan hlauhawm thei sa a ni.",Ram chhung khan chuan sa hrâng an awm thei.,5,"picture_match,spelling,word_search,tawng_upa,crossword,thumal_kawp,sentence_builder",🐗
word.thianchhanthihngam,thian chhan thih ngam,idiom,K5,draft,pending,pending,"Source: Kumtluang Class V (SCERT Mizoram). VERIFY culture-sensitive: an idiom explicitly explained in the textbook in connection with pasaltha/warrior loyalty and bravery, route to human culture reviewer.",one brave enough to die for a friend,Thian chhan thih ngam tih hi a thian chanvo atana a nunna pe rêng rêng huaisen mi sawi na a ni.,Pasaltha ropui chu thian chhan thih ngam an ni thin.,5,"word_chain,spelling,word_search,tawng_upa,crossword",
word.sena,sêna,verbs,K5,draft,pending,pending,Source: Kumtluang Class V (SCERT Mizoram). VERIFY: Meaning inferred from context (kan zirna atan pawisa te an sêna); confirm exact nuance vs. plain 'ngen'.,"to nag or press persistently (for something, e.g. money)",Sêna tih hi mi hnena thil emaw pawisa emaw ngen zel dan a ni.,Zirna atan pawisa an sêna thin.,5,"word_chain,spelling,word_search,tawng_upa,crossword,sentence_builder",
word.tlakbuak,tlakbuak,verbs,K5,draft,pending,pending,Source: Kumtluang Class V (SCERT Mizoram). VERIFY: Meaning inferred from context (harsain a tlakbuak chang pawha); confirm exact register/usage.,"to fall short, come up lacking","Tlakbuak tih hi thil beisei ang taka thleng lo va, a tlem zawk dan a ni.",Harsatna a lo thleng chuan an tumruhna a tlakbuak thei lo.,5,"word_chain,spelling,word_search,tawng_upa,crossword",
word.lirnghing,lirnghing,values,K5,draft,pending,pending,Source: Kumtluang Class V (SCERT Mizoram).,"brilliant, of exceptional intellect/genius","Lirnghing tih hi mi thiam lutuk, zirlai lama thiamna sang tak nei mi sawi na a ni.",Lirnghing naupang chu sikulah an chawimawi thin.,5,"word_chain,spelling,word_search,tawng_upa,crossword,sentence_builder",🧠
word.thingtlang,thingtlang,community,K5,draft,pending,pending,Source: Kumtluang Class V (SCERT Mizoram).,"rural area, countryside (as opposed to town)","Thingtlang hi khawpui ni lo, ram hmun lawn tak a ni.",Thingtlang sikulah zirlai an tam ngai lo.,5,"word_chain,spelling,word_search,tawng_upa,crossword,sentence_builder",🏞️
word.khuh,khuh,verbs,K5,draft,pending,pending,Source: Kumtluang Class V (SCERT Mizoram).,to cover,Khuh tih hi thil emaw puan emaw hmangin chhung a lo lang lo taka dah dan a ni.,Zân a rim avangin puanin a khuh a.,5,"word_chain,spelling,word_search,tawng_upa,crossword,sentence_builder",
word.vet,vêt,verbs,K5,draft,pending,pending,"Source: Kumtluang Class V (SCERT Mizoram). VERIFY: Traditional dress technical term; confirm exact meaning/nuance with a native speaker. VERIFY culture-sensitive: describes a traditional Mizo way of wearing cloth, route to human culture reviewer.",to tuck up (clothing),Vêt tih hi puan emaw silfen emaw a rei lam tuck zawh dan a ni.,Kawng a kal hian a puan a vêt phei a.,5,"word_chain,spelling,word_search,tawng_upa,crossword",
word.khel,khêl,traditional_dress,K5,draft,pending,pending,"Source: Kumtluang Class V (SCERT Mizoram). VERIFY: Meaning inferred from context (kan khêl zawnah hian puan inthuah chu kan lip chhuak thin); confirm precise sense. VERIFY culture-sensitive: specific traditional Mizo dress-wearing terminology, route to human culture reviewer.",the manner/style of wrapping traditional cloth around the body,Khêl hi puan invawnna dan emaw zawng a ni.,Mipa khêl leh hmeichhia khêl chu an danglam thin.,5,"picture_match,spelling,word_search,tawng_upa,crossword,thumal_kawp,sentence_builder",
word.thinbih,thin bih,traditional_dress,K5,draft,pending,pending,"Source: Kumtluang Class V (SCERT Mizoram). VERIFY culture-sensitive: named traditional Mizo dress-wearing technique, route to human culture reviewer.",the traditional style of tucking cloth at the front of the body,Thin bih hi puan a hmasang lamah vet/khim dan a ni.,Chang chuan puan an thin bih thin.,5,"picture_match,spelling,word_search,tawng_upa,crossword,thumal_kawp,sentence_builder",
word.hnubih,hnu bih,traditional_dress,K5,draft,pending,pending,"Source: Kumtluang Class V (SCERT Mizoram). VERIFY culture-sensitive: named traditional Mizo dress-wearing technique, route to human culture reviewer.",the traditional style of tucking cloth at the back of the body,Hnu bih hi puan a hnung lamah vet/khim dan a ni.,Thenkhat chuan puan an hnu bih zawk thin.,5,"picture_match,spelling,word_search,tawng_upa,crossword,thumal_kawp,sentence_builder",
word.bilh,bilh,traditional_dress,K5,draft,pending,pending,Source: Kumtluang Class V (SCERT Mizoram).,"to tuck in fully, wrap in completely",Bilh tih hi puan emaw silfen emaw a khêl zawnah tluk taka khim/vet dan a ni.,A khêl zawnah an puan an bilh lut mai thin.,5,"picture_match,spelling,word_search,tawng_upa,crossword,thumal_kawp",
word.iptechei,iptechei,traditional_dress,K5,draft,pending,pending,"Source: Kumtluang Class V (SCERT Mizoram). VERIFY: Exact identification of this traditional garment type not independently confirmed — verify with a native speaker/textile expert. VERIFY culture-sensitive: named traditional Mizo garment, route to human culture reviewer.",a traditional Mizo cloth/wrap (specific type),"Iptechei hi puan chi pakhat, hmeichhiaten an bih thin a ni.",Iptechei hi Mizo puan hlui chi pakhat a ni.,5,"picture_match,spelling,word_search,tawng_upa,crossword,thumal_kawp,sentence_builder",
word.thangchhuahpuan,thangchhuahpuan,traditional_dress,K5,draft,pending,pending,"Source: Kumtluang Class V (SCERT Mizoram). VERIFY culture-sensitive: a named ceremonial cloth tied to the traditional thangchhuah (feast/hunting-earned) status system, route to human culture reviewer.",a ceremonial cloth associated with the traditional 'thangchhuah' status,Thangchhuahpuan hi thangchhuah changtu mite bih thin puan chi bik a ni.,Thangchhuahpuan chu awmzia nei tak puan a ni.,5,"picture_match,spelling,word_search,tawng_upa,crossword,thumal_kawp,sentence_builder",
word.zodipuan,zodipuan,traditional_dress,K5,draft,pending,pending,"Source: Kumtluang Class V (SCERT Mizoram). VERIFY: Exact identification of this cloth type not independently confirmed — verify with a native speaker/textile expert. VERIFY culture-sensitive: named traditional Mizo ceremonial cloth, route to human culture reviewer.",a traditional Mizo ceremonial cloth (specific named type),"Zodipuan hi Mizo puan hlui chi pakhat, ven chi leh sin chi a ni.",Zodipuan hi kut laiin an bih thin.,5,"picture_match,spelling,word_search,tawng_upa,crossword,thumal_kawp,sentence_builder",
word.halai,ha lai,traditional_dress,K5,draft,pending,pending,"Source: Kumtluang Class V (SCERT Mizoram). VERIFY: Meaning inferred from image captions (Hnawkhâl ha lai / Siapsuap ha lai); confirm exact sense of 'ha lai' as a term. VERIFY culture-sensitive: describes an ancient/traditional style of dress, route to human culture reviewer.",an ancient/traditional simple wrap or loincloth-style garment,"Ha lai hi Mizote hmanlai silh dan, puan tlem tak leh awlsam taka bih chi a ni.",Hmanlai Mizote chuan ha lai an silh thin.,5,"picture_match,spelling,word_search,tawng_upa,crossword,thumal_kawp,sentence_builder",
word.ting-2,ting,nature,K5,draft,pending,pending,"Source: Kumtluang Class V (SCERT Mizoram). VERIFY: Traditional-dye plant name; exact botanical identity not independently confirmed — verify with a native speaker. VERIFY culture-sensitive: traditional dye-making/weaving craft material, route to human culture reviewer.",indigo (a plant traditionally used to make black/blue dye),Ting hi puan dum siam nana hman thlai chi pakhat a ni.,Hmanlai Mizote chuan ting hmangin puan an sen a dum thin.,5,"picture_match,spelling,word_search,tawng_upa,crossword,thumal_kawp",
word.thingsaphu,thingsaphu,nature,K5,draft,pending,pending,"Source: Kumtluang Class V (SCERT Mizoram). VERIFY: Traditional-dye tree name; exact botanical identity not independently confirmed — verify with a native speaker. VERIFY culture-sensitive: traditional dye-making/weaving craft material, route to human culture reviewer.",a tree whose bark was traditionally used to dye cloth,Thingsaphu hi a pil hmanga puan chhum senna nan hman thing chi a ni.,Thingsaphu pil chu puan chhum sen nan an hmang thin.,5,"picture_match,spelling,word_search,tawng_upa,crossword,thumal_kawp",
word.sentezel,sentezêl,nature,K5,draft,pending,pending,"Source: Kumtluang Class V (SCERT Mizoram). VERIFY: Traditional-dye tree name; exact botanical identity not independently confirmed — verify with a native speaker. VERIFY culture-sensitive: traditional dye-making/weaving craft material, route to human culture reviewer.",a tree whose bark was traditionally used to dye cloth,Sentezêl hi a pil hmanga puan chhum senna nan hman thing chi a ni.,Sentezêl pil chu puan chhum sen nan an hmang bawk thin.,5,"picture_match,spelling,word_search,tawng_upa,crossword,thumal_kawp",
word.sahmul,sahmul,tools,K5,draft,pending,pending,"Source: Kumtluang Class V (SCERT Mizoram). VERIFY: Meaning inferred from context (sa=animal, mul=hair) in a list of traditional weaving materials; confirm exact usage. VERIFY culture-sensitive: traditional weaving/decoration craft material, route to human culture reviewer.",animal hair/fur (used as decoration on traditional cloth),"Sahmul hi ram sa mul, puan zeh mawi tuina nan hman thin a ni.",Puan chi thenkhat hnuaiah sahmul an bih thin.,5,"picture_match,spelling,word_search,tawng_upa,crossword,thumal_kawp,sentence_builder",
word.pil,pil,nature,K5,draft,pending,pending,Source: Kumtluang Class V (SCERT Mizoram).,bark (of a tree),Pil hi thing pum vel a awm hnawih chi a ni.,Thing pil chu damdawi atan an hman thin bawk.,5,"picture_match,spelling,word_search,tawng_upa,crossword,thumal_kawp,sentence_builder",
word.vakul,vakul,animals,K5,draft,pending,pending,"Source: Kumtluang Class V (SCERT Mizoram). VERIFY culture-sensitive: hornbill feathers are traditionally worn as a ceremonial headdress element tied to status/chieftainship, route to human culture reviewer.",hornbill,"Vakul hi sava lian tak, a mul hmangin lu chunga fah mawiin an hmang thin.",Vakul mul chu hmanlai lalten an in mawi tir nan an hman thin.,5,"picture_match,spelling,word_search,tawng_upa,crossword,thumal_kawp",🦜
word.chhuanawm,chhuanawm,values,K5,draft,pending,pending,Source: Kumtluang Class V (SCERT Mizoram).,"graceful, dignified, elegant",Chhuanawm tih hi mi awm dan leh inbel dan mawi taka lang dan a ni.,Mizo hmeichhiate puan bih dan chu a chhuanawm hle.,5,"word_chain,spelling,word_search,tawng_upa,crossword,sentence_builder",
word.huaina,huaina,abstract/values,TQ6,draft,pending,pending,Source: Kumtluang Class VI (SCERT Mizoram),difference; distinction,Thil pakhat leh pakhat an inang loh dan sawina thu.,Kan hmeichhia leh mipa huaina hi mihringte zawng zawngin kan hriat theih a ni.,6,"word_chain,spelling,word_search,tawng_upa,crossword",
word.rinawmna,rinawmna,abstract/values,TQ6,draft,pending,pending,Source: Kumtluang Class VI (SCERT Mizoram),faithfulness; loyalty,Mi emaw thil emaw chunga kan rinawm tih hriat theihna.,Ka thianpa rinawmna avangin engtik lai hun pawhin ka ring thei ngei a ni.,6,"word_chain,spelling,word_search,tawng_upa,crossword",
word.hmangaihna,hmangaihna,abstract/values,TQ6,draft,pending,pending,Source: Kumtluang Class VI (SCERT Mizoram),love; affection,Mi dang chungah kan lungril hian duhzawng leh ngaina kan neih.,Ka nu leh pa hmangaihna hi tuk tinah ka hria fo a ni.,6,"word_chain,spelling,word_search,tawng_upa,crossword",❤️
word.khawngaihna,khawngaihna,abstract/values,TQ6,draft,pending,pending,Source: Kumtluang Class VI (SCERT Mizoram),compassion; mercy,Mi harsatna tawktu chungah kan ngaihzawng leh kan tanpui duh dan.,Retheite khawngaihna neitu chu Pathianin a lo hmangaih ngei a ni.,6,"word_chain,spelling,word_search,tawng_upa,crossword",
word.tlawmngaihna,tlawmngaihna,abstract/values,TQ6,draft,pending,pending,"Source: Kumtluang Class VI (SCERT Mizoram) VERIFY: core Mizo cultural value term, route to human culture reviewer for nuance.",selflessness; self-sacrifice for others,"Mahni theih tawk chungin mi dang tan inhlan tuk tak, Mizote'n an ngaih pawimawh tak.",Mi retheite tanpui a nih chuan tlawmngaihna a ni tih zirtirtuin min hrilh a.,6,"word_chain,spelling,word_search,tawng_upa,crossword",
word.taimakna,taimakna,abstract/values,TQ6,draft,pending,pending,Source: Kumtluang Class VI (SCERT Mizoram),patience; perseverance,Harsatna hmachhawn pawhin beidawng lovin mahni tumna zawm reng tih hriat theihna.,Zirlai chak tak an nih hi an taimakna avanga hlawhtlinna a ni.,6,"word_chain,spelling,word_search,tawng_upa,crossword",
word.tumruhna,tumruhna,abstract/values,TQ6,draft,pending,pending,Source: Kumtluang Class VI (SCERT Mizoram),determination; firm resolve,Thil siam duh reng reng chu zo thei ang tia rilru siam fel dan.,A tumruhna avangin sikul kal thei loh pawh chuan a lehkha a zir zel a.,6,"word_chain,spelling,word_search,tawng_upa,crossword",
word.malsawmna,malsawmna,abstract/values,TQ6,draft,pending,pending,Source: Kumtluang Class VI (SCERT Mizoram),blessing,Thil tha leh hlawhtlinna Pathian hnena chhuak.,"Sikul examah malsawmna kan dil a, kan zawng zawng an chak em em.",6,"word_chain,spelling,word_search,tawng_upa,crossword",🙏
word.ropuizia,ropuizia,abstract/values,TQ6,draft,pending,pending,Source: Kumtluang Class VI (SCERT Mizoram),greatness; dignified stature,Mi emaw thil emaw a thupui leh a chak taka lang dan.,Chief thlan pawnah kohhran ropuizia a lang hle.,6,"word_chain,spelling,word_search,tawng_upa,crossword,sentence_builder",
word.hlawhtlinna,hlawhtlinna,abstract/values,TQ6,draft,pending,pending,Source: Kumtluang Class VI (SCERT Mizoram),success; achievement,Thil siam duh tak tak zo taka thleng theih dan.,Zirna kawngah hlawhtlinna nei duh chuan taima taka zir a ngai.,6,"word_chain,spelling,word_search,tawng_upa,crossword",🏆
word.changkanna,changkanna,abstract/values,TQ6,draft,pending,pending,Source: Kumtluang Class VI (SCERT Mizoram),progress; development,Khaw emaw mite nun emaw a hmasawn zel dan.,Kan khua chu kan zawng zawng thawhhona avangin a changkang em em a.,6,"word_chain,spelling,word_search,tawng_upa,crossword",
word.inngaitlawm,inngaitlawm,abstract/values,TQ6,draft,pending,pending,Source: Kumtluang Class VI (SCERT Mizoram),humility,"Mahni theihna leh nih dan chu inza taka lang tir loh, chi lovin awm dan.",Zirtirtu inngaitlawm chu zirlaiten an chhui ang.,6,"word_chain,spelling,word_search,tawng_upa,crossword,sentence_builder",
word.vanduai,vanduai,abstract/values,TQ6,draft,pending,pending,Source: Kumtluang Class VI (SCERT Mizoram),disability; being physically challenged,Taksa emaw thil hmuh theihna emaw lam a chang duhthusa lo.,Vanduai an nih laiin an theihna avangin an hlawhtling thin.,6,"word_chain,spelling,word_search,tawng_upa,crossword",
word.hlawhtling,hlawhtling,abstract/values,TQ6,draft,pending,pending,Source: Kumtluang Class VI (SCERT Mizoram),successful; accomplished,Tumna duh tak a thlen theihna.,Naupang mangang tak chu ni tam takah hlawhtling zui zui thin a ni.,6,"word_chain,spelling,word_search,tawng_upa,crossword",
word.fahrah,fahrah,people,TQ6,draft,pending,pending,Source: Kumtluang Class VI (SCERT Mizoram),blind (person),Mit hmuh theih lo mi.,Fahrah chu chhinchhiah zawk mahni tan an tan ngai a ni.,6,"word_chain,spelling,word_search,tawng_upa,crossword",
word.pianzia,pianzia,abstract/values,TQ6,draft,pending,pending,Source: Kumtluang Class VI (SCERT Mizoram),one's nature; inborn character,Mi emaw thil emaw a piang tirh atanga nei dan chi.,A pianzia atangin tlawmngai tak niin a chhang thin.,6,"word_chain,spelling,word_search,tawng_upa,crossword,sentence_builder",
word.kimtlang,kîmtlang,adjectives,TQ6,draft,pending,pending,Source: Kumtluang Class VI (SCERT Mizoram),complete; whole,"Eng lam ata pawh a tlem lo, a tam lo dan.",Kan khaw hna hi kîmtlang taka kan tih hnem a ngai.,6,"word_chain,spelling,word_search,tawng_upa,crossword",
word.thlarau,thlarau,abstract/values,TQ6,draft,pending,pending,"Source: Kumtluang Class VI (SCERT Mizoram) VERIFY: touches on spiritual/religious concept, route to human culture reviewer.",spirit; soul,"Mihring puma awm, taksa nena inzawm lo, a nung tawp loh dan chi.",Kan thlarau chu Pathianin siam a nih avangin kan pawimawh a ngai.,6,"word_chain,spelling,word_search,tawng_upa,crossword",
word.chhuahsan,chhuahsan,verbs,TQ6,draft,pending,pending,Source: Kumtluang Class VI (SCERT Mizoram),to give up; to renounce,"Thil emaw hman zawm ta lo, la ngai lo ni tih puang dan.","A tuina chu a chhuahsan ta a, thil dang a chak zawk a zawng leh.",6,"word_chain,spelling,word_search,tawng_upa,crossword",
word.chungchuang,chungchuang,adjectives,TQ6,draft,pending,pending,Source: Kumtluang Class VI (SCERT Mizoram),upright; dignified in bearing,"Mi taksa emaw nun emaw chu tliak takin, ropui takin awm dan.",A hlauhawm avangin chungchuang taka a ding thei ta lo.,6,"word_chain,spelling,word_search,tawng_upa,crossword",
word.pianphung,pianphung,abstract/values,TQ6,draft,pending,pending,Source: Kumtluang Class VI (SCERT Mizoram),instinct; inborn tendency,"Zir loh pawh mahin thil siam theihna, mi emaw ran emaw chunga awm.",Sava fak duh pianphung chu naupang zawngte pawh a awm ngai a ni.,6,"word_chain,spelling,word_search,tawng_upa,crossword",
word.paukhauh,paukhauh,people,TQ6,draft,pending,pending,Source: Kumtluang Class VI (SCERT Mizoram),deaf,"Beng hmang thei lo, thu hriat theih lo mi.",Paukhauh chu kut hmanga sawi dan an zir thin a ni.,6,"word_chain,spelling,word_search,tawng_upa,crossword",
word.sumdawng,sumdawng,abstract/values,TQ6,draft,pending,pending,Source: Kumtluang Class VI (SCERT Mizoram),wealthy; well-to-do,Sum leh pai tam taka nei mi.,"A chhungkua chu sumdawng an ni a, mahse mi retheite an ngaisak fo.",6,"word_chain,spelling,word_search,tawng_upa,crossword",
word.retheihna,retheihna,abstract/values,TQ6,draft,pending,pending,Source: Kumtluang Class VI (SCERT Mizoram),poverty,Sum leh pai leh thil pawimawh dang chi hrang hrang neih loh dan.,Retheihna avangin naupangte lehkha zir an tawksan thin.,6,"word_chain,spelling,word_search,tawng_upa,crossword,sentence_builder",
word.thahnemngai,thahnemngai,abstract/values,TQ6,draft,pending,pending,Source: Kumtluang Class VI (SCERT Mizoram),compassionate; kind-hearted,Mi harsatna tawktu chungah lungril taka ngaihzawng dan.,Thahnemngai takin nurse chuan damlote a enkawl thin.,6,"word_chain,spelling,word_search,tawng_upa,crossword,sentence_builder",
word.khawsahote,khawsahote,people,TQ6,draft,pending,pending,Source: Kumtluang Class VI (SCERT Mizoram),the poor; the needy,Sum leh pai leh eng emaw pawimawh neih tlem tak mi.,Khawsahote tanpui chu kohhran thil pawimawh a ni.,6,"word_chain,spelling,word_search,tawng_upa,crossword,sentence_builder",
word.inpumpek,inpumpek,verbs,TQ6,draft,pending,pending,Source: Kumtluang Class VI (SCERT Mizoram),to dedicate oneself,Mahni chi leh hun chu mi dang emaw thil emaw tan pumhlum in pe hman dan.,Naupang enkawlnaah amah chu a inpumpek ta a ni.,6,"word_chain,spelling,word_search,tawng_upa,crossword,sentence_builder",
word.chhawmdawl,chhawmdawl,people,TQ6,draft,pending,pending,Source: Kumtluang Class VI (SCERT Mizoram),orphan,Nu leh pa boral avanga enkawltu nei lo naupang.,Chhawmdawl te chu kohhran hovin an enkawl thin a ni.,6,"word_chain,spelling,word_search,tawng_upa,crossword",
word.thlahtu,thlahtu,abstract/values,TQ6,draft,pending,pending,Source: Kumtluang Class VI (SCERT Mizoram),descendant; lineage,"Mi pakhat aia lo chhuak, a fate leh a tute chi hrang hrang.",Kan pi leh pute thlahtu kan ni tih hi min chawimawi a ngai a ni.,6,"word_chain,spelling,word_search,tawng_upa,crossword",
word.hausa,hausa,adjectives,TQ6,draft,pending,pending,Source: Kumtluang Class VI (SCERT Mizoram),prosperous; well-off,Sum leh pai bik lo mahin nun a hausa tih ngaihdan.,Chhungkaw hausa lo pawh chuan an inhmangaih hle a.,6,"word_chain,spelling,word_search,tawng_upa,crossword,sentence_builder",
word.boralsan,boralsan,verbs,TQ6,draft,pending,pending,"Source: Kumtluang Class VI (SCERT Mizoram) VERIFY: respectful death term, route to human culture reviewer for appropriate tone.",to pass away (respectful term for dying),"Mi nun boral tih sawi fel dan, ngaihsan takin sawi thin.",A pa a boralsan hnu chuan a chhungte chu an harsa hle.,6,"word_chain,spelling,word_search,tawng_upa,crossword",
word.enkawlna,enkawlna,abstract/values,TQ6,draft,pending,pending,Source: Kumtluang Class VI (SCERT Mizoram),care; nursing,Mi damlo emaw thiante emaw tana ngaihsak leh hma lakna.,Damlote enkawlna hi nun pawimawh tak a ni.,6,"word_chain,spelling,word_search,tawng_upa,crossword,sentence_builder",
word.ngaihsakna,ngaihsakna,abstract/values,TQ6,draft,pending,pending,Source: Kumtluang Class VI (SCERT Mizoram),regard; respect shown to someone,Mi pakhat chungah pawimawh takin ngaih dan.,Zirtirtute ngaihsakna hi zirlaiten kan lantir tur a ni.,6,"word_chain,spelling,word_search,tawng_upa,crossword,sentence_builder",
word.nuamsa,nuamsa,adjectives,TQ6,draft,pending,pending,Source: Kumtluang Class VI (SCERT Mizoram),comfortable; at ease,"Harsatna leh buaina awm lo, rilru muanna nei dan.",In chhungah hian nuamsa takin an awm thei tawh a ni.,6,"word_chain,spelling,word_search,tawng_upa,crossword",
word.huaisen,huaisen,abstract/values,TQ6,draft,pending,pending,Source: Kumtluang Class VI (SCERT Mizoram) VERIFY: core theme of Mizo heroic legend (Khuangchera); route to human culture reviewer.,brave; valiant,"Hlauhna hmachhawnna pawh a hlau lo, chak taka tuar theih dan.",Kan pi leh pute chanchin an sawi hian huaisen tak an ni tih an hriattir thin.,6,"word_chain,spelling,word_search,tawng_upa,crossword",
word.pasaltha,pasaltha,culture/folklore,TQ6,draft,pending,pending,"Source: Kumtluang Class VI (SCERT Mizoram) VERIFY culture-sensitive, route to human culture reviewer.",traditional Mizo warrior-hunter (title of honor),"Hmanlai Mizo khawtlangah huaisen leh thiam tak mi, sa that thei tak leh khua venhimtu.",Pasaltha te hi khawtlangin an ngaisang em em thin.,6,"word_chain,spelling,word_search,tawng_upa,crossword,sentence_builder",
word.thlamuanpui,thlamuanpui,verbs,TQ6,draft,pending,pending,Source: Kumtluang Class VI (SCERT Mizoram),to comfort; to reassure,Mi lungngaih emaw hlauh emaw chungah thinlung nawmna pe dan.,Lal chuan Khuangchera chu a thlamuanpui a.,6,"word_chain,spelling,word_search,tawng_upa,crossword,sentence_builder",
word.vantlang,vantlang,abstract/values,TQ6,draft,pending,pending,Source: Kumtluang Class VI (SCERT Mizoram),public; community at large,"Mi tam tak, khawtlang pum.",Vantlang tana hna thawk chu chawimawi tak a ni.,6,"word_chain,spelling,word_search,tawng_upa,crossword,sentence_builder",
word.sakei,sakei,nature,TQ6,draft,pending,pending,Source: Kumtluang Class VI (SCERT Mizoram),tiger,"Ram sa ropui tak, a per leh a hnâk hlauhawm.",Sakei chu ram hrapa nasa tak a ni.,6,"word_chain,picture_match,spelling,word_search,tawng_upa,crossword,thumal_kawp,sentence_builder",🐯
word.ngaihsii,ngaihsii,nature,TQ6,draft,pending,pending,Source: Kumtluang Class VI (SCERT Mizoram),wild bear,"Ram sa hlauhawm, tlang chunga awm ber.","Ngaihsii chu Mizoram tlangah tam tawk lo va, hmuh mang lo a ni.",6,"word_chain,picture_match,spelling,word_search,tawng_upa,crossword,thumal_kawp",🐻
word.rual,rual,abstract/values,TQ6,draft,pending,pending,Source: Kumtluang Class VI (SCERT Mizoram),companion; group that stands together,"Thil khat tuma pawl khat, thawhho.",Kan rual zawng zawng kan innghah thei tur a ni.,6,"word_chain,spelling,word_search,tawng_upa,crossword",
word.thlifim,thlifim,nature,TQ6,draft,pending,pending,Source: Kumtluang Class VI (SCERT Mizoram),gentle breeze,"Thli hnem tak, damna leh muanna pu.","Zanriah chuan thlifim a chuk chuk a, a nuam hle.",6,"word_chain,picture_match,spelling,word_search,tawng_upa,crossword,thumal_kawp",🍃
word.virthli,virthli,nature,TQ6,draft,pending,pending,Source: Kumtluang Class VI (SCERT Mizoram),storm wind,"Thli chak tak, huaisenna leh hlauhawmna keng thei.",Virthli lo thawk chuan thing leh in a chhe fo thin.,6,"word_chain,picture_match,spelling,word_search,tawng_upa,crossword,thumal_kawp",🌪️
word.boruak,boruak,nature,TQ6,draft,pending,pending,Source: Kumtluang Class VI (SCERT Mizoram),weather; atmosphere,"Ni tina van leh lei chunga thil awm dan, khawdur leh chhûm nen inzawm.",Boruak a tha lo avangin motor kalna a harsa.,6,"word_chain,picture_match,spelling,word_search,tawng_upa,crossword,thumal_kawp,sentence_builder",🌦️
word.harsatnathli,harsatna thli,abstract/values,TQ6,draft,pending,pending,Source: Kumtluang Class VI (SCERT Mizoram) VERIFY: figurative/poetic phrase; confirm precise reading with a fluent speaker.,"""wind of hardship"" (figurative: life's difficult trials)","Nunah harsatna a thleng ṭheuh dan chi, thli anga hriat tur.","Harsatna thli a lo thlen chang chang, mahse kan chhelh hna zel a ngai.",6,"word_chain,spelling,word_search,tawng_upa,crossword",
word.thlemnathli,thlêmna thli,abstract/values,TQ6,draft,pending,pending,Source: Kumtluang Class VI (SCERT Mizoram) VERIFY: figurative/poetic phrase; confirm precise reading with a fluent speaker.,"""wind of temptation"" (figurative: forces that tempt one into wrongdoing)","Sual thawh tura mi tihthawhtu rilru chhungril nun, thli anga hriat tur.",Thlêmna thli chu kan zawng zawngin kan tawk fo a ni.,6,"word_chain,spelling,word_search,tawng_upa,crossword",
word.tlim,tlim,nature,TQ6,draft,pending,pending,Source: Kumtluang Class VI (SCERT Mizoram),calm; still (of weather),"Thli tho lo, a hmuh ang a awm dan.","Zing lam chuan boruak a tlim hle a, tui pawh a fim.",6,"word_chain,spelling,word_search,tawng_upa,crossword",
word.awmphung,awmphung,abstract/values,TQ6,draft,pending,pending,Source: Kumtluang Class VI (SCERT Mizoram),manner of existing; nature/character of a thing,Thil pakhat a nih dan leh a awm zia.,Thli awmphung chu mi tinin hriat theih vek a ni lo.,6,"word_chain,spelling,word_search,tawng_upa,crossword",
word.huatthlala,huatthlala,nature,TQ6,draft,pending,pending,Source: Kumtluang Class VI (SCERT Mizoram),a devastating storm/cyclone,"Thli nasa tak, chhiatna leh tangkaina thlen thei.",Thlichhia a tleh hian huatthlala tih hial rap a ni.,6,"word_chain,picture_match,spelling,word_search,tawng_upa,crossword,thumal_kawp",🌀
word.kawngkal,kawngkal,abstract/values,TQ6,draft,pending,pending,Source: Kumtluang Class VI (SCERT Mizoram),danger; risk kept guarded against,Chhiatna thleng theih avanga fimkhur ngai dan.,Boruak chetna hi khawvel pum kawngkal tak a ni.,6,"word_chain,spelling,word_search,tawng_upa,crossword,sentence_builder",
word.tuilian,tui lian,nature,TQ6,draft,pending,pending,Source: Kumtluang Class VI (SCERT Mizoram),flood,"Tui lawng ngun tak, hmun tam tak sûk.","Ruah nasa avangin tui lian a lo lian a, in tam tak a sûk.",6,"word_chain,picture_match,spelling,word_search,tawng_upa,crossword,thumal_kawp",🌊
word.luikuang,lui kuang,nature,TQ6,draft,pending,pending,Source: Kumtluang Class VI (SCERT Mizoram),riverbank,"Lui pawn lam, tui lian chhuahna.","Lui kuang chu a zau em em a, tui a fâwn hian a lian zêl.",6,"word_chain,picture_match,spelling,word_search,tawng_upa,crossword,thumal_kawp",
word.inthlahrung,inthlahrung,verbs,TQ6,draft,pending,pending,Source: Kumtluang Class VI (SCERT Mizoram),to be startled; taken by surprise,Thil ngaih loh mai a thleng avanga mangang dan.,"Chhungkaw an inthlahrung hle, tui a lo chak famkim avangin.",6,"word_chain,spelling,word_search,tawng_upa,crossword",
word.mangang,mangang,verbs,TQ6,draft,pending,pending,Source: Kumtluang Class VI (SCERT Mizoram),to be astonished; amazed,Thil ngaih loh mai hmuh avanga rilru har dan.,Mipuite chuan a chhuah dan an mangang em em a.,6,"word_chain,spelling,word_search,tawng_upa,crossword",
word.vaukam,vau kam,nature,TQ6,draft,pending,pending,Source: Kumtluang Class VI (SCERT Mizoram),riverside embankment,"Lui hnaia lei sang deuh, tui lawng venhimna.",Vau kam chu mi tam takin an hmuh chhuah a.,6,"word_chain,spelling,word_search,tawng_upa,crossword",
word.lalpa,lalpa,people,TQ6,draft,pending,pending,"Source: Kumtluang Class VI (SCERT Mizoram) VERIFY culture-sensitive: traditional Mizo chieftainship term, route to human culture reviewer.",chief; local ruler,Khaw emaw ram emaw lam hruaitu bik.,Lalpa chuan khawtlang tana thil tha a ngaihtuah ṭheuh a ngai.,6,"word_chain,spelling,word_search,tawng_upa,crossword",
word.thengthaw,thengthaw,nature,TQ6,draft,pending,pending,Source: Kumtluang Class VI (SCERT Mizoram),cool and pleasant (of a place/climate),Rimawi leh boruak duhawm taka hmuh dan.,Kan khua chu tlang chunga awm avangin a thengthaw hle.,6,"word_chain,spelling,word_search,tawng_upa,crossword",
word.rualrem,rualrem,abstract/values,TQ6,draft,pending,pending,Source: Kumtluang Class VI (SCERT Mizoram),harmonious; peaceful (of surroundings),"Buaina awm lo, muan taka inzawm dan.",Khua rualrem hi mipuite awmna tha ber a ni.,6,"word_chain,spelling,word_search,tawng_upa,crossword,sentence_builder",
word.lawilen,lawilen,nature,TQ6,draft,pending,pending,Source: Kumtluang Class VI (SCERT Mizoram),spacious and open (of a place),"Hmun a zau a, a fang zawk dan.",Kan sikul veng chu a lawilen em em a.,6,"word_chain,spelling,word_search,tawng_upa,crossword,sentence_builder",
word.hnawm,hnâwm,nature,TQ6,draft,pending,pending,Source: Kumtluang Class VI (SCERT Mizoram),foul smell; stench,"Rim tha lo, mi tuipui lo dan.",Bawlhhlawh paih hmang loh avangin hnâwm a chuk fo.,6,"word_chain,spelling,word_search,tawng_upa,crossword,sentence_builder",
word.tleng,tleng,adjectives,TQ6,draft,pending,pending,Source: Kumtluang Class VI (SCERT Mizoram),clean and tidy,"Bawlhhlawh leh nghawng awm lo, thiang taka enkawl dan.",In leh a vel tleng taka kan enkawl a ngai.,6,"word_chain,spelling,word_search,tawng_upa,crossword",
word.them,them,nature,TQ6,draft,pending,pending,Source: Kumtluang Class VI (SCERT Mizoram),rubbish; waste,"Hman zo tawh thil awm loh, paih tur.",Them te chu hmun remchangah paih a ngai.,6,"word_chain,picture_match,spelling,word_search,tawng_upa,crossword,thumal_kawp,sentence_builder",🗑️
word.phurpui,phûrpui,objects,TQ6,draft,pending,pending,Source: Kumtluang Class VI (SCERT Mizoram),broom,"In leh khaw phiah nana hman thil, thing chi in siam.",Phûrpui hmangin naupangte chuan an sikul veng an phiah thin.,6,"word_chain,picture_match,spelling,word_search,tawng_upa,crossword,thumal_kawp",🧹
word.thiang,thiang,adjectives,TQ6,draft,pending,pending,Source: Kumtluang Class VI (SCERT Mizoram),clean; free from dirt,"Nghawng leh bawlhhlawh awm lo, dik taka enkawl dan.",Kan tui chhuah hi thiang leh hriselna atana pawimawh tak a ni.,6,"word_chain,spelling,word_search,tawng_upa,crossword",
word.changkang,changkang,abstract/values,TQ6,draft,pending,pending,Source: Kumtluang Class VI (SCERT Mizoram),civilized; progressive (of conduct/development),"Nun leh dinhmun a hmasawn, tih dan a chizawng dan.",Kan khua a changkang avangin bawlhhlawh paih dan pawh a ṭha zawk ta.,6,"word_chain,spelling,word_search,tawng_upa,crossword",
word.harhvang,harhvang,abstract/values,TQ6,draft,pending,pending,Source: Kumtluang Class VI (SCERT Mizoram),danger; threat (to health/safety),Hlauhawm leh chhiatna thleng theihna.,Bawlhhlawh paih dan hi hriselna harhvang tak a ni.,6,"word_chain,spelling,word_search,tawng_upa,crossword,sentence_builder",
word.hrisel,hrisel,abstract/values,TQ6,draft,pending,pending,Source: Kumtluang Class VI (SCERT Mizoram),healthy,"Natna nei lo, taksa damna a chak dan.",Ei tur thiang leh him kan ei chuan hrisel kan awm zawk ang.,6,"word_chain,spelling,word_search,tawng_upa,crossword",
word.hmasawn,hmasawn,verbs,TQ6,draft,pending,pending,Source: Kumtluang Class VI (SCERT Mizoram),to progress; to develop,A dinhmun aia tha zawk lamah kal dan.,Kan khua hna thawh hovin hmasawn kan tum reng a ngai.,6,"word_chain,spelling,word_search,tawng_upa,crossword",
word.aletlingakhaiang,a letlinga khai ang,idiom,TQ6,draft,pending,pending,"Source: Kumtluang Class VI (SCERT Mizoram) VERIFY: idiom translated by sense, not verbatim; confirm nuance with fluent speaker.","""like a gong that has lost its ring"" — to be clueless/oblivious","Thil eng emaw hria lo, thil chungchang bo map deuh mi sawina.","Ka zawng eng mah ka hre lo, a letlinga khai ang mai ka ni.",6,"word_chain,spelling,word_search,tawng_upa,crossword",
word.avawtuinekacheh,a vawtuin êk a cheh,idiom,TQ6,draft,pending,pending,Source: Kumtluang Class VI (SCERT Mizoram) VERIFY: idiom translated by sense; confirm nuance with fluent speaker.,"""bitten by one's own snake"" — undone by one's own trick",Mahni tih hmasa lehin mahni tan a harsa a chhuahsan chi.,"A tlawm zâwkah a tang leh si a, a vawtuin êk a cheh tih ang mai a ni.",6,"word_chain,spelling,word_search,tawng_upa,crossword",
word.kelphungtapchimhmuang,kêlphûng tap chim hmu ang,idiom,TQ6,draft,pending,pending,Source: Kumtluang Class VI (SCERT Mizoram) VERIFY: idiom translated by sense; confirm nuance with fluent speaker.,restless like a goat licking a salt-lick — unable to sit still,Awmzia hi thil tih ngai ti nawn tlut tlut sawina.,Ani ngaihzawng nei ve chu kêlphûng tap chim hmu ang maiin a rîm tlut tlut mai.,6,"word_chain,spelling,word_search,tawng_upa,crossword",
word.lupanhnathawh,lu pân hnathawh,idiom,TQ6,draft,pending,pending,Source: Kumtluang Class VI (SCERT Mizoram) VERIFY: idiom translated by sense; confirm nuance with fluent speaker.,to work half-heartedly / without real effort,"Thawk tha peih lo, ti nial nual, zawmthaw dan sawina.",Lu pân hnathawha in thawh te chuan in zo thei nang.,6,"word_chain,spelling,word_search,tawng_upa,crossword",
word.akhawnawtin,a khaw nâwtin,idiom,TQ6,draft,pending,pending,Source: Kumtluang Class VI (SCERT Mizoram),the whole village / everyone in the community,Khaw chhunga mi zawng zawng sawina.,Vawiin chu a khaw nâwtin minister an hmuak a.,6,"word_chain,spelling,word_search,tawng_upa,crossword,sentence_builder",
word.ralkairual,râl kai rual,idiom,TQ6,draft,pending,pending,Source: Kumtluang Class VI (SCERT Mizoram) VERIFY: idiom rooted in older warfare context; confirm nuance with human culture reviewer.,a comrade who fights alongside one; battle companion,Mipa râl donaa tel rual sawina.,"Liana chu ka rual, râl kai rual a ni ve ta.",6,"word_chain,spelling,word_search,tawng_upa,crossword",
word.ekbeng,êk beng,idiom,TQ6,draft,pending,pending,Source: Kumtluang Class VI (SCERT Mizoram),"to crowd around thickly, like ants",Mi tam takin hmun khat lamah inbeng dan sawina.,Sikul naupang zawng zawng pawl rukah zirtirtuten an êk beng vak mai.,6,"word_chain,spelling,word_search,tawng_upa,crossword",
word.thingchangvar,thingchang var,idiom,TQ6,draft,pending,pending,Source: Kumtluang Class VI (SCERT Mizoram) VERIFY: idiom translated by sense; confirm nuance with fluent speaker.,"""the pre-dawn light"" — cramming or preparing at the very last moment",Khawvar hmaa khaw lo ên lawk hun sawina.,Exam lai chuan thingchang vara thawh thin a ṭha lo.,6,"word_chain,spelling,word_search,tawng_upa,crossword",
word.charsutphawi,char sût phawi,idiom,TQ6,draft,pending,pending,Source: Kumtluang Class VI (SCERT Mizoram) VERIFY: idiom translated by sense; confirm nuance with fluent speaker.,a younger sibling doted on and spoiled,Unau nula awma a naupang zâwk nupuia neih sawina.,Sangan char sût phawiin nupui a nei.,6,"word_chain,spelling,word_search,tawng_upa,crossword,sentence_builder",
word.beitham,bei tham,idiom,TQ6,draft,pending,pending,Source: Kumtluang Class VI (SCERT Mizoram),exaggerated or unrealistic hope,"Tlêm tê, eng tham mah ni loh beisei sawina.","I thil rawn ken hi a bei tham lutuk, a dang rawn la leh rawh.",6,"word_chain,spelling,word_search,tawng_upa,crossword",
word.hmelchhiatlai,hmel chhiat lai,idiom,TQ6,draft,pending,pending,Source: Kumtluang Class VI (SCERT Mizoram),period of eating together familiarly,Chaw ei lai sawina.,In hmel chhiat lai ka rawn nang thei riau mai.,6,"word_chain,spelling,word_search,tawng_upa,crossword",
word.kumpuilinglet,kumpui linglet,idiom,TQ6,draft,pending,pending,Source: Kumtluang Class VI (SCERT Mizoram),the span of a whole year,Kum khat chhung sawina.,Kumpui lingleta kan lo er ve chu kan nei thei dawn ta.,6,"word_chain,spelling,word_search,tawng_upa,crossword",
word.aserhzingaameiang,a serh zinga a mei ang,idiom,TQ6,draft,pending,pending,Source: Kumtluang Class VI (SCERT Mizoram) VERIFY: idiom translated by sense; confirm nuance with fluent speaker.,"""like fire smouldering under ash"" — a hidden danger that may flare up","Tel ngei ngei tura ngaih, tel lo thei lo, pawimawh sawina.",Sikul naupang tan chuan pen hi a serh zinga a mei ang mai a ni.,6,"word_chain,spelling,word_search,tawng_upa,crossword",
word.paikawng,paikâwng,culture/folklore,TQ6,draft,pending,pending,"Source: Kumtluang Class VI (SCERT Mizoram) VERIFY culture-sensitive craft term, route to human culture reviewer.",bamboo winnowing basket,"Hmeichhiain thil phurh nana an hman ber, tui chawi te, thing phurh te an hmang.",Ka nu pawhin a phurh thin paikâwng chu a chak em em.,6,"word_chain,picture_match,spelling,word_search,tawng_upa,crossword,thumal_kawp",🧺
word.khumbeu,khumbeu,culture/folklore,TQ6,draft,pending,pending,"Source: Kumtluang Class VI (SCERT Mizoram) VERIFY culture-sensitive craft term, route to human culture reviewer.",traditional woven bamboo hat,"Hnâng lukhum, tunlai pawhin an la khum fo.",Kan kawmthlangpa pawhin khumbeu a khum thin.,6,"word_chain,picture_match,spelling,word_search,tawng_upa,crossword,thumal_kawp,sentence_builder",👒
word.thul,thûl,culture/folklore,TQ6,draft,pending,pending,"Source: Kumtluang Class VI (SCERT Mizoram) VERIFY culture-sensitive craft term, route to human culture reviewer.",large wicker rain-hat,Hmanlai chuan thawmhnaw dahna nan an hman ber.,Ruah lai chuan thûl khum chuan a him zawk.,6,"word_chain,picture_match,spelling,word_search,tawng_upa,crossword,thumal_kawp,sentence_builder",
word.sisep,sisêp,culture/folklore,TQ6,draft,pending,pending,"Source: Kumtluang Class VI (SCERT Mizoram) VERIFY culture-sensitive craft term, route to human culture reviewer.",basket used for straining/washing rice,Buh an seng hnua hruih zawla buh zah fai nâna an hman.,Sisêp hmangin buh a fai a han hruih thin.,6,"word_chain,picture_match,spelling,word_search,tawng_upa,crossword,thumal_kawp,sentence_builder",
word.chhihri,chhihri,culture/folklore,TQ6,draft,pending,pending,"Source: Kumtluang Class VI (SCERT Mizoram) VERIFY culture-sensitive craft term, route to human culture reviewer.",small woven basket (also called vaihrik),"Hnâng sin tê têa hlai, âwng siarin an tah, buhkem hrîkna a tha.",Chhihri chu buhkem atan an hman thin.,6,"word_chain,picture_match,spelling,word_search,tawng_upa,crossword,thumal_kawp,sentence_builder",
word.faikhiat,faikhiat,culture/folklore,TQ6,draft,pending,pending,"Source: Kumtluang Class VI (SCERT Mizoram) VERIFY culture-sensitive craft term, route to human culture reviewer.",winnowing tray used to sift rice,"Kho tak tê, hnâng sin ner nawra tah, buhfai suah chhuah nâna hman.",Faikhiat hian buh chi a chhuak hlauh loh nan an hmang thin.,6,"word_chain,picture_match,spelling,word_search,tawng_upa,crossword,thumal_kawp",
word.kho,kho,culture/folklore,TQ6,draft,pending,pending,"Source: Kumtluang Class VI (SCERT Mizoram) VERIFY culture-sensitive craft term, route to human culture reviewer.",small hand-woven basket,"Khote tak tê, hnâng sin ner nawra tah, a mawi deuh.",Kho hi puan bân nân te pawh an hmang ve.,6,"word_chain,picture_match,spelling,word_search,tawng_upa,crossword,thumal_kawp",
word.siksil,siksil,culture/folklore,TQ6,draft,pending,pending,"Source: Kumtluang Class VI (SCERT Mizoram) VERIFY culture-sensitive craft term, route to human culture reviewer.",carrying loop/strap made of cane or vine,Ruah sur changa hnathawh laia lu atanga hnungzâng khuh vek theih khawpa tah.,Siksil hi hnâng an tah nan zung tum bawk vela hlaiin an tah.,6,"word_chain,spelling,word_search,tawng_upa,crossword",
word.aiawt,aiâwt,culture/folklore,TQ6,draft,pending,pending,"Source: Kumtluang Class VI (SCERT Mizoram) VERIFY culture-sensitive craft term, route to human culture reviewer.",woven bamboo trap for catching fish,"Chakai manna chi, hnâng tah puma, patling malpui tia vêl.",Aiâwt chhungah chuan chakai duh zawng an dah a.,6,"word_chain,picture_match,spelling,word_search,tawng_upa,crossword,thumal_kawp,sentence_builder",
word.hruikhau,hruikhau,culture/folklore,TQ6,draft,pending,pending,"Source: Kumtluang Class VI (SCERT Mizoram) VERIFY culture-sensitive craft term, route to human culture reviewer.",cord or rope used to fasten woven items,Hnâng emaw thil emaw herh zawm nana hmang ral.,Hruikhau hi thil herh zawm dan turin an hman thin.,6,"word_chain,spelling,word_search,tawng_upa,crossword",
word.buhtun,buhtun,culture/folklore,TQ6,draft,pending,pending,"Source: Kumtluang Class VI (SCERT Mizoram) VERIFY culture-sensitive craft/domestic term, route to human culture reviewer.",wooden rice-pounding mortar,Buh chi khat chaw aia ei chi ah phel tur mun.,Hmanlai hian buhtun fang phel hian buh an châwm thin.,6,"word_chain,picture_match,spelling,word_search,tawng_upa,crossword,thumal_kawp",
word.zawldawh,zâwldawh,verbs,TQ6,draft,pending,pending,Source: Kumtluang Class VI (SCERT Mizoram),to persuade gently; to calm/soothe with words,"Thu tha, kammuang taka mi rilru phah dan.",Nu leh pain a fate an zâwldawh fo thin.,6,"word_chain,spelling,word_search,tawng_upa,crossword,sentence_builder",
word.duapkai,duap kai,verbs,TQ6,draft,pending,pending,Source: Kumtluang Class VI (SCERT Mizoram),to offend; to violate (a rule/boundary),Dan emaw thu emaw kalh dan.,I thangṭha ang duap kai lo tûr chuan fimkhur rawh.,6,"word_chain,spelling,word_search,tawng_upa,crossword",
word.thangtha,thangtha,abstract/values,TQ6,draft,pending,pending,Source: Kumtluang Class VI (SCERT Mizoram),good reputation; good name,Mi lai a hming leh a nih dan tha zawk.,Zirlai chak tak chuan a thangtha a keng zui thin.,6,"word_chain,spelling,word_search,tawng_upa,crossword",
word.tlawmngai,tlawmngai,adjectives,TQ6,draft,pending,pending,"Source: Kumtluang Class VI (SCERT Mizoram) VERIFY: core Mizo cultural value term, route to human culture reviewer.",self-sacrificing; willing to help others first,"Mahni theih tawk chungin mi dang tanpui zawng zawng, insem duh tak.",Tlawmngai tak chu mi zawng zawngin an hriat thiam thin.,6,"word_chain,spelling,word_search,tawng_upa,crossword",
word.tanpui,tanpui,verbs,TQ6,draft,pending,pending,Source: Kumtluang Class VI (SCERT Mizoram),to help; to assist,Mi harsatna tawktu tana hma lak dan.,In unau chu tanpui zel ang che.,6,"word_chain,spelling,word_search,tawng_upa,crossword,sentence_builder",🤝
word.phurhhlan,phurhhlân,abstract/values,TQ6,draft,pending,pending,Source: Kumtluang Class VI (SCERT Mizoram) VERIFY: figurative/poetic term; confirm precise reading with a fluent speaker.,"a heavy, cherished burden (figurative: heritage/legacy)","Êm phurh chi, pawimawh taka phur tur.",Kan hnam phurhhlân hi kan zawng zawngin kan phur ve tur a ni.,6,"word_chain,spelling,word_search,tawng_upa,crossword",
word.hnampangpar,hnam pangpar,abstract/values,TQ6,draft,pending,pending,Source: Kumtluang Class VI (SCERT Mizoram),"""the flower of the nation"" — a beloved emblem of one's people",Hnam timawitu leh chei mawitu.,Kan hnam pangpar hi kan zawng zawngin kan enkawl tur a ni.,6,"word_chain,spelling,word_search,tawng_upa,crossword",
word.ramriangte,ram riang tê,abstract/values,TQ6,draft,pending,pending,Source: Kumtluang Class VI (SCERT Mizoram),a small and humble homeland,"Ram rethei leh khawngaihthlak, mahse duhawm.",Kan ram riang tê hi kan hmangaih em em a.,6,"word_chain,spelling,word_search,tawng_upa,crossword",
word.tladah,tladah,abstract/values,TQ6,draft,pending,pending,Source: Kumtluang Class VI (SCERT Mizoram),trifling; something considered unworthy of notice,"Mi tam takin an ngaih pawimawh lo, thil tlem tak.",Mi tladah tan chuan ngaihmawh tham loh a ni thei.,6,"word_chain,spelling,word_search,tawng_upa,crossword",
word.ngaihsam,ngaihsam,abstract/values,TQ6,draft,pending,pending,Source: Kumtluang Class VI (SCERT Mizoram),indifference; disregard,Thil emaw mi emaw chunga rilru rêl lo dan.,Ngaihsamten bara an khawn loh pawh mi thil chik mite tan an enghelh thei.,6,"word_chain,spelling,word_search,tawng_upa,crossword",
word.mitlaw,mitlâw,people,TQ6,draft,pending,pending,Source: Kumtluang Class VI (SCERT Mizoram),a visionary or far-sighted person,"Thil hmasa taka ngaihtuah thiam, thil tangkai hriat thiam mi.",Mi tlâwten a rûla raw neih mai mai pawh hi enghelh tham a tling thei.,6,"word_chain,spelling,word_search,tawng_upa,crossword",
word.enghelh,enghelh,verbs,TQ6,draft,pending,pending,Source: Kumtluang Class VI (SCERT Mizoram),to examine closely; to observe carefully,Thil chik takin en leh ngaihtuah dan.,Ngawi ril taka thingtuail ngil tha tak enghelh chuan thil zâwk fo.,6,"word_chain,spelling,word_search,tawng_upa,crossword",
word.muanglei,muanglei,nature,TQ6,draft,pending,pending,Source: Kumtluang Class VI (SCERT Mizoram),"a tranquil, restful land","Ram harhvang leh buaina awm lo, muan taka nun theih.",Kan khua hi muanglei tak a ni.,6,"word_chain,spelling,word_search,tawng_upa,crossword,sentence_builder",
word.mausam,mausâm,nature,TQ6,draft,pending,pending,Source: Kumtluang Class VI (SCERT Mizoram),dry season; drought,"Ruah tla lo tam hun, lei a chak hun.",Mausâm hun chuan tui a harsa fo.,6,"word_chain,picture_match,spelling,word_search,tawng_upa,crossword,thumal_kawp,sentence_builder",☀️
word.chirhtheh,chirhtheh,verbs,TQ6,draft,pending,pending,Source: Kumtluang Class VI (SCERT Mizoram),to scatter or sow (seeds),Thei emaw buh emaw lei chungah dar dan.,Lo neitute'n hlim takin thlai an chirhtheh thin.,6,"word_chain,spelling,word_search,tawng_upa,crossword,sentence_builder",
word.dengkhawng,dengkhâwng,nature,TQ6,draft,pending,pending,Source: Kumtluang Class VI (SCERT Mizoram),echo; resonating sound,Aw emaw thawnthu emaw hnu leh hnu a chhawn zel dan.,Tlang chhipah dengkhâwng a rawn chhâk fo.,6,"word_chain,spelling,word_search,tawng_upa,crossword,sentence_builder",
word.tuikeplung,tuikeplung,nature,TQ6,draft,pending,pending,Source: Kumtluang Class VI (SCERT Mizoram),the source/spring of a stream,Lui emaw tuipui emaw a lo lo chhuahna.,Kan khaw tui chu tlang chhip tuikeplung atanga lo kal a ni.,6,"word_chain,picture_match,spelling,word_search,tawng_upa,crossword,thumal_kawp",
word.tuitang,tuitang,nature,TQ6,draft,pending,pending,Source: Kumtluang Class VI (SCERT Mizoram),irrigation channel; water course,"Tui kal theihna vawi, sikul emaw lo emaw huan neih theihna.",Tuitang siam chuan lo an sawn theih nasa zawk.,6,"word_chain,spelling,word_search,tawng_upa,crossword,sentence_builder",
word.inchhir,inchhir,abstract/values,TQ6,draft,pending,pending,Source: Kumtluang Class VI (SCERT Mizoram),annoyance; exasperation,Mi emaw thil emaw avanga rilru har lohna hriat.,"Ka inchhir khawp mai, a hrehawm avangin.",6,"word_chain,spelling,word_search,tawng_upa,crossword,sentence_builder",
word.hmuhsit,hmuhsit,verbs,TQ6,draft,pending,pending,Source: Kumtluang Class VI (SCERT Mizoram),to look down on; to despise,Mi emaw tha lo tiha ngaih fim lo dan.,Mi retheite hmuhsit chu a ṭha lo.,6,"word_chain,spelling,word_search,tawng_upa,crossword,sentence_builder",
word.entawntlak,entawn tlak,abstract/values,TQ6,draft,pending,pending,Source: Kumtluang Class VI (SCERT Mizoram),worthy of being taken as an example,Zirin lak tur ang mi emaw thil emaw.,Zirtirtute chuan entawn tlak naupang an duh ṭheuh a ni.,6,"word_chain,spelling,word_search,tawng_upa,crossword",
word.fakawm,fakawm,adjectives,TQ6,draft,pending,pending,Source: Kumtluang Class VI (SCERT Mizoram),dependable; trustworthy,"Rin theih tak, thawh tur a chhut lo mi.",Fakawm tak naupang chu mi zawng zawngin an duh a.,6,"word_chain,spelling,word_search,tawng_upa,crossword",
word.zahawm,zahawm,abstract/values,TQ6,draft,pending,pending,Source: Kumtluang Class VI (SCERT Mizoram),dignified; commanding respect,A nih dan leh a thawh dan avangin mi ngaihsan tur.,A pa zahawm tak chungah naupang chuan an inko a.,6,"word_chain,spelling,word_search,tawng_upa,crossword",
word.ngaihdam,ngaihdam,verbs,TQ6,draft,pending,pending,Source: Kumtluang Class VI (SCERT Mizoram),to forgive,Mi sual thawk chungah lungawi lo tur bo dan.,Ngaihdam dil hian rilru a nghah zawk thin.,6,"word_chain,spelling,word_search,tawng_upa,crossword,sentence_builder",
word.thutthlengah,thutthlengah,abstract/values,TQ6,draft,pending,pending,Source: Kumtluang Class VI (SCERT Mizoram),in reality; actually,A nih tak takah.,Thutthlengah chuan a dik ber a ngai.,6,"word_chain,spelling,word_search,tawng_upa,crossword,sentence_builder",
word.mahse,mahse,grammar-term,TQ6,draft,pending,pending,Source: Kumtluang Class VI (SCERT Mizoram),but; however,"Thu inphel dawnna a hmang, thil pakhat lo lang tirtu emaw awm em em pawh.",A zirna a rem tak; mahse a chak zawk a ngai reng.,6,"word_chain,spelling,word_search,tawng_upa,crossword",
word.avangin,avangin,grammar-term,TQ6,draft,pending,pending,Source: Kumtluang Class VI (SCERT Mizoram),because of; due to,Chhan sawi tura hman thu.,Ruah nasa avangin sikul an chawl ta a.,6,"word_chain,spelling,word_search,tawng_upa,crossword,sentence_builder",
word.chuvangin,chuvangin,grammar-term,TQ6,draft,pending,pending,Source: Kumtluang Class VI (SCERT Mizoram),therefore; because of that,"A hnu lama thil chhawk tirtu, chhan tarlan atanga thu chhawn.",A zir taima; chuvangin a hlawhtling a ni.,6,"word_chain,spelling,word_search,tawng_upa,crossword,sentence_builder",
word.erawhchu,erawh chu,grammar-term,TQ6,draft,pending,pending,Source: Kumtluang Class VI (SCERT Mizoram),however; on the other hand,Thu bulah kal danglam tirtu.,Kei erawh chu ka duh lo.,6,"word_chain,spelling,word_search,tawng_upa,crossword,sentence_builder",
word.nimahsela,nimahsela,grammar-term,TQ6,draft,pending,pending,Source: Kumtluang Class VI (SCERT Mizoram),nevertheless; even so,Thu emaw thil emaw awm chungin a chang danglam lohna sawina.,A harsa hle; nimahsela a tumna a zawm reng.,6,"word_chain,spelling,word_search,tawng_upa,crossword,sentence_builder",
word.amaherawhchu,amaherawhchu,grammar-term,TQ6,draft,pending,pending,Source: Kumtluang Class VI (SCERT Mizoram),and yet; nonetheless,Hmasa lam thu leh a tawp lam thu inphel dan.,A lo tlai; amaherawhchu ngaihdam a ni e.,6,"word_chain,spelling,word_search,tawng_upa,crossword,sentence_builder",
word.khuavang,khuavang,culture/folklore,TQ6,draft,pending,pending,"Source: Kumtluang Class VI (SCERT Mizoram) VERIFY: supernatural/folk-belief concept, route to human culture reviewer.",a nature spirit/fairy of Mizo folklore,"Ram huna lo lang mi, khawvel dang miah mihring hmuh loh theih.",Hmanlai thawnthu ah khuavang chungchang tam takin an sawi ṭheuh.,6,"word_chain,spelling,word_search,tawng_upa,crossword",
word.lamthuam,lamthuam,culture/folklore,TQ6,draft,pending,pending,"Source: Kumtluang Class VI (SCERT Mizoram) VERIFY: linked to folk-belief context, route to human culture reviewer.",a crossroads (often linked with folk beliefs),"Kawng inpumkhawmna, lam pahnih emaw pathum emaw inhmuhna.",Hmanlai thawnthu ah lamthuam hi hmun ngaihzawng tak a ni.,6,"word_chain,picture_match,spelling,word_search,tawng_upa,crossword,thumal_kawp",
word.phaipheng,phaipheng,culture/folklore,TQ6,draft,pending,pending,"Source: Kumtluang Class VI (SCERT Mizoram) VERIFY culture-sensitive: linked to traditional memorial practice, route to human culture reviewer.",a stone monument/memorial slab set up in honor of the dead,"Mitthi chhun turin lung phur luang tea siam, hming chhuahna atan.",Hmanlai Mizote chuan mi ropui thi hnuah phaipheng an din thin.,6,"word_chain,picture_match,spelling,word_search,tawng_upa,crossword,thumal_kawp",
word.infiamna,infiamna,abstract/values,TQ6,draft,pending,pending,Source: Kumtluang Class VI (SCERT Mizoram),amusement; entertainment,Hlim leh nuam taka hun hman dan.,Sikul banah infiamna chi hrang hrang an hman thin.,6,"word_chain,spelling,word_search,tawng_upa,crossword,sentence_builder",
word.thurawn,thurawn,abstract/values,TQ6,draft,pending,pending,Source: Kumtluang Class VI (SCERT Mizoram),advice; counsel,Mi dik lam kal turin thu pe dan.,Nu leh pa thurawn hi zirlaiten kan zawm tur a ni.,6,"word_chain,spelling,word_search,tawng_upa,crossword",
word.insual,insual,verbs,TQ6,draft,pending,pending,Source: Kumtluang Class VI (SCERT Mizoram),to quarrel; to fight (verbally),Mi pakhat leh pakhat rilru inrem loh avanga inhau dan.,Thianho insual chuan tanpui reng a ngai.,6,"word_chain,spelling,word_search,tawng_upa,crossword,sentence_builder",
word.fimkhur,fimkhur,adjectives,TQ6,draft,pending,pending,Source: Kumtluang Class VI (SCERT Mizoram),careful; cautious,"Thil tih hmaah ngaihtuah fel, dik taka thawh dan.",Kawng kân dawnin fimkhur takin en hmasa ang che.,6,"word_chain,spelling,word_search,tawng_upa,crossword,sentence_builder",
word.sut,sut,verbs,TQ6,draft,pending,pending,Source: Kumtluang Class VI (SCERT Mizoram),to steal,Mi thil mahni ta lo lakin lo hawn dan.,Sut hi Mizoten an ngaih pawimawh lohzia sawi a ni.,6,"word_chain,spelling,word_search,tawng_upa,crossword",
word.herhsawp,herhsawp,abstract/values,TQ6,draft,pending,pending,Source: Kumtluang Class VI (SCERT Mizoram),rule; regulation,Khawtlang emaw sikul emaw awm dan tur thu ziah.,Sikul herhsawp chu naupang zawng zawngin kan zawm tur a ni.,6,"word_chain,spelling,word_search,tawng_upa,crossword",
word.inthlahrunawm,inthlahrunawm,adjectives,TQ6,draft,pending,pending,Source: Kumtluang Class VI (SCERT Mizoram),trustworthy; reliable,"Rin theih tak, a thu ziah a zawm reng mi.",Inthlahrunawm mi chu thiante tan a pawimawh hle.,6,"word_chain,spelling,word_search,tawng_upa,crossword,sentence_builder",
word.kawtzawl,kawt zawl,abstract/values,TQ6,draft,pending,pending,Source: Kumtluang Class VI (SCERT Mizoram),free/leisure time,"Hna thawk loh hun, insem tur hun.",Kawt zawl neih hun ah kan thiante chu kan inzawh fo.,6,"word_chain,spelling,word_search,tawng_upa,crossword",
word.tluan,tluan,verbs,TQ6,draft,pending,pending,Source: Kumtluang Class VI (SCERT Mizoram),to avoid; to steer clear of,Thil harsatna emaw sual emaw hmachhawn lovin kalh dan.,Kawng dik lo tluan chu him taka kal dan a ni.,6,"word_chain,spelling,word_search,tawng_upa,crossword",
word.bawlhhlawh,bawlhhlawh,objects,TQ6,draft,pending,pending,Source: Kumtluang Class VI (SCERT Mizoram),garbage; litter,Hman zo tawh emaw hman theih tawh loh emaw thil paih chhuah.,Kawng laiah bawlhhlawh paih hi him lo tak a ni.,6,"word_chain,picture_match,spelling,word_search,tawng_upa,crossword,thumal_kawp",🗑️
word.tuihawkluankawr,tuihawkluankawr,objects,TQ6,draft,pending,pending,Source: Kumtluang Class VI (SCERT Mizoram),drainage/sewage channel,Tui chhiar leh tui bo kal theihna vawi.,Tuihawkluankawr tha lo avangin tui a fai ngai lo.,6,"word_chain,picture_match,spelling,word_search,tawng_upa,crossword,thumal_kawp,sentence_builder",
word.kaihhruaina,kaihhruaina,abstract/values,TQ6,draft,pending,pending,Source: Kumtluang Class VI (SCERT Mizoram),guidance; leadership,"Mi dang kal tur lam pêk dan, hma laktu.",Zirtirtu kaihhruaina avangin naupangte an fel zui zui.,6,"word_chain,spelling,word_search,tawng_upa,crossword,sentence_builder",
word.him,him,adjectives,TQ6,draft,pending,pending,Source: Kumtluang Class VI (SCERT Mizoram),safe,Chhiatna thleng theihna awm lo dan.,Kawng kân dawnin him taka en hmasa a ngai.,6,"word_chain,spelling,word_search,tawng_upa,crossword,sentence_builder",
word.lenkawl,lenkâwl,verbs,TQ6,draft,pending,pending,Source: Kumtluang Class VI (SCERT Mizoram),to wander; to stroll leisurely,"Hmun emaw hmun emaw kal chhawn, chakna tel lo dan.",Tlai lam ah naupangte chu an lenkâwl fo thin.,6,"word_chain,spelling,word_search,tawng_upa,crossword,sentence_builder",
word.zamualliam,zamual liam,abstract/values,TQ6,draft,pending,pending,Source: Kumtluang Class VI (SCERT Mizoram),to surpass; to grow beyond expectation,A tam zawk emaw a tha zawk emaw a chang dan.,A theihna chu a thiante zamual liam hle a ni.,6,"word_chain,spelling,word_search,tawng_upa,crossword",
word.pasawntlung,pasawntlung,nature,TQ6,draft,pending,pending,"Source: Kumtluang Class VI (SCERT Mizoram) VERIFY: local nature-lore term, confirm with human culture reviewer.",a type of tree whose falling leaves mark a wind pattern (named wind),"Thing chi khat, a lo tleh laia thli hming an sa.",Pasawntlung to laia tleh thin thli chu pasawntlung thli kan ti a.,6,"word_chain,spelling,word_search,tawng_upa,crossword",
word.tlangchhip,tlang chhip,nature,TQ6,draft,pending,pending,Source: Kumtluang Class VI (SCERT Mizoram),mountain mist/fog,"Tlang chunga awm mizual, tui hnâm chi.",Zingkar chuan tlang chhip a lo tuk fo thin.,6,"word_chain,picture_match,spelling,word_search,tawng_upa,crossword,thumal_kawp,sentence_builder",🌫️
word.dingkhawchhuak,ding khawchhuak,verbs,TQ6,draft,pending,pending,Source: Kumtluang Class VI (SCERT Mizoram),to stand resolute; to remain steadfast,Chhiatna hmachhawn pawhin dik taka ding zel dan.,Harsatna zawng zawng chhunga hian ding khawchhuak zel a ngai.,6,"word_chain,spelling,word_search,tawng_upa,crossword",
word.lainatawm,lainatawm,abstract/values,TQ6,draft,pending,pending,Source: Kumtluang Class VI (SCERT Mizoram),pitiable; deserving compassion,"Mi ngaihzawng tur, khawngaih tak.","Naupang fel leh entawn tlak, thawh hreih nei lo chu lainatawm a ni.",6,"word_chain,spelling,word_search,tawng_upa,crossword",
word.taima,taima,adjectives,TQ6,draft,pending,pending,Source: Kumtluang Class VI (SCERT Mizoram),diligent; hardworking,Hna thawh emaw zirna emaw a hlau lo va thawk zel dan.,Taima taka lehkha zir chuan zirna hlawhtling a nei ngai.,6,"word_chain,spelling,word_search,tawng_upa,crossword",
word.ekhai,e khai,grammar-term,TQ6,draft,pending,pending,Source: Kumtluang Class VI (SCERT Mizoram),"an exclamation expressing surprise (""oh!"", ""wow!"")",Mangang lai emaw thil ngaih loh mai thleng laia au chhuah thu.,E khai! A hmêl a va ṭha ve.,6,"word_chain,spelling,word_search,tawng_upa,crossword,sentence_builder",
word.khelmual,khelmual,objects,TQ6,draft,pending,pending,Source: Kumtluang Class VI (SCERT Mizoram),playground; open field for games,Naupangten an insual leh an kilkhawm nan hmun.,Khelmual ah naupangte chu football an khel thin.,6,"word_chain,picture_match,spelling,word_search,tawng_upa,crossword,thumal_kawp,sentence_builder",⚽
word.chetsual,chetsual,abstract/values,TQ6,draft,pending,pending,Source: Kumtluang Class VI (SCERT Mizoram),accident; mishap,Ngaihtuah loh mai thil chhiatna thleng dan.,Kawng lamah chetsual a awm hlauh avangin fimkhur a ngai.,6,"word_chain,picture_match,spelling,word_search,tawng_upa,crossword,thumal_kawp",🚧
word.artukkhuan,Artukkhuan,nature,K6,draft,pending,pending,Source: Kumtluang Class VI (SCERT Mizoram). VERIFY: exact botanical identity uncertain; identified only from the lesson's illustrated description (pale/pink night-blooming flower).,a fragrant flowering plant (species uncertain),"Rim ṭha tak nei par chi pakhat, khawvar chuan a par a inphel thin.","Kan huan ah Artukkhuan par a par a, a rim chu kan hnai vek thin.",6,"picture_match,spelling,word_search,tawng_upa,crossword,thumal_kawp",
word.lambak,Lambak,food,K6,draft,pending,pending,Source: Kumtluang Class VI (SCERT Mizoram).,cabbage,"Hnahte a tam vek a, a hnim chu chilna emaw chaw siamna emawa hman thin thlai chi.",Ka nu chuan lambak chilin buh nen min ei tir thin.,6,"picture_match,spelling,word_search,tawng_upa,crossword,thumal_kawp",🥬
word.phuihnam-2,Phuihnam,food,K6,draft,pending,pending,Source: Kumtluang Class VI (SCERT Mizoram).,coriander (cilantro),A hnim chak tak avangin chaw siamah hman thin hnahthlak.,Sa tui chuan phuihnam an lo dah ve thin.,6,"picture_match,spelling,word_search,tawng_upa,crossword,thumal_kawp,sentence_builder",🌿
word.antam-2,Antam,food,K6,draft,pending,pending,"Source: Kumtluang Class VI (SCERT Mizoram). VERIFY: uncertain of the exact species this leafy vegetable refers to. VERIFY spelling-variant: also found as class3:word.antam='anṭam'(K3), class6:word.antam='Antam'(K6), vartian:word.antam='Anṭam'(TQ0) — confirm distinct words or same word/typo.",a leafy green vegetable (mustard-type greens),"A hnah hring rêng ei theih, chilin emaw baiin emaw ei thin thlai.",Antam hi bai leh chil apiangin a tui thin.,6,"picture_match,spelling,word_search,tawng_upa,crossword,thumal_kawp,sentence_builder",
word.anthur,Anthûr,nature,K6,draft,pending,pending,Source: Kumtluang Class VI (SCERT Mizoram). VERIFY: uncertain exact flower species; identified only from the lesson's illustration.,a red flowering shrub,"A par a sen êm êm a, kum tinin a par thin par chi.",In hmun ah Anthûr par sen mawi tak a par.,6,"picture_match,spelling,word_search,tawng_upa,crossword,thumal_kawp",🌺
word.chingit,Chingit,food,K6,draft,pending,pending,"Source: Kumtluang Class VI (SCERT Mizoram). VERIFY: reasonably confident this is a sponge-gourd/loofah-type vine, but exact species not fully confirmed.",a climbing gourd vine (sponge-gourd type),"A hlingah a chhuak thin, ei theih rah nei bâl thlai.","Kan huan bâlah chuan chingit kan phun a, a rah kan ei ve thin.",6,"picture_match,spelling,word_search,tawng_upa,crossword,thumal_kawp",
word.behlawi-2,Behlawi,food,K6,draft,pending,pending,Source: Kumtluang Class VI (SCERT Mizoram). VERIFY: uncertain exact identity of this plant beyond the lesson's illustrated description.,a broad heart-shaped-leaf plant used in cooking,"A hnah lung ang a inzir a, chaw siamna leh chawhmeh atan hman thin thlai.",Behlawi hnah hi sa chilhah an dah ve thin.,6,"picture_match,spelling,word_search,tawng_upa,crossword,thumal_kawp,sentence_builder",
word.serthlu,Serthlu,food,K6,draft,pending,pending,Source: Kumtluang Class VI (SCERT Mizoram).,orange (citrus fruit),"A rah sên a, a rem tui em êm a, vitamin C nei tam rah thei.",Zung hnuah serthlu ei chu a tha thin.,6,"picture_match,spelling,word_search,tawng_upa,crossword,thumal_kawp,sentence_builder",🍊
word.balhla-2,Balhla,food,K6,draft,pending,pending,Source: Kumtluang Class VI (SCERT Mizoram).,banana,"A vun hring a, a chak deuh, mihring tinin ei duh ngat rah thei.",Zing lakah balhla ei hi hriselna atan a ṭha.,6,"picture_match,spelling,word_search,tawng_upa,crossword,thumal_kawp,sentence_builder",🍌
word.sunhlu,Sunhlu,food,K6,draft,pending,pending,"Source: Kumtluang Class VI (SCERT Mizoram). VERIFY: reasonably confident this is Indian gooseberry/amla, but exact species not fully confirmed.",Indian gooseberry (amla),"A rah tê tak a, ei chuan a rêp em avang hnuah a tui, vitamin C hlang tam rah thei.",Sunhlu ei hian ka ha a fut thin.,6,"picture_match,spelling,word_search,tawng_upa,crossword,thumal_kawp,sentence_builder",
word.thingfanghmai,Thingfanghmai,food,K6,draft,pending,pending,"Source: Kumtluang Class VI (SCERT Mizoram). VERIFY: reasonably confident this is papaya, based on the lesson's illustration and description.",papaya,"A hring chuan a rong sên buk a, a nal chuan a tui hle rah thei.",Thingfanghmai nal hi ei tur chuan a chhuih hma ngei tur a ni.,6,"picture_match,spelling,word_search,tawng_upa,crossword,thumal_kawp",
word.kawlthei,Kawlthei,food,K6,draft,pending,pending,Source: Kumtluang Class VI (SCERT Mizoram).,pear,"A pum chak deuh a, a nal chuan a tui, tuikhal tam rah thei.",Kawlthei nal ei chu a tui hle.,6,"picture_match,spelling,word_search,tawng_upa,crossword,thumal_kawp,sentence_builder",🍐
word.anhling,Anhling,food,K6,draft,pending,pending,Source: Kumtluang Class VI (SCERT Mizoram). VERIFY: uncertain exact species; identified only from the lesson's illustrated description of a clustered purple fruit.,a small purple fruit growing in clusters (mangosteen-type),"A rah sên dum a, ṭhah pahnihin an chuang thin rah chi.","Anhling nal hi a rah dum vek a, a tui hle.",6,"picture_match,spelling,word_search,tawng_upa,crossword,thumal_kawp",
word.ralram,Râl ram,community,K6,draft,pending,pending,Source: Kumtluang Class VI (SCERT Mizoram).,"enemy territory, hostile foreign land",Ral emaw hriatsa lo mite awmna ram.,Râl ram lamah kal chu a him lo.,6,"word_chain,spelling,word_search,tawng_upa,crossword,sentence_builder",
word.thinghar,Thing hâr,idiom,K6,draft,pending,pending,Source: Kumtluang Class VI (SCERT Mizoram). VERIFY: idiomatic nuance inferred from the lesson's narrative context; no explicit dictionary definition was given.,"a tough, resilient, strong-willed person (idiom, lit. ""hard wood"")","Harsatna hmaah pawh tap lo mi, rinhlelh tak leh chak tak mi sawina.",Anih chu thing hâr ang a nih avangin buaina eng emawah pawh a tlan ngai lo.,6,"word_chain,spelling,word_search,tawng_upa,crossword",
word.thuphachawi,Thupha chawi,idiom,K6,draft,pending,pending,Source: Kumtluang Class VI (SCERT Mizoram).,"fortunate, blessed (idiom, lit. ""carrying a blessing"")",Hlawhtling zâwk leh malsawmna hmu zâwk mi sawina.,Anih chu thupha chawi a nih avangin a thil tum apiang a hlawhtling thin.,6,"word_chain,spelling,word_search,tawng_upa,crossword",
word.losul,Losûl,traditional_culture,K6,draft,pending,pending,Source: Kumtluang Class VI (SCERT Mizoram). VERIFY culture-sensitive: refers to traditional jhum (shifting) cultivation practice; route to human culture reviewer if needed. VERIFY: precise term for this stage of shifting/jhum cultivation inferred from narrative context.,a newly cleared field prepared for planting (jhum-farming term),Buh emaw ba emaw phun tur atan sak thar tak lo.,Kan pa chu losûl atangin a lo haw tawh.,6,"word_chain,spelling,word_search,tawng_upa,crossword,sentence_builder",
word.pawhraw,Pawhraw,idiom,K6,draft,pending,pending,Source: Kumtluang Class VI (SCERT Mizoram). VERIFY: meaning inferred from context (listed among undesirable youthful behaviors); precise dictionary definition not confirmed.,"rowdy or mischievous behavior, especially among young men",Tlangvalte chungah lo hmuh theih inbuainan emaw suahsualnain emaw.,Tlangvalho pawhraw avangin khaw mipuiin an duh lo.,6,"word_chain,spelling,word_search,tawng_upa,crossword,sentence_builder",
word.hlet,Hlet,verbs,K6,draft,pending,pending,Source: Kumtluang Class VI (SCERT Mizoram). VERIFY: word-box vocabulary item without an explicit dictionary definition given in the book; gloss inferred from context.,to be an equal match or worthy rival,Mi dang nen inbântlang theih a chak leh a thiam dan lam ah.,Football-ah kan team hi kan hmelmate hlet tak a ni.,6,"word_chain,spelling,word_search,tawng_upa,crossword",
word.inkulh,Inkulh,community,K6,draft,pending,pending,Source: Kumtluang Class VI (SCERT Mizoram).,"mutual conflict, feud, or armed clash between groups",Pawl pahnih emaw hnam pahnih inkara indoh nasa tak.,Hmanlai khan khaw pahnih inkarah inkulh a lo awm thin.,6,"word_chain,spelling,word_search,tawng_upa,crossword",
word.kamtha,Kam tha,values,K6,draft,pending,pending,Source: Kumtluang Class VI (SCERT Mizoram).,"good conduct, good behavior","Nunphung leh chetna ṭha, mi zahawmna hmuh theih.",Naupang chu kam tha avangin sikulah an hria bik.,6,"word_chain,spelling,word_search,tawng_upa,crossword,sentence_builder",
word.chungtlak,Chungtlak,adjectives,K6,draft,pending,pending,Source: Kumtluang Class VI (SCERT Mizoram).,"worthy, deserving, qualified",Hna emaw thuneihna emaw dawng tura inhman theih tak mi emaw thil.,Anih hi hruaitu nih chungtlak tak a ni.,6,"word_chain,spelling,word_search,tawng_upa,crossword,sentence_builder",
word.lenrual,Lenrual,community,K6,draft,pending,pending,Source: Kumtluang Class VI (SCERT Mizoram).,a companion who travels or spends time with one,Kawng kalpuiin emaw thil tihpuiin emaw awmpui zêl mi.,Ka lenrual an nih avangin ka hlau tawh lo.,6,"word_chain,spelling,word_search,tawng_upa,crossword,sentence_builder",
word.riang,Riang,adjectives,K6,draft,pending,pending,Source: Kumtluang Class VI (SCERT Mizoram).,"poor, destitute, bare","Sum leh pai emaw thil nei tlem tak, retheihna avanga awm bawrhbawr dan.",Riang mite kan ṭanpui tur a ni.,6,"word_chain,spelling,word_search,tawng_upa,crossword,sentence_builder",
word.chul,Chul,verbs,K6,draft,pending,pending,Source: Kumtluang Class VI (SCERT Mizoram).,"to wither, fade","Par emaw hnah emaw a mawina bo ta a, a chhe leh dan.",Par mawi tak te pawh hun chhung chuan an chul zêl thin.,6,"word_chain,spelling,word_search,tawng_upa,crossword",
word.vul-2,Vul,verbs,K6,draft,pending,pending,Source: Kumtluang Class VI (SCERT Mizoram).,"to sprout, bloom, germinate",Par emaw thal emaw a chhuah hmasa berah lo pian dan.,Ruah a sur hnuah thlai te an vul chhuak ta.,6,"picture_match,spelling,word_search,tawng_upa,crossword,thumal_kawp",🌱
word.mualliam,Mual liam,idiom,K6,draft,pending,pending,Source: Kumtluang Class VI (SCERT Mizoram). VERIFY: exact idiomatic nuance uncertain; drawn from a single line of poetry without a direct dictionary gloss.,to journey or spread across hills and land (poetic phrase),Tlang leh mual chhung zawng zawng a zâwn/kal dan sawina.,Kan hla thu-ah kan tuikhawhthlak ram chu mual liam tuma an ti thin.,6,"word_chain,spelling,word_search,tawng_upa,crossword",
word.aihnahphahpui,Ai hnah phahpui,idiom,K6,draft,pending,pending,Source: Kumtluang Class VI (SCERT Mizoram).,a close companion who has helped/supported one since childhood,"Naupan atanga inṭanpui zêl, inhnaih tak mi.","Kan ṭhian hi ka ai hnah phahpui a ni, kan innei ṭha hle.",6,"word_chain,spelling,word_search,tawng_upa,crossword",
word.phungzingapiringvawrhang,Phûng zinga piring vawrh ang,idiom,K6,draft,pending,pending,Source: Kumtluang Class VI (SCERT Mizoram).,to be constantly busy or occupied without rest (idiom),Thil tam takah ngirhtawn lovin inchuh zêl dan sawina.,Sikul kaihhruaitu chu hnathawh avangin phûng zinga piring vawrh ang a ni thin.,6,"word_chain,spelling,word_search,tawng_upa,crossword",
word.buaina,Buaina,values,K6,draft,pending,pending,Source: Kumtluang Class VI (SCERT Mizoram).,"trouble, problem, disturbance",Harsatna emaw inrelbawlna har tak awm dan.,Buaina hlauhawm tak an lo awm a.,6,"word_chain,spelling,word_search,tawng_upa,crossword,sentence_builder",
word.balhna,Balhna,values,K6,draft,pending,pending,Source: Kumtluang Class VI (SCERT Mizoram).,"mistake, fault, wrongdoing",Thil dik lo tih emaw suala thawk dan.,Balhna kan neih chuan kan puang phah tlat a ni.,6,"word_chain,spelling,word_search,tawng_upa,crossword",
word.inhnawk,Inhnawk,community,K6,draft,pending,pending,Source: Kumtluang Class VI (SCERT Mizoram).,mutual teasing or playful pranking between children,Naupangte inkara insakawihna emaw indawtna.,Naupangho chu inhnawk avangin an nui vak vak.,6,"word_chain,spelling,word_search,tawng_upa,crossword,sentence_builder",
word.kalhnulh,Kalh nulh,verbs,K6,draft,pending,pending,Source: Kumtluang Class VI (SCERT Mizoram).,to poke or pester one another playfully,"Mi pahnih emaw tam takin an inhriatpui a, in inkalh a in nulh dan.",Unaute chu an kalh nulh avangin an nui riau riau a.,6,"word_chain,spelling,word_search,tawng_upa,crossword",
word.nuihsawh,Nuihsawh,values,K6,draft,pending,pending,Source: Kumtluang Class VI (SCERT Mizoram).,"mockery, ridicule",Mi emaw thil emaw nuihzatin thliar hriat dan.,A nuihsawh loh chungin naupang chu ṭanpui a ngai zâwk.,6,"word_chain,spelling,word_search,tawng_upa,crossword",
word.fuihpawrh,Fuihpawrh,verbs,K6,draft,pending,pending,Source: Kumtluang Class VI (SCERT Mizoram).,"to nag, pester, or incite someone with words",Thu leh hla hmangin mi fak emaw sawi emaw hriat dan.,Amah chu a unaute chuan an fuihpawrh thin.,6,"word_chain,spelling,word_search,tawng_upa,crossword,sentence_builder",
word.farnu,Farnu,community,K6,draft,pending,pending,Source: Kumtluang Class VI (SCERT Mizoram).,"a certain female relative (kinship term, roughly ""sister-in-law"" or female cousin)","Mipa aiin, a unaute zinga hmeichhia hi a farnu an ti.",Ka farnu chu vawiin kan in ah a rawn tlawh.,6,"word_chain,spelling,word_search,tawng_upa,crossword",
word.thawmmawl,Thawmmâwl,traditional_culture,K6,draft,pending,pending,Source: Kumtluang Class VI (SCERT Mizoram). VERIFY culture-sensitive: a traditional waist-pouch that was part of everyday men's dress; route to human culture reviewer if needed.,a small pouch tied at the waist to carry small items,In hnuaia kaldung te leh thil tê tê chelh nan kawrah bân thin ip tê.,"Hmanlai mipain thawmmâwl an bân thin a, chutah chelhte an dah thin.",6,"picture_match,spelling,word_search,tawng_upa,crossword,thumal_kawp",
word.tlangban,Tlangbân,traditional_culture,K6,draft,pending,pending,Source: Kumtluang Class VI (SCERT Mizoram). VERIFY culture-sensitive: a traditional carrying-strap item; route to human culture reviewer if needed.,a cord or strap for slinging a bundle over the shoulder,Puan emaw thil pawh chu phak lama zâr theih nana hrui thlun.,A puanpuih chu tlangbân hmangin a phak.,6,"picture_match,spelling,word_search,tawng_upa,crossword,thumal_kawp,sentence_builder",
word.banglai,Banglai,traditional_culture,K6,draft,pending,pending,Source: Kumtluang Class VI (SCERT Mizoram). VERIFY culture-sensitive: a traditional headgear/attire item; route to human culture reviewer if needed.,a plain-brimmed traditional woven hat,"Khumpui chi pakhat, a piah lam a bâng sang lo va bial mai.",Hmanlai mipain banglai an khum thin.,6,"picture_match,spelling,word_search,tawng_upa,crossword,thumal_kawp,sentence_builder",
word.bangkalhkim,Bang kalh kim,traditional_culture,K6,draft,pending,pending,Source: Kumtluang Class VI (SCERT Mizoram). VERIFY culture-sensitive: describes a traditional bamboo-weaving craft quality; route to human culture reviewer if needed.,"a bamboo hat woven with an even, well-matched pattern",Bang (khumpui) chi khat a chhuan dan a kim tak leh a rem tak lo siam.,"Chu khumpui chu bang kalh kim tak a ni, a chhuan a ṭha em em.",6,"picture_match,spelling,word_search,tawng_upa,crossword,thumal_kawp",
word.zufang,Zufâng,traditional_culture,K6,draft,pending,pending,"Source: Kumtluang Class VI (SCERT Mizoram). VERIFY culture-sensitive: relates to zu (traditional rice beer), a customary drink in older Mizo life; route to human culture reviewer. VERIFY: the glossary's wording for this item was hard to parse precisely; general meaning kept broad.",a container used for serving or storing zu (traditional rice beer),Zu (buh atanga siam dawtharh) dahna leh chawihna hmang bêl emaw thawmhnaw.,Hmanlai khan zufâng chu zu chelhna atan an hmang thin.,6,"picture_match,spelling,word_search,tawng_upa,crossword,thumal_kawp",
word.thlaichhiahna,Thlaichhiahna,traditional_culture,K6,draft,pending,pending,Source: Kumtluang Class VI (SCERT Mizoram). VERIFY culture-sensitive: relates to death/mourning customs (grave-marking); route to human culture reviewer.,a memorial marking or grave-related practice for the deceased,Mitthi chhinchhiahna nana thil siam emaw hman dan.,"Hmanlai Mizoten mitthi an chhinchhiah nan lung an phun thin, chu chu thlaichhiahna a ni.",6,"picture_match,spelling,word_search,tawng_upa,crossword,thumal_kawp",
word.zawlpuan,Zawlpuan,traditional_culture,K6,draft,pending,pending,"Source: Kumtluang Class VI (SCERT Mizoram). VERIFY culture-sensitive: traditional woven textile; the lesson glosses it in a funerary-use context, so route to human culture reviewer. VERIFY: in this lesson's glossary it is specifically described in a funeral/mourning context, though it is broadly known as a ceremonial textile.",a traditional handwoven Mizo shawl/textile,"Mizo puan chi pakhat, hnathiam takin siam a, hun pawimawh atan hman thin.",Kohhran inkhawmpuiah zawlpuan pun mite ka hmu.,6,"picture_match,spelling,word_search,tawng_upa,crossword,thumal_kawp,sentence_builder",
word.sehranlu,Se hrân lu,traditional_culture,K6,draft,pending,pending,Source: Kumtluang Class VI (SCERT Mizoram). VERIFY culture-sensitive: relates to traditional death/memorial rites involving mithun skulls; route to human culture reviewer.,a mithun skull displayed as part of a memorial or grave-marking custom,"Mitthi chhinchhiahna leh lungphun huna sial lu an târ, chu chu a ni.",Hmanlai khan lal thih hunah se hrân lu an târ thin.,6,"picture_match,spelling,word_search,tawng_upa,crossword,thumal_kawp",
word.tungchaw,Tungchaw,traditional_culture,K6,draft,pending,pending,Source: Kumtluang Class VI (SCERT Mizoram). VERIFY culture-sensitive: a traditional attire/craft ornament; route to human culture reviewer if needed.,a decorative pin or peg on a traditional headdress,"Khumpui lu lamah dah, thil dah theih tur ang maiin siam ban.",A khumpui chungah tungchaw ṭha tak a dah.,6,"picture_match,spelling,word_search,tawng_upa,crossword,thumal_kawp,sentence_builder",
word.empai,Êmpâi,traditional_culture,K6,draft,pending,pending,"Source: Kumtluang Class VI (SCERT Mizoram). VERIFY culture-sensitive: a traditional bamboo-woven craft item; route to human culture reviewer if needed. VERIFY: also appears in the source as ""pâiêm""; exact traditional form/use not fully confirmed beyond ""a carrying basket"".",a woven bamboo carrying basket,"Thlangpui hmangin siam, thil phurh emaw kâwl nan hman theih ip.",Lam kal chuan êmpâi hmangin thlai a phurh.,6,"picture_match,spelling,word_search,tawng_upa,crossword,thumal_kawp,sentence_builder",
word.thlangra,Thlangrâ,traditional_culture,K6,draft,pending,pending,Source: Kumtluang Class VI (SCERT Mizoram). VERIFY culture-sensitive: a traditional bamboo-weaving craft item; route to human culture reviewer if needed.,a flat woven bamboo winnowing tray,"Buh thlak nan hman, thlangpui hmangin siam ip bial.",Thlangrâ hmangin buh a chi leh a hnah a then thin.,6,"picture_match,spelling,word_search,tawng_upa,crossword,thumal_kawp",
word.arbawm-2,Arbâwm,traditional_culture,K6,draft,pending,pending,Source: Kumtluang Class VI (SCERT Mizoram). VERIFY culture-sensitive: a traditional bamboo-craft item; route to human culture reviewer if needed. VERIFY possible duplicate: diacritic-variant of existing word 'arbawm' already in corpus — confirm same word or distinct before import.,"a woven bamboo cage or coop (e.g., for chickens)","Thlangpui hmangin siam, ar emaw ran te khum nan hman ip.",Ar chu arbâwm chhungah an khum.,6,"picture_match,spelling,word_search,tawng_upa,crossword,thumal_kawp,sentence_builder",
word.paiper,Paipêr,traditional_culture,K6,draft,pending,pending,Source: Kumtluang Class VI (SCERT Mizoram). VERIFY culture-sensitive: a traditional bamboo-craft storage item; route to human culture reviewer if needed.,a large woven basket used to store seed rice,"Buh chi tuh atan dah, thlangpui hmangin siam ip lian.",Buh chi chu paipêr chhungah an dah khum.,6,"picture_match,spelling,word_search,tawng_upa,crossword,thumal_kawp,sentence_builder",
word.vaihrik,Vaihrik,traditional_culture,K6,draft,pending,pending,"Source: Kumtluang Class VI (SCERT Mizoram). VERIFY culture-sensitive: a traditional bamboo-craft tool; route to human culture reviewer if needed. VERIFY: given in the book as an alternate/regional name for the sifting tool ""chhihri""; usage confirmed only from that one gloss.",a bamboo sifting tool (alternate name for chhihri),Chhihri tih ang bawkin buhkem thenna atan hman ip.,Buh a kem chuan vaihrik hmangin a thenpui thin.,6,"picture_match,spelling,word_search,tawng_upa,crossword,thumal_kawp,sentence_builder",
word.lamthluk,Lamthlûk,traditional_culture,K6,draft,pending,pending,Source: Kumtluang Class VI (SCERT Mizoram). VERIFY culture-sensitive: a traditional household craft item; route to human culture reviewer if needed.,a hanging bamboo rack placed near the fireplace for storage,"Meichhâwl lam chhung dawnah thil dah tur siam, thlangpui hmangin siam.",A thawmhnaw chu lamthlûk chungah a dah zung zung thin.,6,"picture_match,spelling,word_search,tawng_upa,crossword,thumal_kawp",
word.hniak,Hniak,body,K6,draft,pending,pending,Source: Kumtluang Class VI (SCERT Mizoram).,the sole or heel of the foot,"Mihring ke thla, lei kan chantir bul lam.",Kawng rei tak a kal avangin a hniak a na hle.,6,"word_chain,spelling,word_search,tawng_upa,crossword",
word.thidang,Thidang,adjectives,K6,draft,pending,pending,Source: Kumtluang Class VI (SCERT Mizoram).,"a state of shock, daze, or stupor from fear or a sudden mishap",Hlauhna emaw thil mak thleng avanga eng mah hriat theih lo dan.,"Accident a hmuh avangin a thidang vek a, a ṭawngkam a chhuah thei ta lo.",6,"word_chain,spelling,word_search,tawng_upa,crossword",
word.chemtum,Chemtum,tools,K6,draft,pending,pending,Source: Kumtluang Class VI (SCERT Mizoram).,"a large knife or machete (synonym of ""chempui"")","Chem lian tak, thing phawh emaw ram siam nan hman.",A pa chuan chemtum hmangin thing a phawh.,6,"picture_match,spelling,word_search,tawng_upa,crossword,thumal_kawp,sentence_builder",
word.belmang,Belmang,tools,K6,draft,pending,pending,Source: Kumtluang Class VI (SCERT Mizoram).,a wide-mouthed clay pot or jar,"Lei hmangin siam bêl chi, a mawng a chhuan.",Zu emaw tui emaw dah nan belmang an hman thin.,6,"picture_match,spelling,word_search,tawng_upa,crossword,thumal_kawp",
word.hlang,Hlâng,nature,K6,draft,pending,pending,Source: Kumtluang Class VI (SCERT Mizoram).,human scent or trace,Mihring zâwnna emaw a awmna hriat theihna rim.,"Ui chuan hlâng a hnâm chhuak a, kan awmna a hre ve.",6,"word_chain,spelling,word_search,tawng_upa,crossword",
word.dilna,Dilna,community,K6,draft,pending,pending,Source: Kumtluang Class VI (SCERT Mizoram).,a formal application or request (letter),Thil emaw phal atan ngenna ziah.,Sikul hall hman phalna dilna ka ziak.,6,"word_chain,spelling,word_search,tawng_upa,crossword,sentence_builder",
word.sawmna,Sawmna,community,K6,draft,pending,pending,Source: Kumtluang Class VI (SCERT Mizoram).,a formal invitation,"Hun pawimawhah kal tura ko a, ziah thin lehkha.",Ka birthday atan sawmna ka thawn.,6,"picture_match,spelling,word_search,tawng_upa,crossword,thumal_kawp,sentence_builder",💌
word.thuneitu,Thuneitu,community,K6,draft,pending,pending,Source: Kumtluang Class VI (SCERT Mizoram).,an authority or official who has decision-making power,Thu neitu emaw phalna pe theitu.,Kan hna dilna hi thuneitu hnenah kan thawn.,6,"word_chain,spelling,word_search,tawng_upa,crossword,sentence_builder",
word.thuhruk,Thuhrûk,adjectives,K6,draft,pending,pending,Source: Kumtluang Class VI (SCERT Mizoram).,"secret, hidden matter","Mi tam takin hriat lo, thup taka awm thu.",Chu thu chu thuhrûk a nih avangin tu hnenah pawh a sawi lo.,6,"word_chain,spelling,word_search,tawng_upa,crossword",
word.khuang,khuang,culture-instrument,TQ7,draft,pending,pending,Source: Kumtluang Class VII (SCERT Mizoram),drum,"Mizote rimawi hmanrua, vuak chi, hnathawh leh biak inah hman ṭhin.",Kum kal khuang hi chai laiin an vuak ṭhin.,7,"word_chain,picture_match,spelling,word_search,tawng_upa,crossword,thumal_kawp,sentence_builder",🥁
word.khuangpui,khuangpui,culture-instrument,TQ7,draft,pending,pending,Source: Kumtluang Class VII (SCERT Mizoram),big drum,"Khuang chi zinga a lian ber, khuangtê nen an danglam.",Khuangpui aw hi khawpui puiah an hria thei ṭhin.,7,"word_chain,picture_match,spelling,word_search,tawng_upa,crossword,thumal_kawp,sentence_builder",🥁
word.khuangte,khuangtê,culture-instrument,TQ7,draft,pending,pending,Source: Kumtluang Class VII (SCERT Mizoram),small drum,"Khuang chi te, khuangpui aiin a tê zawk.",Naupangte hian khuangtê an vuak thiam thin.,7,"word_chain,picture_match,spelling,word_search,tawng_upa,crossword,thumal_kawp,sentence_builder",🥁
word.khuanglai,khuanglai,culture-instrument,TQ7,draft,pending,pending,Source: Kumtluang Class VII (SCERT Mizoram),medium-sized drum,"Khuang chi khat, khuangpui leh khuangtê zawnga a zatna a awm.",Khuanglai hi a aw a duai hle.,7,"word_chain,picture_match,spelling,word_search,tawng_upa,crossword,thumal_kawp,sentence_builder",🥁
word.dar,dâr,culture-instrument,TQ7,draft,pending,pending,Source: Kumtluang Class VII (SCERT Mizoram),gong (flat metal disc instrument),"Thir hmanga siam rimawi hmanrua, tumin an tum ṭhin.",Chatuan dâr hi Mizote hmanraw langsar tak a ni.,7,"word_chain,picture_match,spelling,word_search,tawng_upa,crossword,thumal_kawp,sentence_builder",🔔
word.darkhuang,darkhuang,culture-instrument,TQ7,draft,pending,pending,Source: Kumtluang Class VII (SCERT Mizoram),large gong,"Dâr chi zinga a lian ber, khuang nen an vuak ve ṭhin.",Darkhuang aw hi a chak hle.,7,"word_chain,picture_match,spelling,word_search,tawng_upa,crossword,thumal_kawp,sentence_builder",🔔
word.darbu,darbu,culture-instrument,TQ7,draft,pending,pending,Source: Kumtluang Class VII (SCERT Mizoram),a type of small gong,"Dâr chi khat, darkhuang aiin a tê zawk.",Darbu hi an tum tel ṭhin.,7,"word_chain,spelling,word_search,tawng_upa,crossword,sentence_builder",
word.bengbung,bengbung,culture-instrument,TQ7,draft,pending,pending,Source: Kumtluang Class VII (SCERT Mizoram),bamboo clapper percussion,"Thing emaw banrêk emaw hmanga siam, khawna ri siam tura hman.",Zaia lawmna atan bengbung an hman ṭhin.,7,"word_chain,spelling,word_search,tawng_upa,crossword,sentence_builder",
word.talhkuang,talhkuang,culture-instrument,TQ7,draft,pending,pending,Source: Kumtluang Class VII (SCERT Mizoram),a bamboo percussion instrument,Bengbung ang bawka thing hmanga siam khawn rimawi.,Talhkuang hi bengbung ang bawk a ni.,7,"word_chain,spelling,word_search,tawng_upa,crossword,sentence_builder",
word.seki,seki,culture-instrument,TQ7,draft,pending,pending,Source: Kumtluang Class VII (SCERT Mizoram),buffalo-horn wind instrument,Sechal ki hmanga siam khawn rik hmanrua.,Seki chu a khawn rik hian mite an hria thin.,7,"word_chain,picture_match,spelling,word_search,tawng_upa,crossword,thumal_kawp",📯
word.rawchhem,rawchhem,culture-instrument,TQ7,draft,pending,pending,Source: Kumtluang Class VII (SCERT Mizoram),Mizo reed wind instrument (bagpipe-like),"Ham chi khat, khawn hmanga khawn thin.",Rawchhem khawn ri hi a duai tak a ni.,7,"word_chain,spelling,word_search,tawng_upa,crossword,sentence_builder",
word.tumphit,tumphît,culture-instrument,TQ7,draft,pending,pending,Source: Kumtluang Class VII (SCERT Mizoram),a bamboo flute,"Ham chi khat, khawn hmanga a aw chhuak.",Tumphît khawn ri chu a nuam hle.,7,"word_chain,spelling,word_search,tawng_upa,crossword,sentence_builder",
word.phenglawng,phênglâwng,culture-instrument,TQ7,draft,pending,pending,Source: Kumtluang Class VII (SCERT Mizoram),a wind (flute) instrument,"Ham chi khat, khawn hmanga hman.",Phênglâwng hi a khawn dan a har lo.,7,"word_chain,spelling,word_search,tawng_upa,crossword,sentence_builder",
word.buhkuang,buhkuang,culture-instrument,TQ7,draft,pending,pending,Source: Kumtluang Class VII (SCERT Mizoram),hollow bamboo tube instrument,"Ham chi khat, khawn rimawi atan hman.",Buhkuang aw hi a duai tak a ni.,7,"word_chain,spelling,word_search,tawng_upa,crossword,sentence_builder",
word.hnahtum,hnahtum,culture-instrument,TQ7,draft,pending,pending,Source: Kumtluang Class VII (SCERT Mizoram),leaf whistle,Hnah hmanga siam khawn thei rimawi.,Naupangte hian hnahtum khawn an duh hle.,7,"word_chain,spelling,word_search,tawng_upa,crossword,sentence_builder",
word.tingtang,tingṭang,culture-instrument,TQ7,draft,pending,pending,Source: Kumtluang Class VII (SCERT Mizoram),traditional bow-stringed instrument,"Hrui nei rimawi hmanrua, chi thum zingah pakhat a ni.",Tunlai naupangte tam tak chuan tingṭang tumdan an hre lo tawh.,7,"word_chain,spelling,word_search,tawng_upa,crossword",🎻
word.lemlawi,lemlawi,culture-instrument,TQ7,draft,pending,pending,Source: Kumtluang Class VII (SCERT Mizoram),a traditional bow-stringed instrument,"Hrui nei rimawi hmanrua, hmeichhia chauhvin an tum ṭhin.",Lemlawi tum hi a duai êm êm.,7,"word_chain,spelling,word_search,tawng_upa,crossword,sentence_builder",
word.khuangchawi,khuangchawi,culture-tradition,TQ7,draft,pending,pending,"Source: Kumtluang Class VII (SCERT Mizoram). VERIFY: culture-sensitive, route to human culture reviewer.",grand community honor-feast,"Mizote hmanlai khawtlang chawimawina lian tak, hausakna leh thiamna a ngaih tel.",Khuangchawi hi an khua puia a lian ber a ni ang.,7,"word_chain,spelling,word_search,tawng_upa,crossword",
word.nungcha,nungcha,nature-wildlife,TQ7,draft,pending,pending,Source: Kumtluang Class VII (SCERT Mizoram),"wildlife, living creature","Ram leh tuia awm chi hrang hrang, hringnun nei thil.",Nungcha chi hrang hrang kan ramah an awm.,7,"word_chain,spelling,word_search,tawng_upa,crossword,sentence_builder",
word.ramsa,ramsa,nature-wildlife,TQ7,draft,pending,pending,Source: Kumtluang Class VII (SCERT Mizoram),wild animal,Ramah awm sa emaw ran emaw.,Ramsa chu ramhnuaia awm mumal a ni.,7,"word_chain,picture_match,spelling,word_search,tawng_upa,crossword,thumal_kawp,sentence_builder",🦌
word.sazu,sazu,nature-wildlife,TQ7,draft,pending,pending,Source: Kumtluang Class VII (SCERT Mizoram),deer,"Ramhnuaia awm sa chi khat, a ke lam a tlanna ṭha.",Sazu chu a tlanna a chak hle.,7,"word_chain,picture_match,spelling,word_search,tawng_upa,crossword,thumal_kawp,sentence_builder",🦌
word.rul,rûl,nature-wildlife,TQ7,draft,pending,pending,Source: Kumtluang Class VII (SCERT Mizoram),snake,"Ke nei lo, lei chunga vak ran chi khat.",Rûl chu ramhnuaiah kan hmu ṭhin.,7,"word_chain,picture_match,spelling,word_search,tawng_upa,crossword,thumal_kawp,sentence_builder",🐍
word.mu,mû,nature-wildlife,TQ7,draft,pending,pending,Source: Kumtluang Class VII (SCERT Mizoram),hawk / eagle,"Sava chi khat, tuar chungah leng zel a, ran a man ṭhin.",Mû chu tuar chunga leng ṭhin sava a ni.,7,"word_chain,picture_match,spelling,word_search,tawng_upa,crossword,thumal_kawp,sentence_builder",🦅
word.sakei,sakei,nature-wildlife,TQ7,draft,pending,pending,Source: Kumtluang Class VII (SCERT Mizoram),tiger / leopard,"Ramhnuaia awm sa hlauhawm tak, sa dang a phatsan ṭhin.",Sakei chu ram lianah an awm ṭhin.,7,"word_chain,picture_match,spelling,word_search,tawng_upa,crossword,thumal_kawp,sentence_builder",🐅
word.changpatin,changpâtin,nature-wildlife,TQ7,draft,pending,pending,Source: Kumtluang Class VII (SCERT Mizoram),chameleon,A vun a danglamin thil danga ang a nih theih ran tê.,Changpâtin chu a vun a dang thei famkim êm êm.,7,"word_chain,picture_match,spelling,word_search,tawng_upa,crossword,thumal_kawp",
word.hreuh,hreuh,nature-wildlife,TQ7,draft,pending,pending,Source: Kumtluang Class VII (SCERT Mizoram),nest,Sava emaw ran emaw awmna tur siam.,Sava chuan thingzâr chunga hreuh a siam.,7,"word_chain,spelling,word_search,tawng_upa,crossword,sentence_builder",🪹
word.chhungril,chhungril,nature-wildlife,TQ7,draft,pending,pending,Source: Kumtluang Class VII (SCERT Mizoram),"burrow, den",Ram lei nuaia siam awmna khur.,Sazu emaw ramsa emaw chuan chhungril an nei ṭhin.,7,"word_chain,spelling,word_search,tawng_upa,crossword,sentence_builder",
word.bahra,bahra,culture-animal,TQ7,draft,pending,pending,Source: Kumtluang Class VII (SCERT Mizoram),goat,"In vela vuak ṭhin ran, sa an ei thei.",Kan bahra hi zing tinin an lai ṭhin.,7,"word_chain,picture_match,spelling,word_search,tawng_upa,crossword,thumal_kawp,sentence_builder",🐐
word.changelasawibelang,changêla sâwi bêl ang,idiom,TQ7,draft,pending,pending,Source: Kumtluang Class VII (SCERT Mizoram),to stubbornly refuse to change one's stance,"Duhthu ang maiin thu insual lo, a ngaih dan aṭanga hnawt thei lo.",A pa chu changêla sâwi bêl ang a nih avangin engmah kan hril thei lo.,7,"word_chain,spelling,word_search,tawng_upa,crossword",
word.fanghmanoei,fanghma no ei,idiom,TQ7,draft,pending,pending,Source: Kumtluang Class VII (SCERT Mizoram),to spend recklessly (splurge),Naktuk ngaihtuah lovin sum leh pai hman chhuah zel.,Sum a neih apiangin fanghma no ei ang a mamawh a leibawk zel.,7,"word_chain,spelling,word_search,tawng_upa,crossword",
word.hnunglamamitneiang,hnung lama mit nei ang,idiom,TQ7,draft,pending,pending,Source: Kumtluang Class VII (SCERT Mizoram),to have foresight (lit. eyes at the back),"A tawp thil thleng dawn hre lova, hmalam ngaihtuah thiam tihna.",Kan pi leh pute chu hnung lama mit nei ang an ni.,7,"word_chain,spelling,word_search,tawng_upa,crossword",
word.khuangcherbo,khuangcher bo,idiom,TQ7,draft,pending,pending,Source: Kumtluang Class VII (SCERT Mizoram),to become confused / lose composure,Rilru buai avanga engmah hriat theih loh ang danga awm.,Chhiatna a thlen chuan khuangcher bo ang a lo ni ta.,7,"word_chain,spelling,word_search,tawng_upa,crossword",
word.laikingfaneih,laiking fa neih,idiom,TQ7,draft,pending,pending,"Source: Kumtluang Class VII (SCERT Mizoram). VERIFY: culture-sensitive, route to human culture reviewer.",to have a child out of wedlock,Nupui pasal loh laia fa neih.,Khawtlangin laiking fa neih chu an rin duh lo.,7,"word_chain,spelling,word_search,tawng_upa,crossword,sentence_builder",
word.thiamna,thiamna,abstract-value,TQ7,draft,pending,pending,Source: Kumtluang Class VII (SCERT Mizoram),"skill, expertise",Thil siam theihna leh hriatna.,A thiamna avangin an chhungkuo ei tur an nei ve zel.,7,"word_chain,spelling,word_search,tawng_upa,crossword",
word.rinawmna,rinawmna,abstract-value,TQ7,draft,pending,pending,Source: Kumtluang Class VII (SCERT Mizoram),"trustworthiness, honesty",Sawi tawh thu leh thu chah hi taimain zawmna.,Rinawmna nei mi chu mi zawng zawngin an hmangaih ṭhin.,7,"word_chain,spelling,word_search,tawng_upa,crossword",
word.dikna,dikna,abstract-value,TQ7,draft,pending,pending,Source: Kumtluang Class VII (SCERT Mizoram),"righteousness, correctness",Thil dik taka tih emaw sawi emaw.,Dikna zawng chu nun that a ni.,7,"word_chain,spelling,word_search,tawng_upa,crossword,sentence_builder",
word.vanneihna,vanneihna,abstract-value,TQ7,draft,pending,pending,Source: Kumtluang Class VII (SCERT Mizoram),"fortune, luck",Beisei lo taka thil ṭha thleng.,A vanneihna avangin lawmman a dawng ta.,7,"word_chain,spelling,word_search,tawng_upa,crossword,sentence_builder",
word.hlimna,hlimna,abstract-value,TQ7,draft,pending,pending,Source: Kumtluang Class VII (SCERT Mizoram),"joy, happiness",Lungawi tak nun hmangna.,Kan chhungkuoah hlimna a lo awm ṭhin.,7,"word_chain,spelling,word_search,tawng_upa,crossword,sentence_builder",
word.thianghlimna,thianghlimna,abstract-value,TQ7,draft,pending,pending,Source: Kumtluang Class VII (SCERT Mizoram),"purity, cleanliness of heart","Rilru leh nun a chhia lo, thil ṭha zawng ngaihna.",Thianghlimna hi hnam tinin an duh a ni.,7,"word_chain,spelling,word_search,tawng_upa,crossword,sentence_builder",
word.sualna,sualna,abstract-value,TQ7,draft,pending,pending,Source: Kumtluang Class VII (SCERT Mizoram),"sin, wrongdoing",Dik lo tih emaw sawi emaw.,Sualna zawng chu tuar tur a lo ni ṭhin.,7,"word_chain,spelling,word_search,tawng_upa,crossword,sentence_builder",
word.huaina,huaina,abstract-value,TQ7,draft,pending,pending,Source: Kumtluang Class VII (SCERT Mizoram),"dignity, greatness of character",Mi zahawm leh thusawi taka awm dan.,A huaina avangin mite'n an ngaipawimawh a.,7,"word_chain,spelling,word_search,tawng_upa,crossword,sentence_builder",
word.remna,remna,abstract-value,TQ7,draft,pending,pending,Source: Kumtluang Class VII (SCERT Mizoram),"peace, reconciliation",Inhmelhrei lo taka awm inawmna.,Hmelma leh remna kan zawng tlat a ngai.,7,"word_chain,spelling,word_search,tawng_upa,crossword,sentence_builder",
word.enthla,enthla,abstract-action,TQ7,draft,pending,pending,Source: Kumtluang Class VII (SCERT Mizoram),"to test, examine",Mi thiamna emaw dikna emaw hriat tura sim.,Zirtirtuin naupangte an enthla ṭhin.,7,"word_chain,spelling,word_search,tawng_upa,crossword,sentence_builder",
word.inthlahna,inthlahna,abstract-noun,TQ7,draft,pending,pending,Source: Kumtluang Class VII (SCERT Mizoram),"competition, contest",Tu chak zawk nge tih hriat tura inelna.,Inthlahna hian mite thiamna a puang chhuak ṭhin.,7,"word_chain,spelling,word_search,tawng_upa,crossword,sentence_builder",
word.insik,insik,abstract-emotion,TQ7,draft,pending,pending,Source: Kumtluang Class VII (SCERT Mizoram),"shyness, embarrassment","Mi hmaah awm a har, zak dan.",Naupang tam takin an insik ṭhin sikul thar an lut hun chuan.,7,"word_chain,spelling,word_search,tawng_upa,crossword",
word.fuih,fuih,abstract-action,TQ7,draft,pending,pending,Source: Kumtluang Class VII (SCERT Mizoram),"to persuade, coax",Mi rilru danglamtir tura thu sawi.,A u chuan a fapa chu lehkha zir tura a fuih ṭhin.,7,"word_chain,spelling,word_search,tawng_upa,crossword",
word.thawipik,thaw ipik,abstract-value,TQ7,draft,pending,pending,Source: Kumtluang Class VII (SCERT Mizoram),"laziness, procrastination","Hna tih hmasak lo, tuk lai zawnga ngâm zel.",Thaw ipik avangin homework a zo ve lo.,7,"word_chain,spelling,word_search,tawng_upa,crossword,sentence_builder",
word.thawhrah,thawh rah,abstract-noun,TQ7,draft,pending,pending,Source: Kumtluang Class VII (SCERT Mizoram),the fruit/result of one's effort,Hna thawk atanga chhuah lawmman emaw hmasawnna emaw.,Zirna nasa taka an thawh rah chu pass tihna a ni.,7,"word_chain,spelling,word_search,tawng_upa,crossword",
word.suangtuah,suangtuah,abstract-action,TQ7,draft,pending,pending,Source: Kumtluang Class VII (SCERT Mizoram),"to plan, scheme",Thil tih hmasaa rilru siam ṭhin.,A malsawmna dawng nan a suangtuah zel.,7,"word_chain,spelling,word_search,tawng_upa,crossword,sentence_builder",
word.lungkham,lungkham,abstract-emotion,TQ7,draft,pending,pending,Source: Kumtluang Class VII (SCERT Mizoram),"sorrow, worry","Rilru natna, ngaihdan hahdam lohna.",A pi damlo avangin lungkham a lo ni.,7,"word_chain,spelling,word_search,tawng_upa,crossword,sentence_builder",
word.phurrit,phur rit,abstract-noun,TQ7,draft,pending,pending,Source: Kumtluang Class VII (SCERT Mizoram),"heavy responsibility, burden",Tuar tur emaw thawk tur emaw a rit taka awm.,Naupang enkawlna hi nu leh pa phur rit a ni.,7,"word_chain,spelling,word_search,tawng_upa,crossword",
word.tawpintai,tawpintai,abstract-emotion,TQ7,draft,pending,pending,Source: Kumtluang Class VII (SCERT Mizoram),regret,Thil tih sual avanga rilru natna.,"Zirna a hnawlin, tawpintai chungin a chang ta.",7,"word_chain,spelling,word_search,tawng_upa,crossword,sentence_builder",
word.chi-ai,chi-ai,abstract-emotion,TQ7,draft,pending,pending,Source: Kumtluang Class VII (SCERT Mizoram),"shame, embarrassment",Mi hmaah zahthlak taka awm dan.,A sual avangin chi-ai a ti hle a.,7,"word_chain,spelling,word_search,tawng_upa,crossword,sentence_builder",
word.hlauthawng,hlauthawng,abstract-emotion,TQ7,draft,pending,pending,Source: Kumtluang Class VII (SCERT Mizoram),"startled, panicked",Thil chhuak lo ngaihtuah lova hriatin lau taka awm.,Aw ngir lien a hriat veleh a hlauthawng ta.,7,"word_chain,spelling,word_search,tawng_upa,crossword,sentence_builder",
word.hrehawm,hrehawm,abstract-value,TQ7,draft,pending,pending,Source: Kumtluang Class VII (SCERT Mizoram),"difficult, hard (hardship)",Tuar duan a har taka awm dan.,Nun hi hrehawm ni ila kan chhel thei ngai lo.,7,"word_chain,spelling,word_search,tawng_upa,crossword",
word.malsawmna,malsawmna,abstract-noun,TQ7,draft,pending,pending,Source: Kumtluang Class VII (SCERT Mizoram),blessing,Pathian hnena chhuak thil ṭha.,Malsawmna dil hi dawn changin hre thiam a ngai.,7,"word_chain,spelling,word_search,tawng_upa,crossword,sentence_builder",🙏
word.hlawhtling,hlawhtling,abstract-value,TQ7,draft,pending,pending,Source: Kumtluang Class VII (SCERT Mizoram),success,Duhthusam thlen theihna.,Nasa taka zir chuan hlawhtling ang che.,7,"word_chain,spelling,word_search,tawng_upa,crossword,sentence_builder",🏆
word.hlawhchham,hlawhchham,abstract-value,TQ7,draft,pending,pending,Source: Kumtluang Class VII (SCERT Mizoram),failure,Duhthusam thlen theih lohna.,Tih hmasak lo avangin hlawhchham a ni ta.,7,"word_chain,spelling,word_search,tawng_upa,crossword,sentence_builder",
word.chawimawi,chawimawi,abstract-action,TQ7,draft,pending,pending,Source: Kumtluang Class VII (SCERT Mizoram),"to honor, congratulate",Mi thiltih ṭha chungah lawmna leh zahawmna lantirna.,Sikulin naupang rinawm ber chu an chawimawi.,7,"word_chain,spelling,word_search,tawng_upa,crossword,sentence_builder",
word.dawklak,dawklak,abstract-value,TQ7,draft,pending,pending,Source: Kumtluang Class VII (SCERT Mizoram),"addiction, harmful habit","Thil tih emaw hman emaw châk zel, insûm theih loh.",Zu leh drug dawklak chu hlawhtling atan a ṭul lo.,7,"word_chain,spelling,word_search,tawng_upa,crossword",
word.intlakral,intlak ral,abstract-action,TQ7,draft,pending,pending,Source: Kumtluang Class VII (SCERT Mizoram),to compare oneself with others,Mahni leh mi dang thil sum hmang ral.,Intlak ral hian rilru a ti buai ṭhin.,7,"word_chain,spelling,word_search,tawng_upa,crossword,sentence_builder",
word.ngawlvei,ngawlvei,abstract-value,TQ7,draft,pending,pending,Source: Kumtluang Class VII (SCERT Mizoram),"careless, reckless",Ngaihtuah lova thil tih zel.,Ngawlvei taka kalpui hian hlauhawm thei a ni.,7,"word_chain,spelling,word_search,tawng_upa,crossword,sentence_builder",
word.vanduaithlak,vanduaithlâk,abstract-value,TQ7,draft,pending,pending,"Source: Kumtluang Class VII (SCERT Mizoram). VERIFY: culture-sensitive, route to human culture reviewer.","unfortunate, disadvantaged",Harsatna emaw natna emaw avanga thil that tak awm lo.,Vanduaithlâk mite tanpuina kan tum tlat a ngai.,7,"word_chain,spelling,word_search,tawng_upa,crossword,sentence_builder",
word.beihpui,beihpui,abstract-action,TQ7,draft,pending,pending,Source: Kumtluang Class VII (SCERT Mizoram),"to help, assist",Mi harsatna nei ṭanpui.,Ruth-i chuan a thiante chu chhiarkawp beihpui ṭhin.,7,"word_chain,spelling,word_search,tawng_upa,crossword,sentence_builder",
word.duhthusam,duhthusam,abstract-noun,TQ7,draft,pending,pending,Source: Kumtluang Class VII (SCERT Mizoram),"ambition, aspiration",Hmalama thlen duh thil.,Naupangte duhthusam chu zirna hian a puitling thei ṭhin.,7,"word_chain,spelling,word_search,tawng_upa,crossword,sentence_builder",
word.hausakna,hausakna,abstract-noun,TQ7,draft,pending,pending,Source: Kumtluang Class VII (SCERT Mizoram),"wealth, riches",Sum leh pai emaw ro emaw tam taka neih.,Hausakna neih hi thawh rim a ṭul.,7,"word_chain,spelling,word_search,tawng_upa,crossword,sentence_builder",
word.riltam,rilṭam,abstract-emotion,TQ7,draft,pending,pending,"Source: Kumtluang Class VII (SCERT Mizoram). VERIFY: culture-sensitive, route to human culture reviewer.","jealousy, envy",Mi dang neih emaw hlawhtling emaw avanga rilru buai.,Rilṭam avangin an unau inhmelhrei ta.,7,"word_chain,spelling,word_search,tawng_upa,crossword,sentence_builder",
word.nghawng,nghawng,abstract-noun,TQ7,draft,pending,pending,Source: Kumtluang Class VII (SCERT Mizoram),"influence, effect",Thil emaw thu emaw hian a chuahtir dang thil.,Zu ngawl chuan nghawng a nei tak zet.,7,"word_chain,spelling,word_search,tawng_upa,crossword,sentence_builder",
word.khuallian,khual lian,abstract-noun,TQ7,draft,pending,pending,Source: Kumtluang Class VII (SCERT Mizoram),"important guest, dignitary",Zahawm taka lawm tur khual.,Sikul kalpuinaah khual lian an lo kal ṭhin.,7,"word_chain,spelling,word_search,tawng_upa,crossword,sentence_builder",
word.kamhlei,kam hlei,abstract-value,TQ7,draft,pending,pending,Source: Kumtluang Class VII (SCERT Mizoram),lacking self-restraint,"Insûm theih loh, châk zawng zawng ti mai.",Kam hlei taka chaw ei chu a châk lo.,7,"word_chain,spelling,word_search,tawng_upa,crossword,sentence_builder",
word.danglam,danglam,abstract-quality,TQ7,draft,pending,pending,Source: Kumtluang Class VII (SCERT Mizoram),"different, unusual, special",Mi dang emaw thil dang emaw ang lo.,A nih dan hi mi danglam a ni.,7,"word_chain,spelling,word_search,tawng_upa,crossword,sentence_builder",
word.thiltihtheihna,thiltihtheihna,abstract-noun,TQ7,draft,pending,pending,Source: Kumtluang Class VII (SCERT Mizoram),"ability, capacity",Thil tih thei dan leh finna.,A thiltihtheihna hi mi tam takin an hriat.,7,"word_chain,spelling,word_search,tawng_upa,crossword,sentence_builder",
word.zirna,zirna,abstract-noun,TQ7,draft,pending,pending,Source: Kumtluang Class VII (SCERT Mizoram),"education, learning",Lehkha zir leh thil hriat belhchhah zelna.,Zirna hian mi nun a hmasawntir ṭhin.,7,"word_chain,picture_match,spelling,word_search,tawng_upa,crossword,thumal_kawp,sentence_builder",📚
word.sumkhawl,sum khawl,abstract-noun,TQ7,draft,pending,pending,Source: Kumtluang Class VII (SCERT Mizoram),savings,Hun hnua hman tura sum vawng.,Sum khawl hi hmasawnna atan a pawimawh.,7,"word_chain,spelling,word_search,tawng_upa,crossword,sentence_builder",
word.hrilhfiahtu,hrilhfiahtu,grammar-term,TQ7,draft,pending,pending,Source: Kumtluang Class VII (SCERT Mizoram),adjective (descriptive word),Noun leh pronoun hrilh fiahtu thu.,'Mawi' tih hi hrilhfiahtu (adjective) a ni.,7,"word_chain,spelling,word_search,tawng_upa,crossword,sentence_builder",
word.kawhhmuhtu,kawhhmuhtu,grammar-term,TQ7,draft,pending,pending,Source: Kumtluang Class VII (SCERT Mizoram),demonstrative marker,Thil kawk emaw tarlan emaw nan hman thu.,'He' leh 'chu' hi kawhhmuhtu an ni.,7,"word_chain,spelling,word_search,tawng_upa,crossword,sentence_builder",
word.thangvan,thangvan,nature,TQ7,draft,pending,pending,Source: Kumtluang Class VII (SCERT Mizoram),sky,Chung lam ka en apiang.,Thangvan a var hian ni tur a lang.,7,"word_chain,picture_match,spelling,word_search,tawng_upa,crossword,thumal_kawp,sentence_builder",🌌
word.tuipui,tuipui,nature,TQ7,draft,pending,pending,Source: Kumtluang Class VII (SCERT Mizoram),"ocean, sea","Tui pui tak, ram bik lo.",Tuipui hi kan Mizoramin a hmun a nei lo.,7,"word_chain,picture_match,spelling,word_search,tawng_upa,crossword,thumal_kawp,sentence_builder",🌊
word.khawmual,khawmual,nature,TQ7,draft,pending,pending,Source: Kumtluang Class VII (SCERT Mizoram),"hills, mountains",Lei sang tak leh tlang zawng zawng.,Khawmual hnuaiah kan khua a awm.,7,"word_chain,picture_match,spelling,word_search,tawng_upa,crossword,thumal_kawp,sentence_builder",⛰️
word.thli,thli,nature,TQ7,draft,pending,pending,Source: Kumtluang Class VII (SCERT Mizoram),wind,A hmuh theih lo mahse a hriat theih rimawi.,Thli chuan thingpuite a nghuap sak ṭhin.,7,"word_chain,picture_match,spelling,word_search,tawng_upa,crossword,thumal_kawp,sentence_builder",🍃
word.ruah,ruah,nature,TQ7,draft,pending,pending,Source: Kumtluang Class VII (SCERT Mizoram),rain,Vana aṭanga tui chhuak.,Vau thla chuan ruah a nghah lo tam ṭhin.,7,"word_chain,picture_match,spelling,word_search,tawng_upa,crossword,thumal_kawp,sentence_builder",🌧️
word.pangpar,pangpar,nature,TQ7,draft,pending,pending,Source: Kumtluang Class VII (SCERT Mizoram),"flower, blossom",Thing emaw pâr emaw a mawi taka chuak.,Vau thing hi a pangpar hi a mawi hle.,7,"word_chain,picture_match,spelling,word_search,tawng_upa,crossword,thumal_kawp,sentence_builder",🌸
word.nimin,nimin,grammar-time,TQ7,draft,pending,pending,Source: Kumtluang Class VII (SCERT Mizoram),yesterday,Ni tawpa liam tawh hun.,Nimin khan sikulah ka kal a.,7,"word_chain,spelling,word_search,tawng_upa,crossword,sentence_builder",
word.vawiin,vawiin,grammar-time,TQ7,draft,pending,pending,Source: Kumtluang Class VII (SCERT Mizoram),today,Tunlai ni.,Vawiin hian ka thiante ka hmuh dawn a ni.,7,"word_chain,spelling,word_search,tawng_upa,crossword,sentence_builder",
word.naktuk,naktuk,grammar-time,TQ7,draft,pending,pending,Source: Kumtluang Class VII (SCERT Mizoram),tomorrow,Ni hnu lo thleng dawn.,Naktuk chu kan exam a ni dawn a.,7,"word_chain,spelling,word_search,tawng_upa,crossword,sentence_builder",
word.dan,dan,abstract-noun,TQ7,draft,pending,pending,Source: Kumtluang Class VII (SCERT Mizoram),"law, rule, custom",Kalphung emaw thu remchang emaw siam.,Sikul dan zawm chu a pawimawh.,7,"word_chain,spelling,word_search,tawng_upa,crossword,sentence_builder",
word.zirtirtu,zirtirtu,school,TQ7,draft,pending,pending,Source: Kumtluang Class VII (SCERT Mizoram),teacher,Naupang zirtir tu mi.,Zirtirtu chu kan zahawm a ngai.,7,"word_chain,picture_match,spelling,word_search,tawng_upa,crossword,thumal_kawp,sentence_builder",👩‍🏫
word.zirlai,zirlai,school,TQ7,draft,pending,pending,Source: Kumtluang Class VII (SCERT Mizoram),lesson,Sikula zir tur thu emaw thil emaw.,He zirlai hi a har hle a.,7,"word_chain,picture_match,spelling,word_search,tawng_upa,crossword,thumal_kawp,sentence_builder",📖
word.inbiakna,inbiakna,abstract-noun,TQ7,draft,pending,pending,Source: Kumtluang Class VII (SCERT Mizoram),"conversation, dialogue",Mi pahnih emaw tam zawk emaw inzawtin thu sawi inpahnihna.,Kan inbiakna hi a rei tawk lo.,7,"word_chain,spelling,word_search,tawng_upa,crossword,sentence_builder",
word.tuikhur,tuikhur,nature,TQ7,draft,pending,pending,Source: Kumtluang Class VII (SCERT Mizoram),spring (water source),Lei hnuaia tui chhuak hmun.,Kan khua tuikhur hi a fim hle.,7,"word_chain,picture_match,spelling,word_search,tawng_upa,crossword,thumal_kawp,sentence_builder",💧
word.innei,innei,abstract-action,TQ7,draft,pending,pending,Source: Kumtluang Class VII (SCERT Mizoram),to marry,Nupui pasal nih tura inṭhen.,Kum tam an inhmuh hnu chuan an innei ta.,7,"word_chain,spelling,word_search,tawng_upa,crossword,sentence_builder",
word.hruai,hruai,abstract-action,TQ7,draft,pending,pending,Source: Kumtluang Class VII (SCERT Mizoram),"to lead, guide",Mi emaw thil emaw kalpui tura hmalak.,A pa chuan sikulah min hruai ṭhin.,7,"word_chain,spelling,word_search,tawng_upa,crossword,sentence_builder",
word.thla,thla,nature,TQ7,draft,pending,pending,Source: Kumtluang Class VII (SCERT Mizoram),wing,Sava emaw thlawhawk emaw a leng theihna hmanraw.,Sava chuan a thla hman a leng.,7,"word_chain,picture_match,spelling,word_search,tawng_upa,crossword,thumal_kawp,sentence_builder",🪽
word.khung,khung,abstract-action,TQ7,draft,pending,pending,Source: Kumtluang Class VII (SCERT Mizoram),"to cover, enclose",Thil emaw mi emaw chung ah dah/khup.,Bur chhung an khung a.,7,"word_chain,spelling,word_search,tawng_upa,crossword,sentence_builder",
word.parawl,parawl,culture-literature,TQ7,draft,pending,pending,Source: Kumtluang Class VII (SCERT Mizoram),"legend, myth","Hmanlai thawnthu, chhiar leh sawi zui zui thin thu.",Sichangneii chanchin chu parawl a ni.,7,"word_chain,spelling,word_search,tawng_upa,crossword,sentence_builder",
word.inbuan,inbuan,culture-sport,TQ7,draft,pending,pending,"Source: Kumtluang Class VII (SCERT Mizoram). VERIFY: culture-sensitive, route to human culture reviewer.",Mizo traditional wrestling,"Mizote hmanlai infiam chi, ban leh puan hmanga inzawh.",Kutpui khawvel puiah inbuan an infiam ṭhin.,7,"word_chain,picture_match,spelling,word_search,tawng_upa,crossword,thumal_kawp,sentence_builder",🤼
word.infiam,infiam,sport,TQ7,draft,pending,pending,Source: Kumtluang Class VII (SCERT Mizoram),"game, sport, competition",Chak leh thiam zawk hriat tura inzawh.,Naupangte hi infiam an duh hle.,7,"word_chain,picture_match,spelling,word_search,tawng_upa,crossword,thumal_kawp,sentence_builder",⚽
word.zui,zui,sport-action,TQ7,draft,pending,pending,Source: Kumtluang Class VII (SCERT Mizoram),"to hold, grip (in a match)",Kut leh ban hmanga khap/vawn.,Inbuan infiamah an zui dan chu a har hle.,7,"word_chain,spelling,word_search,tawng_upa,crossword,sentence_builder",
word.thlam,thlâm,culture-object,TQ7,draft,pending,pending,Source: Kumtluang Class VII (SCERT Mizoram),a field watch-hut,Loah an chuan zawnga siam thing in tê.,Loneite chuan thlâm siamin ramsate an ven ṭhin.,7,"word_chain,picture_match,spelling,word_search,tawng_upa,crossword,thumal_kawp,sentence_builder",🛖
word.hringei,hringei,culture-object,TQ7,draft,pending,pending,Source: Kumtluang Class VII (SCERT Mizoram),scarecrow,Sava leh ramsa hlauhtir tura mihring dawn siam.,Loah hringei siamin sava an hlauhtir ṭhin.,7,"word_chain,picture_match,spelling,word_search,tawng_upa,crossword,thumal_kawp,sentence_builder",
word.vahchap,vahchap,culture-object,TQ7,draft,pending,pending,Source: Kumtluang Class VII (SCERT Mizoram),bird-scaring noise device for fields,"Thli hian ri a siamtir a, sava hlauhtir tura loah dah.",Vahchap chu thli tlin apiangin a ri ṭhin.,7,"word_chain,spelling,word_search,tawng_upa,crossword,sentence_builder",
word.kaiten,kaiṭên,culture-object,TQ7,draft,pending,pending,Source: Kumtluang Class VII (SCERT Mizoram),a notched-log ladder,Thing puma kawtchhuah nan an siam kaite.,In kalna tur kaiṭên chu an siam ṭhin.,7,"word_chain,picture_match,spelling,word_search,tawng_upa,crossword,thumal_kawp,sentence_builder",🪜
word.leikapui,leikapui,culture-object,TQ7,draft,pending,pending,Source: Kumtluang Class VII (SCERT Mizoram),a large cane storage basket,Za emaw ban emaw hmanga siam bung lian.,Leikapui chuan buh emaw thil emaw an dah ṭhin.,7,"word_chain,picture_match,spelling,word_search,tawng_upa,crossword,thumal_kawp,sentence_builder",🧺
word.puanrin,puanrin,culture-object,TQ7,draft,pending,pending,"Source: Kumtluang Class VII (SCERT Mizoram). VERIFY: culture-sensitive, route to human culture reviewer.",decorative border pattern on traditional cloth,Puan hmâr lama a timawi tura siam rin.,Puanrin mawi tak an nei ṭhin.,7,"word_chain,spelling,word_search,tawng_upa,crossword,sentence_builder",
word.mim,mîm,nature-food,TQ7,draft,pending,pending,Source: Kumtluang Class VII (SCERT Mizoram),"maize, corn","Lova chin thil, a rah fang wheat ang deuh.",Mîm hi kan lo a tam.,7,"word_chain,picture_match,spelling,word_search,tawng_upa,crossword,thumal_kawp,sentence_builder",🌽
word.sih,sih,culture-object,TQ7,draft,pending,pending,Source: Kumtluang Class VII (SCERT Mizoram),bamboo fish trap,"Tui hnaa dah ṭhin, sa leh rûl an lut ṭhin.",Ramhnuaia tuiah sih an dah ṭhin.,7,"word_chain,spelling,word_search,tawng_upa,crossword,sentence_builder",
word.hnahthial,hnahthial,nature-plant,TQ7,draft,pending,pending,Source: Kumtluang Class VII (SCERT Mizoram),a medicinal leaf plant,"Ramhnuaia awm thing tê, thil fun tura hman.",Hnahthial hi damdawi atan an hman ṭhin.,7,"word_chain,spelling,word_search,tawng_upa,crossword,sentence_builder",
word.khuavang,khuavang,culture-folklore,TQ7,draft,pending,pending,"Source: Kumtluang Class VII (SCERT Mizoram). VERIFY: culture-sensitive, route to human culture reviewer.",nature spirit / deity of old Mizo belief,"Hmanlaia Mizoten an ring hmâ thil, hringnun leh thlarau nei ni ang ngaihna.",Thawnthu ho zingah khuavang tih thu chu a awm tam.,7,"word_chain,spelling,word_search,tawng_upa,crossword",
word.zangkhua,zângkhua,culture-folklore,TQ7,draft,pending,pending,"Source: Kumtluang Class VII (SCERT Mizoram). VERIFY: culture-sensitive, route to human culture reviewer.",the Great Bear constellation,"Arsi chi khat, van chunga hmuh theih.",Zan lian khan zângkhua kan en ve ṭhin.,7,"word_chain,spelling,word_search,tawng_upa,crossword,sentence_builder",
word.thingtuluang,thingtuluang,culture-folklore,TQ7,draft,pending,pending,"Source: Kumtluang Class VII (SCERT Mizoram). VERIFY: culture-sensitive, route to human culture reviewer.",a magical rooster in Mizo folktale,"Thawnthu zinga arpa mit thei nei, thu sawi thei ngaihna.",Thawnthu chuan thingtuluang hi mit nei arpa ang deuhin a sawi.,7,"word_chain,spelling,word_search,tawng_upa,crossword",
word.puichhuah,puichhuah,culture-tradition,TQ7,draft,pending,pending,"Source: Kumtluang Class VII (SCERT Mizoram). VERIFY: culture-sensitive, route to human culture reviewer.",ritual release of an animal in mourning custom,Mi thih hnua a nu duhsak taka thlawn ran (VERIFY exact ritual meaning).,Puichhuah dan chu khawtlang zawng zawngin an hriat ngai lo.,7,"word_chain,spelling,word_search,tawng_upa,crossword",
word.var,var,adjective-color,TQ7,draft,pending,pending,Source: Kumtluang Class VII (SCERT Mizoram),"white, bright",Sakhmel emaw thil emaw eng taka awm.,A puan chu a var hle.,7,"word_chain,picture_match,spelling,word_search,tawng_upa,crossword,thumal_kawp,sentence_builder",⚪
word.sen,sen,adjective-color,TQ7,draft,pending,pending,Source: Kumtluang Class VII (SCERT Mizoram),red,"Sakhmel chi khat, thisen ang deuh.",Pangpar sen hi a mawi a.,7,"word_chain,picture_match,spelling,word_search,tawng_upa,crossword,thumal_kawp,sentence_builder",🔴
word.hring,hring,adjective-quality,TQ7,draft,pending,pending,Source: Kumtluang Class VII (SCERT Mizoram),"green, unripe, fresh",A fin lo emaw a hring rah emaw.,Thlai hring chu a châk lo bik.,7,"word_chain,picture_match,spelling,word_search,tawng_upa,crossword,thumal_kawp,sentence_builder",🟢
word.pawl,pawl,adjective-color,TQ7,draft,pending,pending,Source: Kumtluang Class VII (SCERT Mizoram),yellow,"Sakhmel chi khat, ni ang deuh.",Pâr pawl chu a mawi ve.,7,"word_chain,picture_match,spelling,word_search,tawng_upa,crossword,thumal_kawp,sentence_builder",🟡
word.tial,tial,adjective-quality,TQ7,draft,pending,pending,Source: Kumtluang Class VII (SCERT Mizoram),"spotted, striped",A sakhmel chunga vek emaw hnak emaw a nei.,Sakei chu a vun a tial.,7,"word_chain,spelling,word_search,tawng_upa,crossword,sentence_builder",
word.lian,lian,adjective-size,TQ7,draft,pending,pending,Source: Kumtluang Class VII (SCERT Mizoram),"big, great",A zat a tam emaw a puk a lian emaw.,In lian tak an nei.,7,"word_chain,spelling,word_search,tawng_upa,crossword,sentence_builder",
word.mawi,mawi,adjective-quality,TQ7,draft,pending,pending,Source: Kumtluang Class VII (SCERT Mizoram),beautiful,En nuam taka awm.,He nula hi a mawi hle.,7,"word_chain,spelling,word_search,tawng_upa,crossword,sentence_builder",
word.nalh,nalh,adjective-quality,TQ7,draft,pending,pending,Source: Kumtluang Class VII (SCERT Mizoram),"pleasant, delicious",Ei emaw thil emaw a châk taka awm.,Chaw hi a nalh hle.,7,"word_chain,spelling,word_search,tawng_upa,crossword,sentence_builder",
word.sei,sei,adjective-size,TQ7,draft,pending,pending,Source: Kumtluang Class VII (SCERT Mizoram),long,A zau lam a rei.,Hrui sei tak an hman.,7,"word_chain,spelling,word_search,tawng_upa,crossword,sentence_builder",
word.tawi,tawi,adjective-size,TQ7,draft,pending,pending,Source: Kumtluang Class VII (SCERT Mizoram),short (length),A zau lam a rei lo.,Puan tawi tak a silh.,7,"word_chain,spelling,word_search,tawng_upa,crossword,sentence_builder",
word.sang,sang,adjective-size,TQ7,draft,pending,pending,Source: Kumtluang Class VII (SCERT Mizoram),"tall, high",A chung lam a rei.,Thing sang tak a awm.,7,"word_chain,spelling,word_search,tawng_upa,crossword,sentence_builder",
word.hniam,hniam,adjective-size,TQ7,draft,pending,pending,Source: Kumtluang Class VII (SCERT Mizoram),"short, low",A chung lam a rei lo.,Pawn hniam tak an siam.,7,"word_chain,spelling,word_search,tawng_upa,crossword,sentence_builder",
word.hla,hla,adjective-distance,TQ7,draft,pending,pending,Source: Kumtluang Class VII (SCERT Mizoram),far,"A hla, in hnai lo.",Sikul hi kan in aṭangin a hla.,7,"word_chain,spelling,word_search,tawng_upa,crossword,sentence_builder",
word.hnai,hnai,adjective-distance,TQ7,draft,pending,pending,Source: Kumtluang Class VII (SCERT Mizoram),near,In hlat lo.,Bawrhsap in chu kan in a hnai.,7,"word_chain,spelling,word_search,tawng_upa,crossword,sentence_builder",
word.huaisen,huaisen,adjective-quality,TQ7,draft,pending,pending,Source: Kumtluang Class VII (SCERT Mizoram),brave,Hlauh lo taka thil ṭha lo pawh tihtheih.,Pasaltha chu a huaisen hle.,7,"word_chain,spelling,word_search,tawng_upa,crossword,sentence_builder",
word.taima,taima,adjective-quality,TQ7,draft,pending,pending,Source: Kumtluang Class VII (SCERT Mizoram),"diligent, hardworking",Hna thawk a châk taka thawk zel.,Zirlaite chu taima taka an zir tul a ni.,7,"word_chain,spelling,word_search,tawng_upa,crossword,sentence_builder",
word.nuam,nuam,adjective-quality,TQ7,draft,pending,pending,Source: Kumtluang Class VII (SCERT Mizoram),"enjoyable, fun",Lawm leh hlim taka awm.,Infiam hi a nuam hle.,7,"word_chain,spelling,word_search,tawng_upa,crossword,sentence_builder",
word.lungngai,lungngai,adjective-emotion,TQ7,draft,pending,pending,Source: Kumtluang Class VII (SCERT Mizoram),"sad, lonely","Rilru a buai a, khawsak har.",A thiante chuan a lungngai ṭhin.,7,"word_chain,spelling,word_search,tawng_upa,crossword,sentence_builder",
word.lum,lum,adjective-temperature,TQ7,draft,pending,pending,Source: Kumtluang Class VII (SCERT Mizoram),hot,"A sûr a sang, a chak.",Tui lum chu ka dawn duh lo.,7,"word_chain,spelling,word_search,tawng_upa,crossword,sentence_builder",
word.vawt,vâwt,adjective-temperature,TQ7,draft,pending,pending,Source: Kumtluang Class VII (SCERT Mizoram),cold,A sûr a sang lo.,Thli vâwt hian a châm hle.,7,"word_chain,spelling,word_search,tawng_upa,crossword,sentence_builder",
word.zim,zim,adjective-quality,TQ7,draft,pending,pending,Source: Kumtluang Class VII (SCERT Mizoram),"quiet, calm",Ri emaw buai emaw a awm lo.,Zan lai chu a zim hle.,7,"word_chain,spelling,word_search,tawng_upa,crossword,sentence_builder",
word.zau,zau,adjective-size,TQ7,draft,pending,pending,Source: Kumtluang Class VII (SCERT Mizoram),"wide, spacious",A pin lam a tam.,In zau tak an nei.,7,"word_chain,spelling,word_search,tawng_upa,crossword,sentence_builder",
word.dawih,dawih,adjective-quality,TQ7,draft,pending,pending,Source: Kumtluang Class VII (SCERT Mizoram),"stingy, miserly","Thil pe duh lo, insem châk lo.",Mi dawih chu mi tam takin an hria ṭhin.,7,"word_chain,spelling,word_search,tawng_upa,crossword,sentence_builder",
word.bengsikangaihtuah,beng sika ngaihtuah,idiom,TQ7,draft,pending,pending,Source: Kumtluang Class VII (SCERT Mizoram),to think something over carefully,Ngun taka rilru hman a ngaihtuah dan.,Thil pawimawh siam hmain beng sika ngaihtuah a ngai.,7,"word_chain,spelling,word_search,tawng_upa,crossword,sentence_builder",
word.belchhungsa,bêl chhung sa,idiom,TQ7,draft,pending,pending,Source: Kumtluang Class VII (SCERT Mizoram),a private/secret matter,"Mi tam takin hria lova, mahni chhungril thu.","Chu chu an chhungkuo bêl chhung sa a ni, kan chhen ngai lo.",7,"word_chain,spelling,word_search,tawng_upa,crossword",
word.sialsir,sialsîr,nature-wildlife,TQ7,draft,pending,pending,Source: Kumtluang Class VII (SCERT Mizoram),a type of deer (sambar-like),"Ramhnuaia awm sa chi khat, sazu leh a inang.",Sialsîr chu ramhnuai thûk zawngah an awm ṭhin.,7,"word_chain,picture_match,spelling,word_search,tawng_upa,crossword,thumal_kawp,sentence_builder",🦌
word.tohlawt,tohlâwt,culture-object,TQ7,draft,pending,pending,Source: Kumtluang Class VII (SCERT Mizoram),a large flat stone slab,"Lung pha tak, hmun rem takah dah thei.",Tohlâwt chu lampuiah tlangvalten an dah ṭhin.,7,"word_chain,spelling,word_search,tawng_upa,crossword,sentence_builder",
word.khawimu,khawimû,nature-wildlife,TQ7,draft,pending,pending,Source: Kumtluang Class VII (SCERT Mizoram),a noisy flying insect (wasp-like),"Khuai chi khat, a leng laiin ri a chhuah ṭhin.",Khawimû aw chu a hriat lek a har lo.,7,"word_chain,spelling,word_search,tawng_upa,crossword,sentence_builder",
word.chawmnu,chawmnu,nature-wildlife,TQ7,draft,pending,pending,Source: Kumtluang Class VII (SCERT Mizoram),a cave-dwelling predatory bird,"Chhungrila awm sava chi khat, zana leng ṭhin.",Chawmnu chu zanah kan hriat theih ṭhin.,7,"word_chain,spelling,word_search,tawng_upa,crossword,sentence_builder",
word.dawhthleng,dawhthlêng,abstract-value,TQ7,draft,pending,pending,Source: Kumtluang Class VII (SCERT Mizoram),"lazy, slovenly (person)","Hna thawk duh lo, thil tha lo a châk.",Dawhthlêng mi chu thawh rim a ṭul.,7,"word_chain,spelling,word_search,tawng_upa,crossword,sentence_builder",
word.khuanhmasa,khuan hmasa,culture-tradition,TQ7,draft,pending,pending,"Source: Kumtluang Class VII (SCERT Mizoram). VERIFY: culture-sensitive, route to human culture reviewer.",the first ceremonial post/bamboo set when building a house,In sa laia hmasa taka phun bâl.,Khuan hmasa phun hi Mizo in siam dan pakhat a ni.,7,"word_chain,spelling,word_search,tawng_upa,crossword",
word.insum,insûm,abstract-value,TQ7,draft,pending,pending,Source: Kumtluang Class VII (SCERT Mizoram),"self-control, restraint",Mahni châkna khap thei dan.,Insûm nei lo chuan dawklak a chang thei.,7,"word_chain,spelling,word_search,tawng_upa,crossword,sentence_builder",
word.ngaimawh,ngaimawh,abstract-emotion,TQ7,draft,pending,pending,Source: Kumtluang Class VII (SCERT Mizoram),"pity, sympathy",Mi harsatna tawktu chunga rilru natna.,Zu ngawl mi chu ngaimawh a awm hle.,7,"word_chain,spelling,word_search,tawng_upa,crossword,sentence_builder",
word.sumpung,sum pung,abstract-noun,TQ7,draft,pending,pending,Source: Kumtluang Class VII (SCERT Mizoram),"interest, growth of money",Sum khawl atanga tam belh zel.,Sum khawl chuan sum pung a nei ṭhin.,7,"word_chain,spelling,word_search,tawng_upa,crossword,sentence_builder",
word.thawhchhuah,thawh chhuah,abstract-noun,TQ7,draft,pending,pending,Source: Kumtluang Class VII (SCERT Mizoram),"income, effort put in",Hna thawk atanga dawng.,A thawh chhuah hi a chunga a hman ṭhin.,7,"word_chain,spelling,word_search,tawng_upa,crossword,sentence_builder",
word.tam,tam,adjective-quantity,TQ7,draft,pending,pending,Source: Kumtluang Class VII (SCERT Mizoram),"many, much",A zat a sang.,Mi tam takin infiam an duh.,7,"word_chain,spelling,word_search,tawng_upa,crossword,sentence_builder",
word.tlem,tlêm,adjective-quantity,TQ7,draft,pending,pending,Source: Kumtluang Class VII (SCERT Mizoram),"few, little",A zat a lo tlem.,Sum tlêm chauh a nei.,7,"word_chain,spelling,word_search,tawng_upa,crossword,sentence_builder",
word.pahnih,pahnih,adjective-number,TQ7,draft,pending,pending,Source: Kumtluang Class VII (SCERT Mizoram),two,A zat pahnih.,Fanu pahnih an nei.,7,"word_chain,spelling,word_search,tawng_upa,crossword,sentence_builder",
word.pathum,pathum,adjective-number,TQ7,draft,pending,pending,Source: Kumtluang Class VII (SCERT Mizoram),three,A zat pathum.,Zirlai pathum an zir tawh.,7,"word_chain,spelling,word_search,tawng_upa,crossword,sentence_builder",
word.siar,siâr,verbs,K7,draft,pending,pending,Source: Kumtluang Class VII (SCERT Mizoram).,"to shine, gleam","Eng emaw thil a var hle a, a êng lâr taka lang tihna a ni.",Kum lo chhuk hian arsi te chu tha takin an siâr.,7,"word_chain,spelling,word_search,tawng_upa,crossword",✨
word.hmatiang,hmatiang,adjectives,K7,draft,pending,pending,"Source: Kumtluang Class VII (SCERT Mizoram). VERIFY: directional suffix word, exact nuance uncertain outside grammar context.",in this manner/direction (directional word),"""-tiang"" tawi hmang, kawng emaw dan sawina a ni.","Hmatiang hian kal ang che, chumi hnuah i lo pan thei ang.",7,"word_chain,spelling,word_search,tawng_upa,crossword",
word.tiamthu,tiamthu,values,K7,draft,pending,pending,Source: Kumtluang Class VII (SCERT Mizoram).,"a promise, a vow",Mi pakhat chuan a tih tur emaw a chhawn tur emaw a sawi tlat hi tiamthu a ni.,Ka thiante hnenah lehkha ka zir ve zel tur ka tiamthu a ni.,7,"word_chain,spelling,word_search,tawng_upa,crossword",🤝
word.sirva-2,sîrva,animals,K7,draft,pending,pending,Source: Kumtluang Class VII (SCERT Mizoram). VERIFY: exact bird species uncertain; glossed generically as a small bird. VERIFY possible duplicate: diacritic-variant of existing word 'sirva' already in corpus — confirm same word or distinct before import.,a small bird species,"Sava chi tê deuh, ram leh khua vela awm thin hi a ni.",Zing tinah sîrva chu kan in hnuaiah a lo hla thin.,7,"picture_match,spelling,word_search,tawng_upa,crossword,thumal_kawp",🐦
word.lunglai,lunglai,values,K7,draft,pending,pending,Source: Kumtluang Class VII (SCERT Mizoram).,"heart, mind, soul (poetic)","Mihring rilru leh thinlung awmna hmun, a ngaihtuahna leh a hlimna/lungngaina awmna hi a ni.",Ka lunglai chu lawmna nen a khat.,7,"word_chain,spelling,word_search,tawng_upa,crossword,sentence_builder",
word.chunglum,chunglûm,nature,K7,draft,pending,pending,Source: Kumtluang Class VII (SCERT Mizoram).,"zenith, the sun's highest point at midday","Ni chu vân chunga a chungpen lam a thlen hun, sun a tam ber hun a ni.",Chunglûm a lo thleng hian ni chu a sa hle.,7,"picture_match,spelling,word_search,tawng_upa,crossword,thumal_kawp",☀️
word.mahriakin,mah riakin,idiom,K7,draft,pending,pending,Source: Kumtluang Class VII (SCERT Mizoram).,"by oneself, on one's own accord","Mahni te chauhvin, ṭanpuina reng reng nei lovin tih hi a ni.",Mah riakin ka hna ka thawk zo thei ang.,7,"word_chain,spelling,word_search,tawng_upa,crossword,sentence_builder",
word.chharsak,chharsak,verbs,K7,draft,pending,pending,Source: Kumtluang Class VII (SCERT Mizoram).,"to give away, hand over to someone","Thil neih chu mi dangte hnenah pêk a, dah lo hi a ni.",A hlau avangin a thil chu mi hnenah a chharsak ta a.,7,"word_chain,spelling,word_search,tawng_upa,crossword",
word.zaktheilo,zak thei lo,idiom,K7,draft,pending,pending,Source: Kumtluang Class VII (SCERT Mizoram).,"shameless, without shame",Thil dik lo ti pawhin zahna nei lo hi a ni.,Zak thei lo takin dâwt thu a sawi zel.,7,"word_chain,spelling,word_search,tawng_upa,crossword,sentence_builder",
word.lawmman,lawmman,values,K7,draft,pending,pending,Source: Kumtluang Class VII (SCERT Mizoram).,"a reward, a prize","Thil ṭha tih avanga pêk theih thil, hlawhtlinna atana pêk hi a ni.",Zirna hlawhtlin avangin lawmman ka dawng.,7,"word_chain,spelling,word_search,tawng_upa,crossword,sentence_builder",🏆
word.hreipui,hreipui,tools,K7,draft,pending,pending,Source: Kumtluang Class VII (SCERT Mizoram).,a large axe / hatchet,Thing tan atana hman naute aia lian zawk hrei chi hi a ni.,Hreipui hmangin pa chuan thing a tan.,7,"picture_match,spelling,word_search,tawng_upa,crossword,thumal_kawp,sentence_builder",🪓
word.chinghne,chinghne,animals,K7,draft,pending,pending,Source: Kumtluang Class VII (SCERT Mizoram). VERIFY: exact species (wolf vs jackal) uncertain in local usage.,wolf (a wild canine predator),"Ram sa chi khat, hnam ramsa ei tumtu leh beram delh thin hi a ni.","Chinghne chu ramhnuaiah a lo lang ta a, beramte an hlau em em.",7,"picture_match,spelling,word_search,tawng_upa,crossword,thumal_kawp",🐺
word.beram,beram,animals,K7,draft,pending,pending,Source: Kumtluang Class VII (SCERT Mizoram).,sheep,"Vawk ang bawk, sam bawmin a khu, ei atana enkawl ramsa hi a ni.",Beram tam takin tlangah an fan.,7,"picture_match,spelling,word_search,tawng_upa,crossword,thumal_kawp,sentence_builder",🐑
word.berampu,berampu,community,K7,draft,pending,pending,Source: Kumtluang Class VII (SCERT Mizoram).,"a shepherd, one who tends sheep","Beram enkawltu, an hlawhtlinna leh dinhmun tan mawhphurtu hi a ni.",Berampu chuan a beramte chu tlang a lam a.,7,"word_chain,spelling,word_search,tawng_upa,crossword,sentence_builder",🧑‍🌾
word.enkawltu,enkawltu,community,K7,draft,pending,pending,Source: Kumtluang Class VII (SCERT Mizoram).,"a caretaker, one who tends or watches over",Mi dang emaw ramsa emaw tan mawhphurin enkawl reng thei tu hi a ni.,Naupang enkawltu chu a hnathawh ah a rinawm hle.,7,"word_chain,spelling,word_search,tawng_upa,crossword,sentence_builder",
word.hliam,hliam,body_parts,K7,draft,pending,pending,Source: Kumtluang Class VII (SCERT Mizoram).,"a wound, an injury",Taksa emaw thil emaw chunga hliam a lo chhuah hi a ni.,Kal laiin ka hliam a natdawk a.,7,"picture_match,spelling,word_search,tawng_upa,crossword,thumal_kawp,sentence_builder",🩹
word.hnutchhiah,hnutchhiah,nature,K7,draft,pending,pending,Source: Kumtluang Class VII (SCERT Mizoram).,"footprint, track",Kal veleh awmna ram/lei chungah a lo awm ke hmuh hi a ni.,Sakei hnutchhiah kawng ah kan hmu.,7,"picture_match,spelling,word_search,tawng_upa,crossword,thumal_kawp,sentence_builder",👣
word.tuar,tuar,verbs,K7,draft,pending,pending,Source: Kumtluang Class VII (SCERT Mizoram).,"to endure, to suffer",Hrehawmna emaw natna emaw a hip lai chuan chhel lova awm reng hi a ni.,Zirna nasat a nih pawhin ka tuar zel ang.,7,"word_chain,spelling,word_search,tawng_upa,crossword,sentence_builder",
word.seh-2,seh,verbs,K7,draft,pending,pending,Source: Kumtluang Class VII (SCERT Mizoram).,to slaughter/butcher (an animal),"Ramsa thah a, sa ei atan siam hi a ni.",Kut piang niah chuan an beram an seh thin.,7,"word_chain,spelling,word_search,tawng_upa,crossword,sentence_builder",
word.lehchhawng,lehchhawng,nature,K7,draft,pending,pending,Source: Kumtluang Class VII (SCERT Mizoram).,food chain (ecological term),"Ramsa/ranghmang khat leh khat inzawmna, khat chuan khat a ei thin dan hi a ni.",Lehchhawng a bo chuan ram huam pumpui a tihchhia thei.,7,"picture_match,spelling,word_search,tawng_upa,crossword,thumal_kawp",
word.hnawksak,hnawksak,verbs,K7,draft,pending,pending,Source: Kumtluang Class VII (SCERT Mizoram).,"to harm, to endanger someone",Mi dang tan hlauhawm emaw pai lohna emaw tichhuah hi a ni.,Ram sual siam chuan mihring a hnawksak thei.,7,"word_chain,spelling,word_search,tawng_upa,crossword,sentence_builder",
word.inringtawn,inring tawn,values,K7,draft,pending,pending,Source: Kumtluang Class VII (SCERT Mizoram).,"mutual interdependence, relying on one another","Khat leh khat aninawm ela awm thei lova, inzawm zel hi a ni.",Ramhuamin an inring tawn theuh a ni.,7,"word_chain,spelling,word_search,tawng_upa,crossword,sentence_builder",
word.sazuk-2,sazuk,animals,K7,draft,pending,pending,Source: Kumtluang Class VII (SCERT Mizoram). VERIFY: exact deer species uncertain.,a deer species,"Sazuk chi khat, tlang leh ram ah awm thin, tlan chak takzet hi a ni.",Sazuk chu a tlan chakzia avangin man harsa em em.,7,"picture_match,spelling,word_search,tawng_upa,crossword,thumal_kawp",🦌
word.hnapkhawn,hnapkhâwn,animals,K7,draft,pending,pending,Source: Kumtluang Class VII (SCERT Mizoram).,snail,"Ran chi khat, khu bawmin a khu, a kal a het em em hi a ni.",Hnapkhâwn chu a kal het em em.,7,"picture_match,spelling,word_search,tawng_upa,crossword,thumal_kawp,sentence_builder",🐌
word.mungek,mungek,animals,K7,draft,pending,pending,Source: Kumtluang Class VII (SCERT Mizoram).,falcon (a bird of prey),"Sava chi khat, a lêng chak leh a tlan chak hi a ni.",Mungek chu vânlêngin a lian hle.,7,"picture_match,spelling,word_search,tawng_upa,crossword,thumal_kawp,sentence_builder",🦅
word.hnim-2,hnim,nature,K7,draft,pending,pending,Source: Kumtluang Class VII (SCERT Mizoram).,grass (plant eaten by animals),"Lova ram a chhuak, sazate ei thin, hnah tê deuh nei hi a ni.",Beram te chuan hnim an ei thin.,7,"picture_match,spelling,word_search,tawng_upa,crossword,thumal_kawp,sentence_builder",🌱
word.savate,savate,animals,K7,draft,pending,pending,Source: Kumtluang Class VII (SCERT Mizoram).,"small animals, small creatures","Ramsa tê deuh te, thlai a ei ve thei ho hi a ni.",Savate hian thlai an ei ve thin.,7,"picture_match,spelling,word_search,tawng_upa,crossword,thumal_kawp,sentence_builder",
word.khau-2,khâu,animals,K7,draft,pending,pending,Source: Kumtluang Class VII (SCERT Mizoram). VERIFY: exact species/local usage uncertain. VERIFY possible duplicate: diacritic-variant of existing word 'khau' already in corpus — confirm same word or distinct before import.,caterpillar,"Rüng chi khat, thlai hnah ei chi hi a ni.",Khâu hian phaia hnah tam tak a ei.,7,"picture_match,spelling,word_search,tawng_upa,crossword,thumal_kawp,sentence_builder",🐛
word.mulukawlh,mulukawlh,animals,K7,draft,pending,pending,Source: Kumtluang Class VII (SCERT Mizoram).,owl,"Sava chi khat, zan lamah lêng a, mi eng zawng chu a ei bo thin hi a ni.",Mulukawlh chu zanah a au thin.,7,"picture_match,spelling,word_search,tawng_upa,crossword,thumal_kawp,sentence_builder",🦉
word.choak-2,choâk,animals,K7,draft,pending,pending,Source: Kumtluang Class VII (SCERT Mizoram). VERIFY: spelling could also be rendered chôk.,hawk (a bird of prey),"Sava chi khat, sa tê deuh ei thin, a mit fim hi a ni.",Choâk chu vân aṭangin a en chho thin.,7,"picture_match,spelling,word_search,tawng_upa,crossword,thumal_kawp,sentence_builder",🦅
word.bal-2,bâl,values,K7,draft,pending,pending,Source: Kumtluang Class VII (SCERT Mizoram). VERIFY: context-specific meaning (blemish/stain); word can also mean numbness elsewhere. VERIFY possible duplicate: diacritic-variant of existing word 'Bal' already in corpus — confirm same word or distinct before import.,"a stain, blemish",Thil chunga awm chhe leh felfai lo tihna hi a ni.,Puan chunga bâl a lo awm.,7,"word_chain,spelling,word_search,tawng_upa,crossword,sentence_builder",
word.pawlhtu,pawlhtu,values,K7,draft,pending,pending,Source: Kumtluang Class VII (SCERT Mizoram).,"a deceiver, one who misleads",Mi dang thu diklo hriltirin kal awng danglam tihtu hi a ni.,Pawlhtu chu mi an ring lo ngei ang.,7,"word_chain,spelling,word_search,tawng_upa,crossword,sentence_builder",
word.dawt-2,dâwt,verbs,K7,draft,pending,pending,Source: Kumtluang Class VII (SCERT Mizoram).,"to accuse, to blame (someone)",Mi pakhat chungah sual emaw thil suala tih emaw phawrh hi a ni.,Dik lo lovin mi dâwt hi a tha lo.,7,"word_chain,spelling,word_search,tawng_upa,crossword,sentence_builder",
word.haider,hai der,idiom,K7,draft,pending,pending,Source: Kumtluang Class VII (SCERT Mizoram).,"excess, exaggeration","A dik aia hai zâwk, itawm loh tihna hi a ni.",Hai der duh lohin dik takin sawi ang che.,7,"word_chain,spelling,word_search,tawng_upa,crossword,sentence_builder",
word.chapo,chapo,adjectives,K7,draft,pending,pending,Source: Kumtluang Class VII (SCERT Mizoram).,"strict, harsh, cruel","Mi chungah chhel lovin, chak takin tih tumna hi a ni.",Chapo takin naupangte chu a enkawl.,7,"word_chain,spelling,word_search,tawng_upa,crossword,sentence_builder",
word.sichangneii,sichangneii,traditional_culture,K7,draft,pending,pending,"Source: Kumtluang Class VII (SCERT Mizoram). VERIFY culture-sensitive: khuavang/spirit-folklore figure, route to human culture reviewer.",a fairy/spirit maiden of folklore,"Tuikam leh ram ṭha tak lamah awm thin, khuavang ang mihring hmelin lang thin thlarau hi a ni.",Thawnthu ah Sichangneii chanchin kan chhiar thin.,7,"word_chain,spelling,word_search,tawng_upa,crossword,sentence_builder",
word.kangvar,kângvâr,traditional_culture,K7,draft,pending,pending,Source: Kumtluang Class VII (SCERT Mizoram). VERIFY culture-sensitive: traditional craft/lighting practice.,a traditional pine-wood torch used for light,"Thing kâng hmangin siam, zan lama eng atana hman thil hi a ni.",Hmanlai mite chuan kângvâr in in hnuaiah an eng ṭha thin.,7,"word_chain,spelling,word_search,tawng_upa,crossword",🔥
word.rapchung,rapchung,traditional_culture,K7,draft,pending,pending,Source: Kumtluang Class VII (SCERT Mizoram). VERIFY culture-sensitive: traditional agricultural craft practice.,a deep pit dug for parching/roasting paddy,Buh hâk tumin tapchhak thuka siam kua hi a ni.,Rapchung ah buh an hâk thin.,7,"word_chain,spelling,word_search,tawng_upa,crossword,sentence_builder",
word.phulraw,phûlraw,food,K7,draft,pending,pending,Source: Kumtluang Class VII (SCERT Mizoram). VERIFY: exact plant identification uncertain.,a type of gourd used as a container,"Raw chi khat, a châng chu thil dahna atan hman hi a ni.",Phûlraw chu tui dahna atan an hman thin.,7,"picture_match,spelling,word_search,tawng_upa,crossword,thumal_kawp,sentence_builder",
word.chang-2,chang,body_parts,K7,draft,pending,pending,Source: Kumtluang Class VII (SCERT Mizoram).,the crest/comb of a bird,Arpa emaw sava emaw lu chunga a chhuak sen tê hi a ni.,Arpa chang chu a sen hle.,7,"picture_match,spelling,word_search,tawng_upa,crossword,thumal_kawp,sentence_builder",🐓
word.hlothlo,hlothlo,nature,K7,draft,pending,pending,Source: Kumtluang Class VII (SCERT Mizoram).,weeds that choke crops,"Lova buh leh thlai diptu, an hnim tihfai thei hi a ni.","Hlothlo tam takin buhlo a nei a, phunna a har.",7,"picture_match,spelling,word_search,tawng_upa,crossword,thumal_kawp",
word.aruhlangin,a ruh langin,idiom,K7,draft,pending,pending,Source: Kumtluang Class VII (SCERT Mizoram).,"openly, straightforwardly, bluntly","Chiang takin, pehhel emaw ngaihdan chhungril emaw awm lovin sawi hi a ni.",A ruh langin ka rilru ka sawi chhuak ta ang.,7,"word_chain,spelling,word_search,tawng_upa,crossword",
word.chhulkhatkual,chhûl khat kual,idiom,K7,draft,pending,pending,Source: Kumtluang Class VII (SCERT Mizoram).,siblings from the same mother,Nu pakhat hrin fate zawng zawng hi a ni.,Chhûl khat kual an nih avangin an inrilru lo tlangpui thin.,7,"word_chain,spelling,word_search,tawng_upa,crossword",
word.chhungtlai,chhung tlai,idiom,K7,draft,pending,pending,Source: Kumtluang Class VII (SCERT Mizoram).,"to eat one's fill, enough for one meal","Chaw ei a khap tak, vawi khat chaw eiah kham tak hi a ni.",Chhung tlai takin kan ei tawh.,7,"word_chain,spelling,word_search,tawng_upa,crossword,sentence_builder",🍚
word.intuithlar,intuithlar,values,K7,draft,pending,pending,Source: Kumtluang Class VII (SCERT Mizoram).,"to become estranged, distant from once-close people","Inchhungkhat vawng, thian leh chhungte nen inmihran hi a ni.",Nun changin an intuithlar ta.,7,"word_chain,spelling,word_search,tawng_upa,crossword,sentence_builder",
word.awmnikham,awmni kham,traditional_culture,K7,draft,pending,pending,"Source: Kumtluang Class VII (SCERT Mizoram). VERIFY culture-sensitive: death/mourning-related community custom, route to human culture reviewer.",a village day of rest declared due to death or a major event,Mitthi emaw pawimawh dang emaw awm avanga khawtlang huapin hna thawk lova awm ni hi a ni.,Khaw chuan mitthi avangin awmni kham an chin.,7,"word_chain,spelling,word_search,tawng_upa,crossword,sentence_builder",
word.khuavangrikhamsa,khuavang ri kham sa,traditional_culture,K7,draft,pending,pending,"Source: Kumtluang Class VII (SCERT Mizoram). VERIFY culture-sensitive: khuavang/spirit-folklore belief, route to human culture reviewer.",an eerie sound in the mountains believed to be a spirit's voice,Tlang dung emaw kawr emaw inrina tur remchang awm sa hi a ni.,Zanah tlang ah khuavang ri kham sa an hria.,7,"word_chain,spelling,word_search,tawng_upa,crossword,sentence_builder",
word.luang,luang,verbs,K7,draft,pending,pending,Source: Kumtluang Class VII (SCERT Mizoram).,"to flood, to overflow (of a river)",Tui emaw lui emaw a chung lam thleng chhuak hi a ni.,Ruah tam avangin lui a luang.,7,"word_chain,spelling,word_search,tawng_upa,crossword,sentence_builder",🌊
word.nasatna,nasatna,values,K7,draft,pending,pending,Source: Kumtluang Class VII (SCERT Mizoram).,"danger, calamity, severe disaster",Thil hlauhawm leh chhiatna nasa tak thleng hi a ni.,Nasatna a lo thleng chuan mite an inhlawh.,7,"word_chain,spelling,word_search,tawng_upa,crossword,sentence_builder",
word.phalhauh,phalhauh,verbs,K7,draft,pending,pending,Source: Kumtluang Class VII (SCERT Mizoram). VERIFY: precise nuance inferred from limited context.,to readily consent/allow,"Ngun tak takin phal, dûm dâm lo phal hi a ni.",A pa chuan a phalhauh lo.,7,"word_chain,spelling,word_search,tawng_upa,crossword,sentence_builder",
word.huai,huai,traditional_culture,K7,draft,pending,pending,"Source: Kumtluang Class VII (SCERT Mizoram). VERIFY culture-sensitive: khuavang/spirit-folklore belief, route to human culture reviewer.",a guardian spirit believed to inhabit a mountain or place,"Ram emaw tlang emaw chunga awm ngaiha thlarau, mite ring hi a ni.",Reiêk tlang huai an ti thin.,7,"word_chain,spelling,word_search,tawng_upa,crossword,sentence_builder",
word.ramhuai,ramhuai,traditional_culture,K7,draft,pending,pending,"Source: Kumtluang Class VII (SCERT Mizoram). VERIFY culture-sensitive: khuavang/spirit-folklore belief, route to human culture reviewer.",a forest/wild spirit,Ram emaw thlifim emaw chunga awm ngaiha thlarau hi a ni.,Ramhuai chungchang thawnthu kan hria.,7,"word_chain,spelling,word_search,tawng_upa,crossword,sentence_builder",
word.chenchilhtu,chenchilhtu,traditional_culture,K7,draft,pending,pending,Source: Kumtluang Class VII (SCERT Mizoram). VERIFY culture-sensitive: khuavang/spirit-folklore belief; exact nuance uncertain.,a caretaker/guardian spirit of a place,Hmun emaw thing emaw vengtu leh chenpuitu ngaiha thlarau hi a ni.,Thing hlui chu chenchilhtu nei niin an ring.,7,"word_chain,spelling,word_search,tawng_upa,crossword,sentence_builder",
word.vengtu-2,vengtu,community,K7,draft,pending,pending,"Source: Kumtluang Class VII (SCERT Mizoram). VERIFY spelling-variant: also found as class2:word.vengtu='vêngtu'(K2), class7:word.vengtu='vengtu'(K7) — confirm distinct words or same word/typo.","a guardian, watcher, protector","Mi emaw hmun emaw enkawl a, vênghim tu hi a ni.",Kan khaw vengtu an awm.,7,"word_chain,spelling,word_search,tawng_upa,crossword,sentence_builder",🛡️
word.hlum,hlum,verbs,K7,draft,pending,pending,Source: Kumtluang Class VII (SCERT Mizoram).,"to die, to perish (esp. violently)","Hringnun a bo, a thi hi a ni.",Sual chu tlan lohin a hlum ta a.,7,"word_chain,spelling,word_search,tawng_upa,crossword,sentence_builder",
word.chuanchung,chuan chung,nature,K7,draft,pending,pending,Source: Kumtluang Class VII (SCERT Mizoram).,the highest/topmost part of a village or region,"Khua emaw ram emaw khâm, a chung lam hlâwm hi a ni.","Chuan chung lamah kan din a, khua kan enfiah.",7,"picture_match,spelling,word_search,tawng_upa,crossword,thumal_kawp,sentence_builder",
word.bawhbel,bawhbel,traditional_culture,K7,draft,pending,pending,Source: Kumtluang Class VII (SCERT Mizoram). VERIFY culture-sensitive: traditional zawlbûk architecture practice.,a large log placed at a zawlbûk entrance one must climb over,"Zawlbûk luhna kawng bulah dah, luh apiang bawh liam tur thing pum hi a ni.",Naupang zawlbûkah luh tan chuan bawhbel an bawh liam thin.,7,"word_chain,spelling,word_search,tawng_upa,crossword",
word.sut-2,sût,traditional_culture,K7,draft,pending,pending,Source: Kumtluang Class VII (SCERT Mizoram). VERIFY culture-sensitive: traditional architecture/craft practice. VERIFY possible duplicate: diacritic-variant of existing word 'sut' already in corpus — confirm same word or distinct before import.,the ridge support beam in a traditional Mizo house,"In chunga thing tlawn kham ban dotu, in tlûng dotu hi a ni.",In siam khan sût tha takin an siam ngai.,7,"word_chain,spelling,word_search,tawng_upa,crossword,sentence_builder",
word.tapchepsut,tap chep sût,traditional_culture,K7,draft,pending,pending,Source: Kumtluang Class VII (SCERT Mizoram). VERIFY culture-sensitive: traditional zawlbûk architecture practice.,the support posts near a zawlbûk's hearth/fireplace area,Zawlbûk chhuata mei tuahna tap sir tawna sût dingte hi a ni.,Tap chep sût kaihah zawlbûk mite an chen ngun.,7,"word_chain,spelling,word_search,tawng_upa,crossword,sentence_builder",
word.bahzar,bahzâr,traditional_culture,K7,draft,pending,pending,Source: Kumtluang Class VII (SCERT Mizoram). VERIFY culture-sensitive: traditional architecture tied to zawlbûk/chief's house.,a raised wooden platform along a wall (zawlbûk or chief's house),Zawlbûk emaw lal in emaw kawmchâr lama chhuat sang bik siam hi a ni.,Bahzâr ah zawlbûk mite an chen thin.,7,"word_chain,spelling,word_search,tawng_upa,crossword,sentence_builder",
word.dawvan,dawvân,traditional_culture,K7,draft,pending,pending,Source: Kumtluang Class VII (SCERT Mizoram). VERIFY culture-sensitive: traditional architecture tied to zawlbûk/chief's house.,a raised wooden platform (synonym of bahzâr),Bahzâr ang bawka lal in emaw zawlbûk emaw kawmchâr lama siam chhuat sang bik hi a ni.,"Dawvân ah an chen a, an thlaruk hlim em em.",7,"word_chain,spelling,word_search,tawng_upa,crossword",
word.awkpaka,âwkpakâ,traditional_culture,K7,draft,pending,pending,Source: Kumtluang Class VII (SCERT Mizoram). VERIFY culture-sensitive: traditional zawlbûk architecture detail.,the gap between railing bars of a bahzâr platform,Zawlbûk bahzâr bang hmâwr inkâr a âwng hi a ni.,Âwkpakâah chuan naupangte an ke an insawn lut fo thin.,7,"word_chain,spelling,word_search,tawng_upa,crossword",
word.beisei,beisei,values,K7,draft,pending,pending,Source: Kumtluang Class VII (SCERT Mizoram).,"hope, expectation",Thil ṭha lo chhuak dawn tih ngaihtuahna hi a ni.,Ka ram atan beisei nasa tak ka nei.,7,"word_chain,spelling,word_search,tawng_upa,crossword,sentence_builder",
word.zalen,zalên,values,K7,draft,pending,pending,Source: Kumtluang Class VII (SCERT Mizoram).,"freedom, independence","Mi dang thuneihna hnuaia awm loh, mahni put put theihna hi a ni.",Kan ram hi zalên tak a ni.,7,"word_chain,spelling,word_search,tawng_upa,crossword,sentence_builder",🕊️
word.tihmingchhet,tihmingchhet,values,K7,draft,pending,pending,Source: Kumtluang Class VII (SCERT Mizoram).,"to disgrace, to bring shame to one's name",Mi hming emaw hnam hming emaw chhiatna hmuh a tihchhiatu hi a ni.,Sual thawh chuan mahni tihmingchhet a ni.,7,"word_chain,spelling,word_search,tawng_upa,crossword,sentence_builder",
word.rawngbawl,rawngbawl,values,K7,draft,pending,pending,Source: Kumtluang Class VII (SCERT Mizoram).,"to serve, to take care of (a duty)","Mi dang emaw ram emaw tan hna thawk a, enkawl hi a ni.",Ram kan rawngbawl tur a ni.,7,"word_chain,spelling,word_search,tawng_upa,crossword,sentence_builder",
word.hum,hum,verbs,K7,draft,pending,pending,Source: Kumtluang Class VII (SCERT Mizoram).,"to protect, to guard, to defend",Hlauhawm emaw hmêlma emaw laka vênghim hi a ni.,Kan ram kan hum ang.,7,"word_chain,spelling,word_search,tawng_upa,crossword,sentence_builder",🛡️
word.tihkian,tihkian,verbs,K7,draft,pending,pending,Source: Kumtluang Class VII (SCERT Mizoram).,"to correct, to fix, to rectify",Thil suala emaw dik loh emaw dik takah siam let hi a ni.,Thil dik lo kan tihkian tur a ni.,7,"word_chain,spelling,word_search,tawng_upa,crossword,sentence_builder",
word.taihmakna-2,taihmâkna,values,K7,draft,pending,pending,Source: Kumtluang Class VII (SCERT Mizoram). VERIFY possible duplicate: diacritic-variant of existing word 'taihmakna' already in corpus — confirm same word or distinct before import.,"diligence, perseverance, hard work","Hlauhawm lovin, taima leh chak takin thawk zel hi a ni.",Taihmâkna avangin hlawhtlinna a chang.,7,"word_chain,spelling,word_search,tawng_upa,crossword,sentence_builder",
word.tanpuitu,tanpuitu,community,K7,draft,pending,pending,Source: Kumtluang Class VII (SCERT Mizoram).,"a helper, one who assists",Mi dang harsatna hip laiin ṭanpui thin tu hi a ni.,Tanpuitu tha kan awm chuan hna kan thawh nual.,7,"word_chain,spelling,word_search,tawng_upa,crossword,sentence_builder",🤝
word.khawlkhawm,khawl khâwm,values,K7,draft,pending,pending,Source: Kumtluang Class VII (SCERT Mizoram).,"accumulated wealth, earnings",Hna thawh atanga sum leh pai lâk khâwm hi a ni.,Khawl khâwm rêng rêngin mihring dam a ring a phal lo.,7,"word_chain,spelling,word_search,tawng_upa,crossword",
word.chhekkhawm,chhêk khâwm,values,K7,draft,pending,pending,Source: Kumtluang Class VII (SCERT Mizoram).,to gather/hoard through wrongful means,Dik lo takin thil emaw sum emaw chelh khâwm hi a ni.,Chhêk khâwm thil chu a hlawhtlin ngai lo.,7,"word_chain,spelling,word_search,tawng_upa,crossword,sentence_builder",
word.benbel,benbel,verbs,K7,draft,pending,pending,Source: Kumtluang Class VII (SCERT Mizoram).,to lend out generously,Mi dang tan thil emaw hmun emaw in leh lo hman theihna atan pêk hi a ni.,Ka in leh lo mi hnenah ka benbel thin.,7,"word_chain,spelling,word_search,tawng_upa,crossword,sentence_builder",
word.hlohna,hlohna,values,K7,draft,pending,pending,Source: Kumtluang Class VII (SCERT Mizoram).,"loss, defeat","Thil neih emaw beihna emaw a bo, hlawhchham hi a ni.",Match kan hlohna a tam.,7,"word_chain,spelling,word_search,tawng_upa,crossword,sentence_builder",
word.kaihruaitu,kaihruaitu,values,K7,draft,pending,pending,Source: Kumtluang Class VII (SCERT Mizoram).,"a guide, a guiding principle",Kawng dik lam atan hruaitu emaw dan pawimawh emaw hi a ni.,Rinawmna hi ka nun kaihruaitu a ni.,7,"word_chain,spelling,word_search,tawng_upa,crossword,sentence_builder",
word.chhepsual,chhep sual,idiom,K7,draft,pending,pending,Source: Kumtluang Class VII (SCERT Mizoram).,"to make a misstep, to err in action","Kal emaw thawh emaw a sual, dik lo takin tih hi a ni.",Ka ke ka chhep sual lovin ka nun kan tum ang.,7,"word_chain,spelling,word_search,tawng_upa,crossword",
word.rukruk,rûkrûk,values,K7,draft,pending,pending,Source: Kumtluang Class VII (SCERT Mizoram).,"corruption, dishonesty, bribery",Sum leh pai duhamna avanga dan bawhchhia hi a ni.,Rûkrûk avangin ram nun a tichhia thei.,7,"word_chain,spelling,word_search,tawng_upa,crossword,sentence_builder",
word.hnamhmel,hnam hmêl,idiom,K7,draft,pending,pending,Source: Kumtluang Class VII (SCERT Mizoram).,"national image, reputation","Hnam mizia leh a chak sawina, mite hriatna hi a ni.",Kan thil tih dan chuan hnam hmêl a tichhia thei.,7,"word_chain,spelling,word_search,tawng_upa,crossword",
word.beidawnna,beidawnna,values,K7,draft,pending,pending,Source: Kumtluang Class VII (SCERT Mizoram).,"despair, hopelessness","Beisei bo taka awm, ṭha lo ngaih avang mangang hi a ni.",Beidawnna chu duhthusam a ni lo.,7,"word_chain,spelling,word_search,tawng_upa,crossword,sentence_builder",
word.chirhdum,chirhdûm,nature,K7,draft,pending,pending,Source: Kumtluang Class VII (SCERT Mizoram).,"a deep pit, abyss","Lei chhunga chhak thuk tak, êng loh hmun hi a ni.",Beidawnna chirhdûmah tla lo tur chuan i beiseina tha ve rawh.,7,"picture_match,spelling,word_search,tawng_upa,crossword,thumal_kawp",
word.luahtu,luahtu,values,K7,draft,pending,pending,Source: Kumtluang Class VII (SCERT Mizoram).,"a conqueror, one who seizes by force",Mi dang ram emaw thil emaw chak leh lakin lakpui tu hi a ni.,Ram luahtu chu mahni chak ringawtin an rin.,7,"word_chain,spelling,word_search,tawng_upa,crossword,sentence_builder",
word.inpumkhatna-2,inpumkhatna,values,K7,draft,pending,pending,Source: Kumtluang Class VII (SCERT Mizoram).,"unity, solidarity","Mi tam takin rilru leh thiltih dinhmun khat taka awm, inzawm hi a ni.",Inpumkhatna avangin hlawhtlinna a chang thin.,7,"word_chain,spelling,word_search,tawng_upa,crossword,sentence_builder",🤝
word.rawk,rawk,verbs,K7,draft,pending,pending,Source: Kumtluang Class VII (SCERT Mizoram).,"to lose (something one owns), to be bereft","Thil neih emaw hausakna emaw a bo, laksak hi a ni.",Sual leh thil chhia thawh chuan ka rawk mai ang.,7,"word_chain,spelling,word_search,tawng_upa,crossword",
word.thlahthlam,thlahthlam,verbs,K7,draft,pending,pending,Source: Kumtluang Class VII (SCERT Mizoram).,"to neglect, to fail to care for","Thil emaw mi emaw ngaihsak lo, humhalh lo hi a ni.",Ram thlahthlam chu a tha lo.,7,"word_chain,spelling,word_search,tawng_upa,crossword,sentence_builder",
word.mahnikutke,mahni kutke,idiom,K7,draft,pending,pending,Source: Kumtluang Class VII (SCERT Mizoram).,"self-reliance, one's own capability","Mahni chakna leh theihna, mi dang zawn lova awm hi a ni.",Mahni kutke chakin hlawhtling ka chak.,7,"word_chain,spelling,word_search,tawng_upa,crossword,sentence_builder",
word.lukhawng,lukhâwng,values,K7,draft,pending,pending,Source: Kumtluang Class VII (SCERT Mizoram).,final/ultimate profit or gain,Thil siam emaw hna thawh emaw tawpa hlawkna hi a ni.,Lukhâwng tak chu mi dangte tan pawimawhna a ni.,7,"word_chain,spelling,word_search,tawng_upa,crossword,sentence_builder",
word.thlawn,thlâwn,idiom,K7,draft,pending,pending,Source: Kumtluang Class VII (SCERT Mizoram).,"instead of, in place of",Thil dang emaw mi dang emaw zawn ah dah hi a ni.,A lo thlâwn deuhvin thil ṭha ka thawk ang.,7,"word_chain,spelling,word_search,tawng_upa,crossword,sentence_builder",
word.kuttlinglo,kut tling lo,idiom,K7,draft,pending,pending,Source: Kumtluang Class VII (SCERT Mizoram).,not achieved through honest effort,"Dik taka thawh chhuah ni lo, lâk khâwm emaw duhamna emaw hmang hi a ni.",Kut tling lo hausakna chu a rei lo va bo ang.,7,"word_chain,spelling,word_search,tawng_upa,crossword",
word.hut,hût,adjectives,K7,draft,pending,pending,Source: Kumtluang Class VII (SCERT Mizoram).,"unfit, spoiled, ill-gotten","Ei tlâk lo, chhia leh dik loh hi a ni.",Hût taka lak khâwm sum chuan hlim a pe thei lo.,7,"word_chain,spelling,word_search,tawng_upa,crossword",
word.bengbel,bêngbel,verbs,K7,draft,pending,pending,Source: Kumtluang Class VII (SCERT Mizoram).,to secure/store something firmly,"In sa dah, chhia lo tur leh boral lo tur atan dah hi a ni.",Ka thil chu bêngbel takin ka dah.,7,"word_chain,spelling,word_search,tawng_upa,crossword,sentence_builder",
word.uchuak,uchuak,adjectives,K7,draft,pending,pending,Source: Kumtluang Class VII (SCERT Mizoram).,"excessive, beyond what is appropriate","Awm tawk aia nasa zâwk, itawm lo hi a ni.",Uchuak taka a chhûk hlawhtling lo vang.,7,"word_chain,spelling,word_search,tawng_upa,crossword,sentence_builder",
word.hmaitimawk,hmai timâwk,idiom,K7,draft,pending,pending,Source: Kumtluang Class VII (SCERT Mizoram).,to disgrace/tarnish one's reputation,"Hming tichhia, timualpho hi a ni.",Sual thawh chuan mahni hmai timâwk a ni.,7,"word_chain,spelling,word_search,tawng_upa,crossword,sentence_builder",
word.tlabal,tlabal,adjectives,K7,draft,pending,pending,Source: Kumtluang Class VII (SCERT Mizoram).,"bad, evil, wicked","Thil chhia, a chhe lai deuh hi a ni.",Tlabal taka thawh chu mi tan a tha lo.,7,"word_chain,spelling,word_search,tawng_upa,crossword,sentence_builder",
word.rambua,ram bua,idiom,K7,draft,pending,pending,Source: Kumtluang Class VII (SCERT Mizoram).,"a troubled, impoverished land","Ram thlawhbua, thing leh mau umumal loh, hausak lo hi a ni.",Ram bua ah mite an nun harsa hle.,7,"word_chain,spelling,word_search,tawng_upa,crossword,sentence_builder",
word.dingchang,dingchang,verbs,K7,draft,pending,pending,Source: Kumtluang Class VII (SCERT Mizoram).,"to stand firm, to be stable/successful","Hlawhtling a, dingchhuak thei hi a ni.",Taihmâkna avangin a dingchang ta.,7,"word_chain,spelling,word_search,tawng_upa,crossword,sentence_builder",
word.phuhru,phuhru,verbs,K7,draft,pending,pending,Source: Kumtluang Class VII (SCERT Mizoram).,"to burden, to be a load on someone","Mi dang mamawh tihsak a, hnawh phurtu hi a ni.",Mahni tuar tur mi dang phuhru chu a tha lo.,7,"word_chain,spelling,word_search,tawng_upa,crossword",
word.nunrawn,nunrâwn,values,K7,draft,pending,pending,Source: Kumtluang Class VII (SCERT Mizoram).,"livelihood, sustenance","Nun kaltir theihna, chaw leh thil neih hi a ni.",A nunrâwn atan hna a thawk zel.,7,"word_chain,spelling,word_search,tawng_upa,crossword,sentence_builder",
word.nihlawh,nihlawh,values,K7,draft,pending,pending,Source: Kumtluang Class VII (SCERT Mizoram).,"loss, deficiency","Thil neih emaw beihna emaw a tlem, harsatna hi a ni.",Sum nihlawh chuan a chhungkuate a buai thei.,7,"word_chain,spelling,word_search,tawng_upa,crossword,sentence_builder",
word.hlen,hlen,verbs,K7,draft,pending,pending,Source: Kumtluang Class VII (SCERT Mizoram).,"to increase, to extend, to add to",A zat emaw a rei emaw belh zual hi a ni.,Kan hausakna kan hlen zel a tul.,7,"word_chain,spelling,word_search,tawng_upa,crossword,sentence_builder",
word.thuam,thuam,tools,K7,draft,pending,pending,Source: Kumtluang Class VII (SCERT Mizoram).,"equipment, gear",Hna thawh emaw kal emaw atana mamawh thil hrang hrang hi a ni.,Zin thuam kan buatsaih tawh a ni.,7,"picture_match,spelling,word_search,tawng_upa,crossword,thumal_kawp,sentence_builder",
word.thangthar-2,thangthar,community,K7,draft,pending,pending,"Source: Kumtluang Class VII (SCERT Mizoram). VERIFY spelling-variant: also found as class4:word.thangthar='ṭhangthar'(K4), class7:word.thangthar='thangthar'(K7) — confirm distinct words or same word/typo.","youth, the young generation","Naupang leh tlangval hnathar chi, khawtlang atana thar chhuak hi a ni.",Thangthar chuan ram hmasawnna an bei tul.,7,"word_chain,spelling,word_search,tawng_upa,crossword,sentence_builder",🧑
word.chhiatni-2,chhiatni,idiom,K7,draft,pending,pending,Source: Kumtluang Class VII (SCERT Mizoram).,"a day of misfortune, a day of disaster","Vanduaina lo thlen ni, thil chhe chhuak ni hi a ni.",Chhiatni a lo thleng loh atan kan innghah tul.,7,"word_chain,spelling,word_search,tawng_upa,crossword,sentence_builder",
word.run-2,rûn,nature,K7,draft,pending,pending,Source: Kumtluang Class VII (SCERT Mizoram).,"house, dwelling place","Mi chenna in, chhawmna hmun hi a ni.",Chhak leh thlang rûn tinah virthli a lêng vel.,7,"picture_match,spelling,word_search,tawng_upa,crossword,thumal_kawp,sentence_builder",🏠
word.thinglenbuang,thinglenbuang,nature,K7,draft,pending,pending,Source: Kumtluang Class VII (SCERT Mizoram).,a large tree/tree trunk,"Thing kung lian tak, ram huamah din reng hi a ni.",Thinglenbuang chungah sava an in hnuai thin.,7,"picture_match,spelling,word_search,tawng_upa,crossword,thumal_kawp,sentence_builder",🌳
word.siahthing,siahthing,nature,K7,draft,pending,pending,Source: Kumtluang Class VII (SCERT Mizoram). VERIFY: exact tree species uncertain.,a type of large tree,"Thing kung chi khat, ram huamah awm thin hi a ni.",Siahthing hnuaiah kan hmun a nuam.,7,"picture_match,spelling,word_search,tawng_upa,crossword,thumal_kawp,sentence_builder",
word.thlangkawrthli,thlangkawr thli,nature,K7,draft,pending,pending,Source: Kumtluang Class VII (SCERT Mizoram).,wind blowing from the mountain pass or west,Kawr ruam lam aṭanga thli rawn tleh/thaw hi a ni.,Thlangkawr thli chu a var hle.,7,"picture_match,spelling,word_search,tawng_upa,crossword,thumal_kawp,sentence_builder",
word.inchhawk,inchhawk,nature,K7,draft,pending,pending,Source: Kumtluang Class VII (SCERT Mizoram).,ocean waves surging/crashing,Tuifawn intan bung nghuat nghuat hi a ni.,Tuipui a inchhawk chuan a rim a nasa hle.,7,"picture_match,spelling,word_search,tawng_upa,crossword,thumal_kawp,sentence_builder",🌊
word.nghawrdim,nghawr dim,idiom,K7,draft,pending,pending,Source: Kumtluang Class VII (SCERT Mizoram).,"a hollow, melancholy feeling","Nghawr nghing, thin tithawng tihna hi a ni.",Nghawr dim rilru nen a khaw a en zel.,7,"word_chain,spelling,word_search,tawng_upa,crossword,sentence_builder",
word.ruang,ruang,traditional_culture,K7,draft,pending,pending,Source: Kumtluang Class VII (SCERT Mizoram). VERIFY culture-sensitive: reference to a dead body/death context.,"a corpse, dead body","Mihring thi tawh, taksa awm chhun hi a ni (chang khat).",Ruang chu an phum a.,7,"word_chain,spelling,word_search,tawng_upa,crossword,sentence_builder",
word.kawlvirthli,kawl virthli,nature,K7,draft,pending,pending,Source: Kumtluang Class VII (SCERT Mizoram). 🍃,"a gentle, pleasant breeze",Thli fim leh nuam takin thaw hi a ni.,Kawl virthli chu a nuam hle.,7,"picture_match,spelling,word_search,tawng_upa,crossword,thumal_kawp,sentence_builder",
word.ruangdamna,ruang damna,idiom,K7,draft,pending,pending,Source: Kumtluang Class VII (SCERT Mizoram).,something that restores/revives the body,"Taksa tihahdamtu, hriselna atan ṭha hi a ni.",Damdawi hi ruang damna a ni thin.,7,"word_chain,spelling,word_search,tawng_upa,crossword,sentence_builder",
word.chhak,chhak,nature,K7,draft,pending,pending,Source: Kumtluang Class VII (SCERT Mizoram).,east (direction),"Ni chhuah lam, kim hrang khat hi a ni.",Chhak lam aṭangin ni a chhuak.,7,"picture_match,spelling,word_search,tawng_upa,crossword,thumal_kawp,sentence_builder",🧭
word.thlang,thlang,nature,K7,draft,pending,pending,Source: Kumtluang Class VII (SCERT Mizoram). VERIFY: 'thlang' more commonly means hillside; here paired with chhak (east) to mean west.,"west (direction, in this context)","Ni tlâk lam, chhak kim laka awm hi a ni.",Thlang lam aṭangin ni a tlâk.,7,"picture_match,spelling,word_search,tawng_upa,crossword,thumal_kawp,sentence_builder",
word.hleitling,hleitling,adjectives,K7,draft,pending,pending,Source: Kumtluang Class VII (SCERT Mizoram). VERIFY culture-sensitive: traditional wrestling attire.,"loose and baggy, oversized (of clothing)","Puan lian leh hrawl, ke tak lo hi a ni.",Inbuan turin puan hleitling an ven thin.,7,"word_chain,spelling,word_search,tawng_upa,crossword,sentence_builder",
word.insuknawr,insuknawr,traditional_culture,K7,draft,pending,pending,Source: Kumtluang Class VII (SCERT Mizoram). VERIFY culture-sensitive: traditional wrestling custom; exact nuance inferred from context.,to warm up/loosen up the body before a match,"Taksa in nawr a, tumte hmasa ah insik siam hi a ni.",Inbuan hmasak an insuknawr ṭhin.,7,"word_chain,spelling,word_search,tawng_upa,crossword,sentence_builder",
word.inchhawn,inchhawn,traditional_culture,K7,draft,pending,pending,Source: Kumtluang Class VII (SCERT Mizoram). VERIFY culture-sensitive: traditional wrestling challenge custom; exact nuance uncertain.,to challenge one another to a match,Mi pahnih inbuan tumin inko/insawi hi a ni.,Tlangval pahnih chu an inchhawn a.,7,"word_chain,spelling,word_search,tawng_upa,crossword,sentence_builder",
word.indaikhalh,indaikhalh,traditional_culture,K7,draft,pending,pending,Source: Kumtluang Class VII (SCERT Mizoram). VERIFY culture-sensitive: traditional wrestling technique.,to sweep or trip an opponent's leg (wrestling technique),"Inbuan laiin doral ke chhep chhawn a, tlu tir hi a ni.",A thiam zawk chuan a daikhalh leh nge nge thin.,7,"word_chain,spelling,word_search,tawng_upa,crossword",
word.zualko,zualko,traditional_culture,K7,draft,pending,pending,"Source: Kumtluang Class VII (SCERT Mizoram). VERIFY culture-sensitive: death/mourning-related community custom; exact nuance uncertain, route to human culture reviewer.",a customary practice/announcement associated with death,Mitthi thu hriattirna atana khawtlang zinga siam dan hi a ni.,Zualko thu an hriatin mitthi chhungte an lainat pui.,7,"word_chain,spelling,word_search,tawng_upa,crossword,sentence_builder",
word.inphawi,inphawi,traditional_culture,K7,draft,pending,pending,Source: Kumtluang Class VII (SCERT Mizoram). VERIFY culture-sensitive: traditional wrestling challenge custom.,to make a formal challenge/pledge for a match,Inbuan tum ni tur ngun taka insawi/inko hi a ni.,Inban phawi tih hi inphawi tihna a ni.,7,"word_chain,spelling,word_search,tawng_upa,crossword,sentence_builder",
word.kawtchhuah,kawtchhuah,traditional_culture,K7,draft,pending,pending,Source: Kumtluang Class VII (SCERT Mizoram). VERIFY: nuance inferred from limited context.,a formal public first appearance (coming-out),"A hmasa berah khalh chhuah a, mi tan intar lan hi a ni.",Tlangval thar chu an kawtchhuah zel thin.,7,"word_chain,spelling,word_search,tawng_upa,crossword,sentence_builder",
word.tlangau,tlangau,traditional_culture,K7,draft,pending,pending,Source: Kumtluang Class VII (SCERT Mizoram). VERIFY culture-sensitive: traditional community announcement practice.,"a village crier, a traditional town announcer","Khaw thu hriattir tumin au a, chhuak sung sung hi a ni.",Tlangau chuan khaw mite hnenah thu a puang.,7,"word_chain,spelling,word_search,tawng_upa,crossword,sentence_builder",
word.ramri,ramri,nature,K7,draft,pending,pending,Source: Kumtluang Class VII (SCERT Mizoram).,"boundary, border","Ram khat leh ram dang inkâr, mêl hriat theih hi a ni.",Ramri pel lo tûr chuan fîm takin i kal tul ang.,7,"picture_match,spelling,word_search,tawng_upa,crossword,thumal_kawp",
word.sapan,sa pan,tools,K7,draft,pending,pending,Source: Kumtluang Class VII (SCERT Mizoram).,an animal trap or snare,Ramsa man atana siam thil hi a ni.,Sa pan ah sazuk a lo man.,7,"picture_match,spelling,word_search,tawng_upa,crossword,thumal_kawp,sentence_builder",
word.sulsutu,sûlsutu,traditional_culture,K7,draft,pending,pending,Source: Kumtluang Class VII (SCERT Mizoram). VERIFY culture-sensitive: traditional hunting/lighting practice; exact nuance uncertain.,"a torch-bearer, one who carries a pine torch","Sûl (kâng thing) hmangin eng siamtu, hunga zin lamtu hi a ni.",Sûlsutu chu an hnuhnung berah an zui.,7,"word_chain,spelling,word_search,tawng_upa,crossword,sentence_builder",
word.chaldar,chaldâr,body_parts,K7,draft,pending,pending,"Source: Kumtluang Class VII (SCERT Mizoram). VERIFY: exact anatomical meaning uncertain, inferred from hunting context.",a vital/critical spot on the body,Taksa chunga thlen chhuak tur hmun pawimawh tak hi a ni.,Rawthla chu a chaldârah a lo kap.,7,"picture_match,spelling,word_search,tawng_upa,crossword,thumal_kawp,sentence_builder",
word.tiaupho,tiaupho,animals,K7,draft,pending,pending,Source: Kumtluang Class VII (SCERT Mizoram).,foam/froth from an animal's mouth,Ramsa kaa lo chhuak fim/chhu hi a ni.,A hlau em avangin sazu chu a tiaupho a lo chhuak.,7,"picture_match,spelling,word_search,tawng_upa,crossword,thumal_kawp",
word.tluklohrimnam,tluk loh rim nam,idiom,K7,draft,pending,pending,Source: Kumtluang Class VII (SCERT Mizoram). VERIFY: nuance inferred from limited context.,an unusually powerful or unmistakable smell,"A rim tluk loh, hriat theih tur hi a ni.",Ramhuai lêng chuan tluk loh rim nam a chhuak thin.,7,"word_chain,spelling,word_search,tawng_upa,crossword",
word.kaizaveng,kaiza veng,idiom,K7,draft,pending,pending,Source: Kumtluang Class VII (SCERT Mizoram). VERIFY: nuance inferred from limited context.,"rear guards, those watching the flank of a group",Pawl hnuhnung lam vengtute hi a ni.,Kaiza veng chu an rawn thlengin hlauhawm an hria.,7,"word_chain,spelling,word_search,tawng_upa,crossword,sentence_builder",
word.insaseng,insaseng,verbs,K7,draft,pending,pending,Source: Kumtluang Class VII (SCERT Mizoram).,"to defend oneself, to fend for oneself","Mahni ven, hlauhawm laka insik hi a ni.",Hliam avangin a insaseng thei ta lo.,7,"word_chain,spelling,word_search,tawng_upa,crossword,sentence_builder",
word.hahip,hahip,verbs,K7,draft,pending,pending,Source: Kumtluang Class VII (SCERT Mizoram). VERIFY: nuance inferred from limited context.,to recount a story with amazement/awe,Thawnthu emaw huaisenna emaw mak takin sawi zel hi a ni.,A huaizia chu hahipin an sawi thin.,7,"word_chain,spelling,word_search,tawng_upa,crossword,sentence_builder",
word.kawlkhuang,kâwlkhuang,traditional_culture,K7,draft,pending,pending,Source: Kumtluang Class VII (SCERT Mizoram). VERIFY culture-sensitive: traditional musical instrument.,a type of traditional drum,"Khuang chi khat, chai leh in laka hman hi a ni.",Kâwlkhuang chu khuang chi pakhat a ni.,7,"word_chain,spelling,word_search,tawng_upa,crossword,sentence_builder",
word.darmang,darmang,traditional_culture,K7,draft,pending,pending,Source: Kumtluang Class VII (SCERT Mizoram). VERIFY culture-sensitive: traditional musical instrument.,a type of small traditional gong/cymbal,"Dâr chi khat, man leh mual atan hman hi a ni.",Darmang chu dâr chi hrang hrangte zinga pakhat a ni.,7,"word_chain,spelling,word_search,tawng_upa,crossword",
word.mautawtawrawt,mau tawtawrawt,traditional_culture,K7,draft,pending,pending,Source: Kumtluang Class VII (SCERT Mizoram). VERIFY culture-sensitive: traditional musical instrument.,a bamboo wind/percussion instrument,Mau hmangin siam rimawi hmanrua hi a ni.,Mau tawtawrawt chu chai laiin an tum thin.,7,"word_chain,spelling,word_search,tawng_upa,crossword,sentence_builder",
word.tuiumdar,tuiumdâr,traditional_culture,K7,draft,pending,pending,Source: Kumtluang Class VII (SCERT Mizoram). VERIFY culture-sensitive: traditional musical instrument.,a traditional single-string musical instrument,"Hrui nei chi rimawi hmanrua, indopui bakah an ngainâ hi a ni.",Tuiumdâr tumin an hla an sa thin.,7,"word_chain,spelling,word_search,tawng_upa,crossword,sentence_builder",
word.manlehmual,man leh mual,traditional_culture,K7,draft,pending,pending,"Source: Kumtluang Class VII (SCERT Mizoram). VERIFY culture-sensitive: traditional marriage custom, route to human culture reviewer.",traditional bride price/dowry payment,"Inneihna man, nula man atana pêk hi a ni.",Man leh mual chu an inhmang tha hle.,7,"word_chain,spelling,word_search,tawng_upa,crossword,sentence_builder",
word.ralluaih,ral lu aih,traditional_culture,K7,draft,pending,pending,"Source: Kumtluang Class VII (SCERT Mizoram). VERIFY culture-sensitive: historical headhunting/war-trophy celebration custom, route to human culture reviewer.",a traditional victory celebration involving an enemy's severed head (historical warfare custom),"Hmanlai chuan râl an thah hian a lu an hawn a, an ai (lawm) thin, chumi sawina hi a ni.",Ral lu aih hi hmanlai khawtlang chanchin ah kan hria.,7,"word_chain,spelling,word_search,tawng_upa,crossword",
word.chawnlehlam,chawn leh lâm,traditional_culture,K7,draft,pending,pending,Source: Kumtluang Class VII (SCERT Mizoram). VERIFY culture-sensitive: traditional ceremonial feast/dance custom.,a traditional feast and dance celebration,"Zu leh sa ruaipuiin khawtlang hrai a ngai a, chawng leh lâm bawl hi a ni.",Chawn leh lâm bawlah chuan khaw mi zawng an chen khawm.,7,"word_chain,spelling,word_search,tawng_upa,crossword",
word.kutnivangthla,kûtni vângthla,traditional_culture,K7,draft,pending,pending,Source: Kumtluang Class VII (SCERT Mizoram). VERIFY culture-sensitive: traditional festival calendar/practice.,traditional festival days and calendar,"Kût hun, kût hman ni leh thla sawina hi a ni.",Kûtni vângthla chu Mizote ngaih pawimawh a ni.,7,"word_chain,spelling,word_search,tawng_upa,crossword,sentence_builder",
word.chanvo,chanvo,values,K7,draft,pending,pending,Source: Kumtluang Class VII (SCERT Mizoram).,"fate, destiny, one's lot in life","Mi tan pêk chan, a hun leh a dinhmun hi a ni.",I chanvo pawimawh tak i nei.,7,"word_chain,spelling,word_search,tawng_upa,crossword,sentence_builder",
word.enkawlsak,enkawlsak,verbs,K7,draft,pending,pending,Source: Kumtluang Class VII (SCERT Mizoram).,to manage/oversee on someone's behalf,Mi dang tan thil emaw sum emaw enkawl pui hi a ni.,Ka sum min enkawlsak turin ka duh.,7,"word_chain,spelling,word_search,tawng_upa,crossword,sentence_builder",
word.tikhat,tikhat,idiom,K7,draft,pending,pending,Source: Kumtluang Class VII (SCERT Mizoram).,one-tenth (a fraction),"Thil zat pumhlum aṭanga sem a, hlawm khat hi a ni.",Ka lak chhuahna tikhat ka thlarau atan ka bei.,7,"word_chain,spelling,word_search,tawng_upa,crossword,sentence_builder",
word.titlem,titlem,verbs,K7,draft,pending,pending,Source: Kumtluang Class VII (SCERT Mizoram).,"to reduce, to cut down (spending)",A zat emaw a rei emaw tlem zawk atan siam hi a ni.,I sum sênna titlem rawh.,7,"word_chain,spelling,word_search,tawng_upa,crossword,sentence_builder",
word.peipung,peipung,verbs,K7,draft,pending,pending,Source: Kumtluang Class VII (SCERT Mizoram).,"to multiply, to grow through compounding","A zat a ziah zual, pung deuh deuh hi a ni.",I sum khawl chu peipung turin dah rawh.,7,"word_chain,spelling,word_search,tawng_upa,crossword,sentence_builder",
word.hnar-2,hnâr,verbs,K7,draft,pending,pending,Source: Kumtluang Class VII (SCERT Mizoram). VERIFY possible duplicate: diacritic-variant of existing word 'Hnar' already in corpus — confirm same word or distinct before import.,"to protect, to secure (against loss)",Thil neih chu bo lo tur leh chhiat lo tur atan vênghim hi a ni.,I sum chu hnâr ngheta siam ang che.,7,"word_chain,spelling,word_search,tawng_upa,crossword,sentence_builder",
word.themthiam,themthiam,adjectives,K7,draft,pending,pending,Source: Kumtluang Class VII (SCERT Mizoram).,"skilled, competent, expert",Hna emaw thil emaw ah fim leh thiam hi a ni.,Themthiam zawk tura beih a tul.,7,"word_chain,spelling,word_search,tawng_upa,crossword,sentence_builder",
word.kawrawk,kawrawk,adjectives,K7,draft,pending,pending,Source: Kumtluang Class VII (SCERT Mizoram).,"extremely poor, destitute",In chhung bungrua leh khawsakna eng mah nei mumal loh hi a ni.,Kawrawk taka an khawsa.,7,"word_chain,spelling,word_search,tawng_upa,crossword,sentence_builder",
word.dahkham,dahkham,verbs,K7,draft,pending,pending,Source: Kumtluang Class VII (SCERT Mizoram).,"to pawn, to mortgage something","Pawisa pek tur neih loh vanga thil dang dah, man atan pêk hi a ni.",A puan chu a dahkham ta.,7,"word_chain,spelling,word_search,tawng_upa,crossword,sentence_builder",
word.intlawhpawh,intlawh pawh,verbs,K7,draft,pending,pending,Source: Kumtluang Class VII (SCERT Mizoram).,"to compete with, to rival one another","Inlen pawh, khat leh khat intlawh hi a ni.",Naupangte chuan an intlawh pawh thin.,7,"word_chain,spelling,word_search,tawng_upa,crossword,sentence_builder",
word.hluihlawn,hluihlâwn,verbs,K7,draft,pending,pending,Source: Kumtluang Class VII (SCERT Mizoram).,to neglect/abandon something once used,"Hman duh tawh lo, hnawl a, dah tâwl hi a ni.",A thil hlawm hnawl chu a hluihlâwn ta.,7,"word_chain,spelling,word_search,tawng_upa,crossword,sentence_builder",
word.asarhulai,a sârhû lai,idiom,K7,draft,pending,pending,Source: Kumtluang Class VII (SCERT Mizoram).,"at first, at the very beginning","A tantir, a hlimchhâwng lai hi a ni.",A sârhû lai chuan an hlim em em.,7,"word_chain,spelling,word_search,tawng_upa,crossword,sentence_builder",
word.mihrang,mi hrâng,traditional_culture,K7,draft,pending,pending,Source: Kumtluang Class VII (SCERT Mizoram). VERIFY culture-sensitive: pasaltha/warrior-culture reference.,"a brave hero, a warrior (pasaltha)","Mi huaisen, pasaltha chi hi a ni.",Mi hrâng te chungchang thawnthu kan chhiar thin.,7,"word_chain,spelling,word_search,tawng_upa,crossword,sentence_builder",
word.tham,thâm,adjectives,K7,draft,pending,pending,Source: Kumtluang Class VII (SCERT Mizoram).,"exhausted, depleted, gone","Bo, ral, awm tawh lo hi a ni.",A chak chu a thâm ta.,7,"word_chain,spelling,word_search,tawng_upa,crossword,sentence_builder",
word.pialleikara,piallei kara,traditional_culture,K7,draft,pending,pending,Source: Kumtluang Class VII (SCERT Mizoram). VERIFY culture-sensitive: reference to burial/the grave.,"beneath the earth, in the grave","Lei hnuaia, thlan chhunga awm hi a ni.",Piallei kara chu mitthi te thlan hmun a ni.,7,"word_chain,spelling,word_search,tawng_upa,crossword,sentence_builder",
word.kawrvai,kawrvâi,nature,K7,draft,pending,pending,Source: Kumtluang Class VII (SCERT Mizoram).,"the plains, lowland region","Vai, khawthlang vai, vai ram hi a ni.",Kawrvâi lam atangin bazar thil an rawn kaikhawm thin.,7,"picture_match,spelling,word_search,tawng_upa,crossword,thumal_kawp,sentence_builder",
word.sakhming,sakhming,values,K7,draft,pending,pending,Source: Kumtluang Class VII (SCERT Mizoram).,"fame, renown, reputation",Hming leh chak thlen theih sawina hi a ni.,A sakhming chu ram pum ah a thang.,7,"word_chain,spelling,word_search,tawng_upa,crossword,sentence_builder",
word.lentu,lentu,nature,K7,draft,pending,pending,Source: Kumtluang Class VII (SCERT Mizoram).,"wilderness, uninhabited wild land","Ram ngaw, mi awm lo ram hi a ni.",Lentu ah sazate an awm thin.,7,"picture_match,spelling,word_search,tawng_upa,crossword,thumal_kawp,sentence_builder",
word.chhuihthangval,chhuihthang val,idiom,K7,draft,pending,pending,Source: Kumtluang Class VII (SCERT Mizoram).,a young man in the prime of youth,"Tlangval hun ṭha ber, chak leh hlim laia awm hi a ni.",Chhuihthang val chu a chak em em.,7,"word_chain,spelling,word_search,tawng_upa,crossword,sentence_builder",
word.nghilh,nghilh,verbs,K7,draft,pending,pending,Source: Kumtluang Class VII (SCERT Mizoram).,to forget,"Thil ngaihtuah lote, theihnghilh hi a ni.",Ka thiante hming ka nghilh ngai lo.,7,"word_chain,spelling,word_search,tawng_upa,crossword,sentence_builder",
word.lukham,lukham,tools,K7,draft,pending,pending,Source: Kumtluang Class VII (SCERT Mizoram).,pillow,"Lu ngahna atana siam thil, mit a ihna bawmin hman hi a ni.",Rizai leh lukham chu a hlim hle.,7,"picture_match,spelling,word_search,tawng_upa,crossword,thumal_kawp,sentence_builder",🛏️
word.meizial,meizial,tools,K7,draft,pending,pending,Source: Kumtluang Class VII (SCERT Mizoram).,candle,"Eng siamna thil, a chungah mei a kâng hi a ni.",Zan chuan meizial kan eng.,7,"picture_match,spelling,word_search,tawng_upa,crossword,thumal_kawp,sentence_builder",🕯️
word.inkhualtelemna,inkhualtelemna,tools,K7,draft,pending,pending,Source: Kumtluang Class VII (SCERT Mizoram).,"suitcase, travel bag",Zin laia thil telem atan siam bawm hi a ni.,Zin tur chuan inkhualtelemna kan siam.,7,"picture_match,spelling,word_search,tawng_upa,crossword,thumal_kawp,sentence_builder",🧳
word.pheikhawk,pheikhawk,tools,K7,draft,pending,pending,Source: Kumtluang Class VII (SCERT Mizoram).,"slippers, sandals","Ke silhna, thing emaw rah emaw siam hi a ni.",Pheikhawk silhin kan kal.,7,"picture_match,spelling,word_search,tawng_upa,crossword,thumal_kawp,sentence_builder",🩴
word.tel,têl,tools,K7,draft,pending,pending,"Source: Kumtluang Class VII (SCERT Mizoram). VERIFY spelling-variant: also found as class7:word.tel='têl'(K7), vartian:word.tel='Tel'(TQ0) — confirm distinct words or same word/typo.",ball (a round object used in games),"Rilru dinhmuna siam, kick emaw vah emaw theih thil kawlkawr hi a ni.",Têl vahin kan lawm.,7,"picture_match,spelling,word_search,tawng_upa,crossword,thumal_kawp,sentence_builder",⚽
word.vuakfung,vuakfung,tools,K7,draft,pending,pending,Source: Kumtluang Class VII (SCERT Mizoram).,wheelchair,Ke luang thei lo emaw kal harsa emaw tan tuahna thlifim hmanrua hi a ni.,Vuakfung hmangin sikulah a kal thin.,7,"picture_match,spelling,word_search,tawng_upa,crossword,thumal_kawp,sentence_builder",♿
word.chhiarkawp,chhiarkawp,community,K7,draft,pending,pending,Source: Kumtluang Class VII (SCERT Mizoram).,a study group,Zirlai zawng zawng inrual a lehkha zir chianna pawl hi a ni.,Chhiarkawp ah lehkha kan zir khawm thin.,7,"word_chain,spelling,word_search,tawng_upa,crossword,sentence_builder",📚
word.tialtial,tial tial,idiom,K7,draft,pending,pending,Source: Kumtluang Class VII (SCERT Mizoram).,"gradually, bit by bit","Zawk zawk, tlem tlemin lo chang zel hi a ni.",A ke a chak ve ta tial tial.,7,"word_chain,spelling,word_search,tawng_upa,crossword,sentence_builder",
word.tulhtulh,tulh tulh,idiom,K7,draft,pending,pending,Source: Kumtluang Class VII (SCERT Mizoram).,"gradually, increasingly","Zawk zawk, belh belhin lo chang zel hi a ni.",A thiam nei tam ta tulh tulh.,7,"word_chain,spelling,word_search,tawng_upa,crossword,sentence_builder",
word.zawi,zâwi,verbs,K7,draft,pending,pending,Source: Kumtluang Class VII (SCERT Mizoram).,to drag (a limb while walking),Ke emaw kut emaw a chak lo avanga rethe zawh hi a ni.,A ke a lo zâwi thin.,7,"word_chain,spelling,word_search,tawng_upa,crossword,sentence_builder",
word.piai,piai,verbs,K7,draft,pending,pending,Source: Kumtluang Class VII (SCERT Mizoram).,to wave (a hand gesture),Kut hmangin ai emaw chibai emaw sawina hi a ni.,A hnuhnung berah chuan an rawn piai a.,7,"word_chain,spelling,word_search,tawng_upa,crossword,sentence_builder",👋
word.thothangtha,thothâng tha,idiom,K7,draft,pending,pending,Source: Kumtluang Class VII (SCERT Mizoram).,to act quickly and effectively,"Thil ti nghal zung zung, tuan ṭha taka thawk hi a ni.",Thothâng ṭha takin a hna a thawk zel.,7,"word_chain,spelling,word_search,tawng_upa,crossword,sentence_builder",
word.dimdawi,dimdawi,verbs,K7,draft,pending,pending,Source: Kumtluang Class VII (SCERT Mizoram).,to tend/care for someone thoroughly,"Fimkhur taka enkawl, duat takin ven hi a ni.",A nau chu dimdawi takin a enkawl.,7,"word_chain,spelling,word_search,tawng_upa,crossword,sentence_builder",
word.ngurchuai,ngurchuai,adjectives,K7,draft,pending,pending,Source: Kumtluang Class VII (SCERT Mizoram).,"careless, irresponsible, reckless","Che muang, tuan nei lo, ngaihdan tha lo hi a ni.",Ngurchuai taka thawh chu a tha lo.,7,"word_chain,spelling,word_search,tawng_upa,crossword,sentence_builder",
word.mangnghilh,mangnghilh,verbs,K7,draft,pending,pending,Source: Kumtluang Class VII (SCERT Mizoram).,"to forget completely, absent-minded","Theihnghilh nasa tak, ngaihtuah loh hi a ni.",A hming ka mangnghilh ta.,7,"word_chain,spelling,word_search,tawng_upa,crossword,sentence_builder",
word.chhah,chhah,adjectives,K7,draft,pending,pending,Source: Kumtluang Class VII (SCERT Mizoram). VERIFY: paired opposite of 'zau' (wide) in a grammar list; precise nuance not independently confirmed.,narrow (VERIFY),"A zau lo, tinreng deuh hi a ni.",Kawng chhah zawnga kan kal a har.,7,"word_chain,spelling,word_search,tawng_upa,crossword,sentence_builder",
word.thuhnuai,thu hnuai,idiom,K7,draft,pending,pending,Source: Kumtluang Class VII (SCERT Mizoram).,"the underlying meaning, implication",Thu sawi emaw ziak emaw hnuaia awm ngaihdan hi a ni.,A thu hnuai a chiang lo va.,7,"word_chain,spelling,word_search,tawng_upa,crossword,sentence_builder",
word.mauh,mauh,values,K7,draft,pending,pending,Source: Kumtluang Class VII (SCERT Mizoram).,a heavy burden (metaphorical),Rilru emaw taksa emaw ah phur rit tak hi a ni.,Mauh nasa tak a phur.,7,"word_chain,spelling,word_search,tawng_upa,crossword,sentence_builder",
word.awmkhauh,awmkhauh,adjectives,K7,draft,pending,pending,Source: Kumtluang Class VII (SCERT Mizoram).,"uneasy, uncomfortable","Hlim taka awm theih lo, buai deuh hi a ni.",Rilru a awmkhauh hle.,7,"word_chain,spelling,word_search,tawng_upa,crossword,sentence_builder",
word.inchhirna,inchhirna,values,K7,draft,pending,pending,Source: Kumtluang Class VII (SCERT Mizoram).,"self-reproach, guilt, regret","Mahni thiltihsual avanga insual, tuar hi a ni.",Inchhirna a tam avangin a rilru a buai.,7,"word_chain,spelling,word_search,tawng_upa,crossword,sentence_builder",
word.hlauhlawp,hlau hlawp,idiom,K7,draft,pending,pending,Source: Kumtluang Class VII (SCERT Mizoram).,fear and dread,"Hlauin thin a lâwm lo, ṭih em em hi a ni.",Hlau hlawpin an awm.,7,"word_chain,spelling,word_search,tawng_upa,crossword,sentence_builder",
word.hrekhrek,hrek hrek,idiom,K7,draft,pending,pending,Source: Kumtluang Class VII (SCERT Mizoram).,"trembling, shaking",Hlau emaw ṭih emaw avanga inen theih lo hi a ni.,An inen hrek hrek a.,7,"word_chain,spelling,word_search,tawng_upa,crossword,sentence_builder",
word.tawntawn,tâwn tâwn,idiom,K7,draft,pending,pending,Source: Kumtluang Class VII (SCERT Mizoram).,"repeatedly, over and over",Vawi tam takin thleng zel hi a ni.,A sen tâwn tâwn mai a.,7,"word_chain,spelling,word_search,tawng_upa,crossword,sentence_builder",
word.nawknawk,nawk nawk,idiom,K7,draft,pending,pending,Source: Kumtluang Class VII (SCERT Mizoram).,"again and again, repeatedly",Vawi tam takin tih let zel hi a ni.,An rûkin an insik nawk nawk bawk a.,7,"word_chain,spelling,word_search,tawng_upa,crossword,sentence_builder",
word.nakalai,nâkalai,idiom,K7,draft,pending,pending,Source: Kumtluang Class VII (SCERT Mizoram). VERIFY: precise temporal nuance uncertain.,around that time / the following day,"Chu hun laia awm, a hnuah nichhun tur hi a ni.",Chutih nâkalai chuan a damlo va.,7,"word_chain,spelling,word_search,tawng_upa,crossword,sentence_builder",
word.fartuah,Farṭuah,nature,K7,draft,pending,pending,Source: Kumtluang Class VII (SCERT Mizoram). VERIFY: exact botanical species uncertain.,a wild pear tree species,"Thing chi khat, thla hrang hrangah par leh rah chhuahtu hi a ni.",Farṭuah par chu a mawi hle.,7,"picture_match,spelling,word_search,tawng_upa,crossword,thumal_kawp,sentence_builder",🌳
word.kaina,kaina,nature,K7,draft,pending,pending,Source: Kumtluang Class VII (SCERT Mizoram). VERIFY: nuance inferred from limited context (boundary/edge of a garden).,a garden fence/hedge boundary,"Sumtual emaw huan emaw kim, veng na hi a ni.",Sumtualan kaina ah pangpar an phun.,7,"picture_match,spelling,word_search,tawng_upa,crossword,thumal_kawp,sentence_builder",
word.thatni,thatni,idiom,K7,draft,pending,pending,Source: Kumtluang Class VII (SCERT Mizoram).,"a day of celebration, a joyous event","Inneih ni te, thil lawm ni te hi a ni.",Thatni chu mi zawng an lawm hle.,7,"word_chain,spelling,word_search,tawng_upa,crossword,sentence_builder",
word.lunglairil,lunglai ril,values,K7,draft,pending,pending,Source: Kumtluang Class VII (SCERT Mizoram).,the innermost part of one's heart,"Thinlung chhungril ber, rilru changtu hi a ni.",Lunglai rilah chuan lungawi tak ka nei.,7,"word_chain,spelling,word_search,tawng_upa,crossword,sentence_builder",
word.sakhmel,sakhmel,body_parts,K7,draft,pending,pending,Source: Kumtluang Class VII (SCERT Mizoram).,"face, countenance","Mihring hmêl, hmai hi a ni.",A sakhmel chu a nuam êm êm.,7,"picture_match,spelling,word_search,tawng_upa,crossword,thumal_kawp,sentence_builder",😊
word.hringfate,hring fate,values,K7,draft,pending,pending,Source: Kumtluang Class VII (SCERT Mizoram).,"human beings, all created/living beings","Mihringte, hringnun neih zawng zawng hi a ni.",Hring fate zawng zawng chu Pathianin an siam.,7,"word_chain,spelling,word_search,tawng_upa,crossword,sentence_builder",
word.liang,liang,traditional_culture,K7,draft,pending,pending,Source: Kumtluang Class VII (SCERT Mizoram). VERIFY culture-sensitive: traditional defensive/craft practice.,a defensive wooden barricade around a house,In emaw thlâm emaw chunga do tura ban chhak leh ban thlang hmawra thing phuar khamphei hi a ni.,Ramsa laka vênghim atan liang an siam.,7,"word_chain,spelling,word_search,tawng_upa,crossword,sentence_builder",
word.thlakip,thla kip,idiom,K7,draft,pending,pending,Source: Kumtluang Class VII (SCERT Mizoram).,"every month, monthly","Thla tin, thla apiang hi a ni.",Thla kip a lo pawi thin.,7,"word_chain,spelling,word_search,tawng_upa,crossword,sentence_builder",
word.sahmim,sahmîm,traditional_culture,K7,draft,pending,pending,Source: Kumtluang Class VII (SCERT Mizoram). VERIFY culture-sensitive: traditional craft item.,a blanket/quilt made from animal fur,"Ipte chi khat, savun hmanga siam hi a ni.",Zan a fim chuan sahmîm kan inbuk.,7,"word_chain,spelling,word_search,tawng_upa,crossword,sentence_builder",
word.latui,latui,idiom,K7,draft,pending,pending,Source: Kumtluang Class VII (SCERT Mizoram).,profuse tears mixed with saliva from intense crying/wailing,La kaiha hmuithala la zai inhlûm hi a ni.,An lungngai avangin latui a chhuak.,7,"word_chain,spelling,word_search,tawng_upa,crossword,sentence_builder",
word.khuanghlang,khuang hlâng,traditional_culture,K7,draft,pending,pending,"Source: Kumtluang Class VII (SCERT Mizoram). VERIFY culture-sensitive: khuangchawi ceremonial practice, route to human culture reviewer.",a ceremonial carrying platform for the khuangchawi lead drummer,Khuang chawi nia chhungkaw nu ber muala an zâwna an sêp kânna hlâng hi a ni.,Khuang hlâng chungah an zâwn a.,7,"word_chain,spelling,word_search,tawng_upa,crossword,sentence_builder",
word.saphai,saphâi,traditional_culture,K7,draft,pending,pending,"Source: Kumtluang Class VII (SCERT Mizoram). VERIFY culture-sensitive: khuavang/spirit-folklore creature, route to human culture reviewer.","a spirit-bird, a mythical talking guardian bird","Sava ang mihmelin lang a, thil hriattir thei thlarau chi hi a ni.",Saphâi chuan an unau chu a hriattir.,7,"word_chain,spelling,word_search,tawng_upa,crossword,sentence_builder",
word.ramchhuak,ramchhuak,animals,K7,draft,pending,pending,Source: Kumtluang Class VII (SCERT Mizoram).,wild game emerging from the forest,"Ram sa, thlifima aṭanga lo chhuak ramsa hi a ni.",Ramchhuak hnung chu an zui ve.,7,"picture_match,spelling,word_search,tawng_upa,crossword,thumal_kawp,sentence_builder",
word.vakvai,vakvai,community,K7,draft,pending,pending,Source: Kumtluang Class VII (SCERT Mizoram).,an orphan (a child without parents),"Nu leh pa hlum tawh, en chhungkuate awm lo hi a ni.",Vakvai nau chu mi zawngin an khawngaih.,7,"word_chain,spelling,word_search,tawng_upa,crossword,sentence_builder",
word.retheih,retheih,adjectives,K7,draft,pending,pending,Source: Kumtluang Class VII (SCERT Mizoram).,"poor, poverty-stricken","Bungrua leh sum tlem, khawsak harsa hi a ni.",Retheih êm êm mai a khawsa.,7,"word_chain,spelling,word_search,tawng_upa,crossword,sentence_builder",
word.chhiahhlawh,chhiahhlawh,traditional_culture,K7,draft,pending,pending,"Source: Kumtluang Class VII (SCERT Mizoram). VERIFY culture-sensitive: traditional social/servitude role, route to human culture reviewer.","a servant, hired helper (historical social role)","Mi dang hnena hna thawk pui, man dawngin enkawl hi a ni.",Chhiahhlawh tan chuan an hnathawh pui thin.,7,"word_chain,spelling,word_search,tawng_upa,crossword,sentence_builder",
word.kep,kêp,verbs,K7,draft,pending,pending,Source: Kumtluang Class VII (SCERT Mizoram).,to carry (a baby) on one's back or side,Nau lian lo tan chuan ban emaw hnung emaw ah put hi a ni.,A nau chu a kêp reng.,7,"word_chain,spelling,word_search,tawng_upa,crossword,sentence_builder",👶
word.kawmchar,kawmchâr,nature,K7,draft,pending,pending,Source: Kumtluang Class VII (SCERT Mizoram).,the wall or side of a house,"In pang, a hmâr lam leh a bên lam hi a ni.",Kawmchâr lamah chuan an bahzâr an siam.,7,"picture_match,spelling,word_search,tawng_upa,crossword,thumal_kawp,sentence_builder",
word.pitar,pitar,traditional_culture,K7,draft,pending,pending,"Source: Kumtluang Class VII (SCERT Mizoram). VERIFY culture-sensitive: khuavang/spirit-folklore creature; exact identity (insect vs. small animal) uncertain, route to human culture reviewer.",a small creature associated with khuavang folklore,"Rannung tê deuh, khuavang thawnthu ah sawi thin hi a ni.",Khuavang pitar tê an tih chu an hria.,7,"word_chain,spelling,word_search,tawng_upa,crossword,sentence_builder",
