candidate_id,canonical_form,seed_category,tq_level,status,language_review,learning_review,notes,english_gloss,meaning_mizo,example_mizo,difficulty,game_modes,emoji
word.grep,grep,food,K1,draft,pending,pending,Source: Kumtluang Class I (SCERT Mizoram).,grape,"Grep chu thei pawi te a ni, a rah nena ei theih, a dum emaw a sen thin.",Ka nu chuan grep tha tak min lei sak a.,1,"picture_match,spelling,word_search,tawng_upa,crossword,thumal_kawp",🍇
word.jam,jam,food,K1,draft,pending,pending,Source: Kumtluang Class I (SCERT Mizoram).,jam,"Jam chu thei rah siam, chhum tak a nih avangin puan chunga ei thin.",Chhang chunga jam ka fai thin.,1,"picture_match,spelling,word_search,tawng_upa,crossword,thumal_kawp,sentence_builder",
word.haw,haw,verbs,K1,draft,pending,pending,Source: Kumtluang Class I (SCERT Mizoram).,"to return, go back",Haw tih chu hmun tirh lam kal leh tihna a ni.,Sikul aṭangin in lamah ka haw ṭhin.,1,"word_chain,spelling,word_search,tawng_upa,crossword,sentence_builder",
word.ral,ral,community,K1,draft,pending,pending,"Source: Kumtluang Class I (SCERT Mizoram). VERIFY spelling-variant: also found as class1:word.ral='ral'(K1), class3:word.ral2='râl'(K3), class4:word.ral='râl'(K4) — confirm distinct words or same word/typo.","enemy, war",Ral chu mi doral emaw indona a ni.,"Ral an lo awm lo va, muanna kan nei.",1,"word_chain,spelling,word_search,tawng_upa,crossword,sentence_builder",⚔️
word.ral-2,râl,people/abstract,K3,draft,pending,pending,"Source: Kumtluang Class III (SCERT Mizoram). VERIFY: meaning inferred from folk-tale context; VERIFY culture-sensitive: appears in a mushroom-transformation folk tale (Zirlai 2), route to human culture reviewer. VERIFY spelling-variant: also found as class1:word.ral='ral'(K1), class3:word.ral2='râl'(K3), class4:word.ral='râl'(K4) — confirm distinct words or same word/typo.",enemy,"Mi do tak, remruat lo mi.",Kan khua chu râl an lo run duh a.,3,"word_chain,spelling,word_search,tawng_upa,crossword,sentence_builder",⚔️
word.ral-3,râl,people,K4,draft,pending,pending,"Source: Kumtluang Class IV (SCERT Mizoram). VERIFY culture-sensitive: refers to traditional inter-village warfare/raiding associated with a legendary pasaltha-like strongman figure in this lesson; route to human culture reviewer. VERIFY spelling-variant: also found as class1:word.ral='ral'(K1), class3:word.ral2='râl'(K3), class4:word.ral='râl'(K4) — confirm distinct words or same word/typo.","war, battle, enemy in war",Khawtlang leh khawtlang indona nasa tak.,Hmanlai mite chu râl an beih fo ṭhin.,4,"word_chain,spelling,word_search,tawng_upa,crossword,sentence_builder",
word.lam-3,lam,nature,K1,draft,pending,pending,Source: Kumtluang Class I (SCERT Mizoram). VERIFY possible duplicate: diacritic-variant of existing word 'lâm' already in corpus — confirm same word or distinct before import.,"direction, side",Lam chu kawng emaw hmun pakhat ka pan zawh a ni.,Tlang lam ah chuan thing tam tak a awm.,1,"word_chain,spelling,word_search,tawng_upa,crossword,sentence_builder",
word.thuai,thuai,verbs,K1,draft,pending,pending,Source: Kumtluang Class I (SCERT Mizoram).,"to hoe, till the soil",Thuai tih chu lei emaw huan siam tura hmalakna a ni.,Ka pa chuan huan a thuai ṭhin.,1,"word_chain,spelling,word_search,tawng_upa,crossword,sentence_builder",
word.der,der,sounds,K1,draft,pending,pending,"Source: Kumtluang Class I (SCERT Mizoram). VERIFY: exact standalone meaning uncertain, appears as an onomatopoeic root (""dêr dêr"") in the book's poem describing wing-flapping — include with caution.",flapping/fluttering sound,Der chu ang emaw thil ṭheuh a lâwk chhuah aia awi ri a ni.,"Ar chuan a hnaih a phawk a, der der a ti.",1,"word_chain,spelling,word_search,tawng_upa,crossword",
word.zuk,zuk,verbs,K1,draft,pending,pending,Source: Kumtluang Class I (SCERT Mizoram). VERIFY: exact nuance of this adverb is uncertain from limited context; gloss is a best estimate.,"continuously, on and on",Zuk tih chu a tawp lo va zui zel tihna a ni.,Naupang chu a zuk ṭap a.,1,"word_chain,spelling,word_search,tawng_upa,crossword,sentence_builder",
word.peng,pêng,nature,K1,draft,pending,pending,"Source: Kumtluang Class I (SCERT Mizoram). VERIFY spelling-variant: also found as class1:word.peng='pêng'(K1), class3:word.peng='peng'(K3) — confirm distinct words or same word/typo.","side, edge",Peng chu thil pakhat kawng emaw a bial lam a ni.,Lawng pêng ah kan lo ṭhu a.,1,"word_chain,spelling,word_search,tawng_upa,crossword,sentence_builder",
word.peng-2,peng,body,K3,draft,pending,pending,"Source: Kumtluang Class III (SCERT Mizoram). VERIFY spelling-variant: also found as class1:word.peng='pêng'(K1), class3:word.peng='peng'(K3) — confirm distinct words or same word/typo.","part, section (of the body)",Taksa emaw thil emaw a chen tin.,Taksa peng tinah an hna a inang lo.,3,"word_chain,spelling,word_search,tawng_upa,crossword,sentence_builder",
word.tap,ṭap,verbs,K1,draft,pending,pending,"Source: Kumtluang Class I (SCERT Mizoram). VERIFY spelling-variant: also found as class1:word.tap='ṭap'(K1), class3:word.tap='tap'(K3) — confirm distinct words or same word/typo.","to cry, weep",Ṭap tih chu mittui chhuahsak taka lungngaihna lantirna a ni.,Naupang tê chu a ṭap a.,1,"word_chain,spelling,word_search,tawng_upa,crossword,sentence_builder",😢
word.tap-2,tap,verbs,K3,draft,pending,pending,"Source: Kumtluang Class III (SCERT Mizoram). VERIFY spelling-variant: also found as class1:word.tap='ṭap'(K1), class3:word.tap='tap'(K3) — confirm distinct words or same word/typo.",to cry,Mittui chhuak takin thinrim lantirna.,Naupang chu a ṭap ta a.,3,"word_chain,spelling,word_search,tawng_upa,crossword,sentence_builder",😢
word.tala,tala,tools,K1,draft,pending,pending,Source: Kumtluang Class I (SCERT Mizoram).,padlock,"Tala chu kutchhuak siam, chhuahkhawn kalh nana hman thil a ni.",Thawhchhuah hmain kohhran kutkawng ka tala ṭhin.,1,"picture_match,spelling,word_search,tawng_upa,crossword,thumal_kawp,sentence_builder",🔒
word.nun,nun,nature,K1,draft,pending,pending,Source: Kumtluang Class I (SCERT Mizoram).,life,Nun chu mi emaw ran nunna a ni.,Nun hi mi zawng zawngin chan tur pawimawh tak a ni.,1,"word_chain,spelling,word_search,tawng_upa,crossword",
word.nui-3,Nui,verbs,TQ0,draft,pending,pending,"Source: Ujaas (Vartian) Part-1, SCERT Mizoram adult literacy primer.",to laugh,Nui chu lawmna leh hlimna avanga a kam hawnga thlir chhuak chi a ni.,Thil hnuih avangin kan nui hlawm.,1,"word_chain,spelling,word_search,tawng_upa,crossword,sentence_builder",😄
word.pho,pho,verbs,K1,draft,pending,pending,Source: Kumtluang Class I (SCERT Mizoram).,"to expose, reveal, uncover","Pho tih chu thu emaw thil ṭhupin awm lo va, hmuh theihna atana lantirna a ni.",A thiltih dik lohte chu an pho ta.,1,"word_chain,spelling,word_search,tawng_upa,crossword,sentence_builder",
word.rit,rit,adjectives,K1,draft,pending,pending,Source: Kumtluang Class I (SCERT Mizoram).,heavy,"Rit chu thil pakhat a rilṭam tak, phurh har tihna a ni.",He thawmhnawk hi a rit hle.,1,"word_chain,spelling,word_search,tawng_upa,crossword,sentence_builder",
word.lal,lal,community,K1,draft,pending,pending,"Source: Kumtluang Class I (SCERT Mizoram). VERIFY culture-sensitive: touches traditional Mizo chieftainship, route to human culture reviewer.","chief, king",Lal chu khua emaw ram pakhat rorel tu a ni.,Hmanlai khan Mizo khaw tinah an Lal an nei ṭhin.,1,"picture_match,spelling,word_search,tawng_upa,crossword,thumal_kawp",👑
word.nei,nei,verbs,K1,draft,pending,pending,Source: Kumtluang Class I (SCERT Mizoram).,"to have, own",Nei tih chu thil pakhat neitu nih tihna a ni.,Puan tha ka nei a.,1,"word_chain,spelling,word_search,tawng_upa,crossword,sentence_builder",
word.lak,lak,verbs,K1,draft,pending,pending,Source: Kumtluang Class I (SCERT Mizoram).,"to take, remove",Lak tih chu thil pakhat chhuah emaw pomna a ni.,Ka lekhabu chu ka lak a.,1,"word_chain,spelling,word_search,tawng_upa,crossword,sentence_builder",
word.bul,bul,nature,K1,draft,pending,pending,Source: Kumtluang Class I (SCERT Mizoram). VERIFY: standalone sense (base/stump vs origin) is uncertain from limited context.,"base, origin, stump","Bul chu thil emaw thing a hnuaipui, a tanna a ni.",Thingpui bul ah naupangte an ṭawi ṭhin.,1,"word_chain,spelling,word_search,tawng_upa,crossword,sentence_builder",
word.mak,mak,adjectives,K1,draft,pending,pending,Source: Kumtluang Class I (SCERT Mizoram).,"strange, amazing, marvellous","Mak tih chu thil hmuh ngai lo, mak thlak tak niin lantirna a ni.",Vânlai chu a mak hle.,1,"word_chain,spelling,word_search,tawng_upa,crossword,sentence_builder",
word.tak,tak,adjectives,K1,draft,pending,pending,Source: Kumtluang Class I (SCERT Mizoram).,"true, real","Tak tih chu dik tak, bumna awm lo tihna a ni.",A sawi hi thu tak a ni.,1,"word_chain,spelling,word_search,tawng_upa,crossword,sentence_builder",
word.thleng,thlêng,household,K1,draft,pending,pending,Source: Kumtluang Class I (SCERT Mizoram).,"plate, dish",Thlêng chu ei dawn atana hmanraw a ni.,Ei zawh chuan thlêng ka sil ṭhin.,1,"picture_match,spelling,word_search,tawng_upa,crossword,thumal_kawp,sentence_builder",🍽️
word.nawt-2,nâwt,verbs,K1,draft,pending,pending,Source: Kumtluang Class I (SCERT Mizoram). VERIFY: possible diacritic variant of an already-excluded form spelled without the circumflex. VERIFY possible duplicate: diacritic-variant of existing word 'nawt' already in corpus — confirm same word or distinct before import.,to brush (e.g. teeth),Nâwt tih chu hâ emaw thil pakhat fai taka silfai nan hnawtna a ni.,Zingkar leh zanah ka hâ ka nâwt ṭhin.,1,"word_chain,spelling,word_search,tawng_upa,crossword,sentence_builder",🪥
word.tin,tin,body parts,K1,draft,pending,pending,"Source: Kumtluang Class I (SCERT Mizoram). VERIFY spelling-variant: also found as class1:word.tin='tin'(K1), vartian:word.tin='Ṭin'(TQ0) — confirm distinct words or same word/typo.",palm of the hand,Tin chu kut a hnuaipui lam nem tak chu a ni.,Ka tin ah chuan pangpar rah ka pawm a.,1,"picture_match,spelling,word_search,tawng_upa,crossword,thumal_kawp,sentence_builder",✋
word.tin-2,Ṭin,objects,TQ0,draft,pending,pending,"Source: Ujaas (Vartian) Part-1, SCERT Mizoram adult literacy primer. VERIFY exact usage (generic can vs. specific milk-tin). VERIFY spelling-variant: also found as class1:word.tin='tin'(K1), vartian:word.tin='Ṭin'(TQ0) — confirm distinct words or same word/typo.",tin/can container,Ṭin chu thil dah nan hman thir emaw bawm a ni.,No ṭin chu dawrah an zawrh.,1,"picture_match,spelling,word_search,tawng_upa,crossword,thumal_kawp,sentence_builder",🥫
word.ainawn,ainâwn,nature,K1,draft,pending,pending,Source: Kumtluang Class I (SCERT Mizoram).,orchid,"Ainâwn chu pangpar par mawi tak, thing kungah pungin a par ṭhin a ni.",Kan huan ah ainâwn par a mawi hle.,1,"picture_match,spelling,word_search,tawng_upa,crossword,thumal_kawp,sentence_builder",🌸
word.buhhum,buhhûm,food,K1,draft,pending,pending,Source: Kumtluang Class I (SCERT Mizoram).,wheat,"Buhhûm chu buh chi pakhat, a chi zawmin bu siam theih a ni.",Kan huan ah buhhûm kan phun ṭhin.,1,"picture_match,spelling,word_search,tawng_upa,crossword,thumal_kawp,sentence_builder",🌾
word.tuh,tuh,verbs,K1,draft,pending,pending,Source: Kumtluang Class I (SCERT Mizoram).,"to plant, sow",Tuh tih chu chi emaw thing lei chhunga dahna a ni.,Ka pa chuan buh chi a tuh ṭhin.,1,"word_chain,spelling,word_search,tawng_upa,crossword,sentence_builder",🌱
word.to,ṭo,nature,K1,draft,pending,pending,Source: Kumtluang Class I (SCERT Mizoram). VERIFY: gloss inferred from limited narrative context (Little Red Hen story).,"to sprout, grow",Ṭo tih chu thing emaw chi a puitling nana a tan tihna a ni.,Kan phun chi hi zarah a ṭo tho.,1,"word_chain,spelling,word_search,tawng_upa,crossword,sentence_builder",
word.vui,vûi,nature,K1,draft,pending,pending,Source: Kumtluang Class I (SCERT Mizoram). VERIFY: gloss inferred from limited narrative context (Little Red Hen story).,"to ripen, head out (of grain)",Vûi tih chu buh emaw chi a puitling taka rah tan tihna a ni.,Kan huan buh chu a vûi ta.,1,"word_chain,spelling,word_search,tawng_upa,crossword,sentence_builder",
word.ngiau,ngiau,sounds,K1,draft,pending,pending,Source: Kumtluang Class I (SCERT Mizoram).,meow (a cat's cry),Ngiau chu zawhte au dan a ni.,"Ka zawhte chuan ""ngiau"" tiin min ko ṭhin.",1,"picture_match,spelling,word_search,tawng_upa,crossword,thumal_kawp,sentence_builder",🐱
word.tawk,tâwk,sounds,K1,draft,pending,pending,Source: Kumtluang Class I (SCERT Mizoram).,quack (a duck's cry),Tâwk chu vatâwk au dan a ni.,"Vatâwk chuan tui ah ""tâwk tâwk"" tiin a au.",1,"picture_match,spelling,word_search,tawng_upa,crossword,thumal_kawp,sentence_builder",🦆
word.bauh,bauh,sounds,K1,draft,pending,pending,Source: Kumtluang Class I (SCERT Mizoram).,bark (a dog's cry),Bauh chu ui au dan a ni.,Ka ui chuan mikhual a hmuh chuan a bauh ṭhin.,1,"picture_match,spelling,word_search,tawng_upa,crossword,thumal_kawp",🐶
word.deng,deng,verbs,K1,draft,pending,pending,Source: Kumtluang Class I (SCERT Mizoram).,"to grind, mill",Deng tih chu buh emaw chi pheh a hniam taka siam nan dilhna a ni.,Ka nu chuan buh a deng ṭhin.,1,"word_chain,spelling,word_search,tawng_upa,crossword,sentence_builder",
word.thiam,thiam,adjectives,K1,draft,pending,pending,Source: Kumtluang Class I (SCERT Mizoram).,"skilled, clever, able",Thiam tih chu thil pakhat tih thei taka hlawhtling tihna a ni.,Ka thian chu lam ah a thiam hle.,1,"word_chain,spelling,word_search,tawng_upa,crossword,sentence_builder",
word.mum,mum,adjectives,K1,draft,pending,pending,Source: Kumtluang Class I (SCERT Mizoram).,round (shape),Mum tih chu ang emaw thil chi pumin zêl vel tihna a ni.,Bâwl chu a mum hle.,1,"picture_match,spelling,word_search,tawng_upa,crossword,thumal_kawp,sentence_builder",
word.lir,lir,verbs,K1,draft,pending,pending,Source: Kumtluang Class I (SCERT Mizoram).,to throw,Lir tih chu thil pakhat kut hmanga paih chhuahna a ni.,Ka thian chu bâwl a lir a.,1,"word_chain,spelling,word_search,tawng_upa,crossword,sentence_builder",
word.hram-3,hrâm,verbs,K1,draft,pending,pending,Source: Kumtluang Class I (SCERT Mizoram). VERIFY: possible diacritic variant of an already-excluded form spelled without the circumflex. VERIFY possible duplicate: diacritic-variant of existing word 'hram' already in corpus — confirm same word or distinct before import.,to bark (of a dog),Hrâm tih chu ui au ri lantirna a ni.,Mikhual a lo kal chuan ka ui a hrâm ṭhin.,1,"word_chain,spelling,word_search,tawng_upa,crossword",
word.rawl,râwl,nature,K1,draft,pending,pending,Source: Kumtluang Class I (SCERT Mizoram).,"sound, noise",Râwl chu thil emaw mi ri kan hriat theih a ni.,Khaw lakah râwl ri tam tak a lo chhuak.,1,"word_chain,spelling,word_search,tawng_upa,crossword,sentence_builder",🔊
word.ring,ring,verbs,K1,draft,pending,pending,Source: Kumtluang Class I (SCERT Mizoram).,"to believe, trust",Ring tih chu thu pakhat dik ni ti taka pawm tihna a ni.,Ka thian thusawi chu ka ring ṭhin.,1,"word_chain,spelling,word_search,tawng_upa,crossword,sentence_builder",
word.hawihhawm-2,hawihhâwm,adjectives,K1,draft,pending,pending,Source: Kumtluang Class I (SCERT Mizoram). VERIFY possible duplicate: diacritic-variant of existing word 'hawihhawm' already in corpus — confirm same word or distinct before import.,"polite, courteous",Hawihhâwm tih chu mi zahna leh nunhmang ṭha a ni.,Naupang chu zirtirtute hnenah hawihhâwm takin a awm ṭhin.,1,"word_chain,spelling,word_search,tawng_upa,crossword,sentence_builder",
word.dial,dial,adjectives,K1,draft,pending,pending,"Source: Kumtluang Class I (SCERT Mizoram). VERIFY: normally appears reduplicated as ""dial dial""; standalone adjective sense is inferred.","joyful, cheerful",Dial tih chu hlim taka in ngah dawn tihna a ni.,Naupangte chu dial dialin an in ṭhin.,1,"word_chain,spelling,word_search,tawng_upa,crossword,sentence_builder",
word.inkawm,inkâwm,verbs,K1,draft,pending,pending,"Source: Kumtluang Class I (SCERT Mizoram). VERIFY spelling-variant: also found as class1:word.inkawm='inkâwm'(K1), vartian:word.inkawm='Inkawm'(TQ0) — confirm distinct words or same word/typo.","to gather, associate together",Inkâwm tih chu mi hotute inhriltiin khawm tihna a ni.,Sikul chhuahni chuan kan thiante nen kan inkâwm ṭhin.,1,"word_chain,spelling,word_search,tawng_upa,crossword,sentence_builder",🤝
word.inkawm-2,Inkawm,verbs,TQ0,draft,pending,pending,"Source: Ujaas (Vartian) Part-1, SCERT Mizoram adult literacy primer. VERIFY exact part of speech (noun vs. verb usage). VERIFY spelling-variant: also found as class1:word.inkawm='inkâwm'(K1), vartian:word.inkawm='Inkawm'(TQ0) — confirm distinct words or same word/typo.",conversation/chat,Inkawm chu mi pahnih emaw tam zawk in thu insawi chi a ni.,Ṭhenawm te chuan innah an inkawm.,1,"word_chain,spelling,word_search,tawng_upa,crossword,sentence_builder",💬
word.hnial,hnial,verbs,K1,draft,pending,pending,Source: Kumtluang Class I (SCERT Mizoram).,"to refuse, deny",Hnial tih chu duh lo emaw pawm lo tihna a ni.,Zawhte chuan buh dêng a hnial a.,1,"word_chain,spelling,word_search,tawng_upa,crossword,sentence_builder",
word.thingkittu,thingkittu,people,K1,draft,pending,pending,Source: Kumtluang Class I (SCERT Mizoram).,woodcutter,Thingkittu chu thing kit hnathawktu a ni.,Thingkittu chuan ramhnuaiah thing a kit.,1,"picture_match,spelling,word_search,tawng_upa,crossword,thumal_kawp,sentence_builder",🪓
word.chuk,chuk,verbs,K1,draft,pending,pending,Source: Kumtluang Class I (SCERT Mizoram). VERIFY: gloss inferred from limited narrative context.,to feel cold,Chuk tih chu khawvel dan avangin taksa rilna hniam tak hriatna a ni.,Zân lakah ka chuk hle.,1,"word_chain,spelling,word_search,tawng_upa,crossword,sentence_builder",🥶
word.ham,ham,verbs,K1,draft,pending,pending,Source: Kumtluang Class I (SCERT Mizoram).,to bite,Ham tih chu hâ hmangin thil pakhat sungna a ni.,Ka ui chuan mikhual thlanmang a ham a.,1,"word_chain,spelling,word_search,tawng_upa,crossword,sentence_builder",
word.biru,biru,verbs,K1,draft,pending,pending,Source: Kumtluang Class I (SCERT Mizoram).,to lick,Biru tih chu lei hmangin thil pakhat sik nawi tihna a ni.,Ka ui chuan ka kut a biru ṭhin.,1,"word_chain,spelling,word_search,tawng_upa,crossword,sentence_builder",
word.hlu,hlu,adjectives,K1,draft,pending,pending,Source: Kumtluang Class I (SCERT Mizoram).,"precious, valuable","Hlu tih chu man tam tak nei, la lawi tak tihna a ni.",He puan hi ka nu atan a hlu hle.,1,"word_chain,spelling,word_search,tawng_upa,crossword,sentence_builder",💎
word.khaum,khaûm,tools,K1,draft,pending,pending,Source: Kumtluang Class I (SCERT Mizoram).,drum,"Khaûm chu deng chhuah taka khawng thil ri, tuithal chi a ni.",Sikulah kan khaûm i belh ve ṭhin.,1,"picture_match,spelling,word_search,tawng_upa,crossword,thumal_kawp,sentence_builder",🥁
word.kung,kung,nature,K1,draft,pending,pending,Source: Kumtluang Class I (SCERT Mizoram).,"trunk, stem (of a tree or plant)",Kung chu thing emaw pangpar a bul lam pui a ni.,Thingpui kung hi a lian hle.,1,"picture_match,spelling,word_search,tawng_upa,crossword,thumal_kawp,sentence_builder",🌳
word.hnathial,hnathial,tools,K1,draft,pending,pending,Source: Kumtluang Class I (SCERT Mizoram).,"tongs, pincers",Hnathial chu thil pom emaw manna atana hmante hman thil a ni.,Kaikuang chuan hnathial a hman a.,1,"picture_match,spelling,word_search,tawng_upa,crossword,thumal_kawp,sentence_builder",
word.mumang,mumang,abstract,K1,draft,pending,pending,Source: Kumtluang Class I (SCERT Mizoram).,dream,Mumang chu mutin thil kan hmuh emaw kan ti lan a ni.,Zan khan ka mumang a va nuam em.,1,"word_chain,spelling,word_search,tawng_upa,crossword,sentence_builder",💭
word.fang,fang,verbs,K1,draft,pending,pending,Source: Kumtluang Class I (SCERT Mizoram).,"to visit, go around",Fang tih chu hmun pakhat a en fan kalna a ni.,Ni chuan ram hrang hrang a fang ṭhin.,1,"word_chain,spelling,word_search,tawng_upa,crossword,sentence_builder",
word.lawmawm,lawmawm,adjectives,K1,draft,pending,pending,Source: Kumtluang Class I (SCERT Mizoram).,"relieved, satisfied",Lawmawm tih chu duhzia a thlen avanga rilru muanna a ni.,A dam ta a hriat chuan an lawmawm hle.,1,"word_chain,spelling,word_search,tawng_upa,crossword,sentence_builder",
word.damlo,damlo,adjectives,K1,draft,pending,pending,Source: Kumtluang Class I (SCERT Mizoram).,"sick, unwell",Damlo tih chu taksa hriselna nei lo tihna a ni.,Vawiin ka damlo avangin sikul ka kal thei lo.,1,"word_chain,spelling,word_search,tawng_upa,crossword,sentence_builder",🤒
word.sawt,sawt,nature,K1,draft,pending,pending,Source: Kumtluang Class I (SCERT Mizoram).,"a long time, duration",Sawt tih chu hun rei tak tihna a ni.,Ka thian ka nghah sawt hle.,1,"word_chain,spelling,word_search,tawng_upa,crossword,sentence_builder",⏳
word.vak,vak,verbs,K2,draft,pending,pending,Source: Kumtluang Class II (SCERT Mizoram).,to fly (bird/insect),Sava emaw khuai emaw chuan thla hmangin chung lamah a kal chhuahna a ni.,Vahai chu tlang chunga chuan a vak chhoh zel a.,2,"word_chain,spelling,word_search,tawng_upa,crossword",
word.zar-2,zâr,verbs,K2,draft,pending,pending,"Source: Kumtluang Class II (SCERT Mizoram). VERIFY: exact nuance (swarm out / spread densely) inferred from ant-swarm context, confirm before use. VERIFY possible duplicate: diacritic-variant of existing word 'zar' already in corpus — confirm same word or distinct before import.",to swarm out / spread out densely,Mi emaw rannung te chu hmun khatah tam takin lo puan chhuak a ni.,Khuaiho chu an vutah lo zâr chhuak a.,2,"word_chain,spelling,word_search,tawng_upa,crossword,sentence_builder",
word.seh,seh,verbs,K2,draft,pending,pending,Source: Kumtluang Class II (SCERT Mizoram).,to bite / sting (insect),Khuai emaw fanghmir emaw chuan a kâm hmangin mi seh a ni.,"Ka kutah fanghmir a seh a, a na hle a ni.",2,"word_chain,spelling,word_search,tawng_upa,crossword",
word.phu,phu,verbs,K2,draft,pending,pending,Source: Kumtluang Class II (SCERT Mizoram). VERIFY: gloss (to blow/pant hard) inferred from a dove panting for breath in the story context.,to blow / pant hard,Kar takin thli emaw huih emaw hmangin thawh chhuah a ni.,Tlan zawh hnu chuan a phu ve thin.,2,"word_chain,spelling,word_search,tawng_upa,crossword,sentence_builder",
word.tla,tla,verbs,K2,draft,pending,pending,Source: Kumtluang Class II (SCERT Mizoram).,to fall,Chung lamin niam lamah lo tlak a ni.,Thlai hring tak chu thing atangin a tla ve.,2,"word_chain,spelling,word_search,tawng_upa,crossword,sentence_builder",
word.motor,motor,vehicles,K2,draft,pending,pending,Source: Kumtluang Class II (SCERT Mizoram). Loanword used in the picture-vocabulary page.,car,"Kawngpuiah kal, mihring chelh theihna a nih, thir leh plastic hmanga siam a ni.",Ka pa chuan motor thar a lei a.,2,"picture_match,spelling,word_search,tawng_upa,crossword,thumal_kawp,sentence_builder",🚗
word.thlawhna,thlawhna,vehicles,K2,draft,pending,pending,Source: Kumtluang Class II (SCERT Mizoram).,helicopter,"Van lamah lengbawk phawrh chungin kal theih, mihring chelhna a ni.",Thlawhna chu van chungah a leng lai kan hmu a.,2,"picture_match,spelling,word_search,tawng_upa,crossword,thumal_kawp",🚁
word.nawinawk,nawinâwk,colors,K2,draft,pending,pending,"Source: Kumtluang Class II (SCERT Mizoram). VERIFY: exact shade (orange) inferred from rainbow-colours lesson list, confirm before use.",orange (colour),"Thei nawinawk ang rawng, sen leh eng tangkawpa rawng a ni.",Ka kawr chu nawinâwk rawng a ni.,2,"picture_match,spelling,word_search,tawng_upa,crossword,thumal_kawp,sentence_builder",🟠
word.ting,ting,colors,K2,draft,pending,pending,"Source: Kumtluang Class II (SCERT Mizoram). VERIFY: exact shade (indigo/blue) inferred from rainbow-colours lesson list, confirm before use.",indigo / dark blue (colour),"Van rawng ang deuh, thim leh eng tangkawpa rawng a ni.",Chhimbal chhung zinga khat chu ting rawng a ni.,2,"picture_match,spelling,word_search,tawng_upa,crossword,thumal_kawp,sentence_builder",🔵
word.serthlum,serthlum,colors,K2,draft,pending,pending,"Source: Kumtluang Class II (SCERT Mizoram). VERIFY: exact shade (golden-yellow) inferred from rainbow-colours lesson list, confirm before use.",golden-yellow (colour),"Sikpui rawng ang deuh, eng leh sen tangkawpa rawng a ni.",Ni tlak lai van chu serthlum rawngin a eng thin.,2,"picture_match,spelling,word_search,tawng_upa,crossword,thumal_kawp",🟡
word.pawl-4,pâwl,colors,K2,draft,pending,pending,"Source: Kumtluang Class II (SCERT Mizoram). Note: distinct from ""pawl"" (group/class) already catalogued; here pâwl names a colour in the rainbow-colours lesson. VERIFY possible duplicate: diacritic-variant of existing word 'pawl' already in corpus — confirm same word or distinct before import.",purple (colour),"Sen leh ting tangkawpa dawn, pangpar chi thenkhat rawng a ni.",Pangpar pâwl rawng chu tunah ka hmu ta a.,2,"picture_match,spelling,word_search,tawng_upa,crossword,thumal_kawp,sentence_builder",🟣
word.chhem-2,chhêm,verbs,K2,draft,pending,pending,"Source: Kumtluang Class II (SCERT Mizoram). VERIFY: distinguish from ""chhem"" already catalogued (different diacritic/word); gloss (to set fire to, burn deliberately) confirmed from jhum-fire context. VERIFY possible duplicate: diacritic-variant of existing word 'chhem' already in corpus — confirm same word or distinct before import.",to set fire to / burn (deliberately),Ram emaw thing hnah emaw chu mei hmangin hal a ni.,Loah chuan thing hnah an chhêm thin.,2,"word_chain,spelling,word_search,tawng_upa,crossword,sentence_builder",
word.kang,kâng,verbs,K2,draft,pending,pending,Source: Kumtluang Class II (SCERT Mizoram).,to catch fire / burn up,Mei alh hmangin thil a hal vek a ni.,In pakhat chu mei alh avangin a kâng vek a.,2,"word_chain,spelling,word_search,tawng_upa,crossword",
word.thelh-2,ṭhelh,verbs,K2,draft,pending,pending,Source: Kumtluang Class II (SCERT Mizoram). VERIFY possible duplicate: diacritic-variant of existing word 'thelh' already in corpus — confirm same word or distinct before import.,to spread rapidly (fire/news),"Hmun khatah alh a, hmun tam takah zawnah a puan a ni.",Mei chu thli avangin a ṭhelh chak hle a.,2,"word_chain,spelling,word_search,tawng_upa,crossword,sentence_builder",
word.sur,sûr,verbs,K2,draft,pending,pending,Source: Kumtluang Class II (SCERT Mizoram).,to pour down heavily (rain),Ruah chu nasa takin a rah a ni.,Nikhua chu ruah a sûr avangin ka lo insum mai a.,2,"word_chain,spelling,word_search,tawng_upa,crossword",🌧️
word.phuh,phuh,verbs,K2,draft,pending,pending,Source: Kumtluang Class II (SCERT Mizoram). VERIFY: gloss (to spray/blow out water or breath) inferred from an elephant spraying water in the story context.,to spray / blow out (water),Kam emaw hnar emaw atanga tui emaw thli emaw thlawn chhuah a ni.,Naupang chuan tui a phuh ve thin.,2,"word_chain,spelling,word_search,tawng_upa,crossword,sentence_builder",
word.ruai,ruai,abstract,K2,draft,pending,pending,"Source: Kumtluang Class II (SCERT Mizoram). VERIFY: exact sense (a rumour/warning cry spread by word of mouth among the animals) inferred from context, confirm before use.",rumour / word-of-mouth warning,"Thil thleng dawn emaw thil thleng tawh emaw chungchang thu, mi hnenah pek zel a ni.","Khua chhungah ruai a lo thleng a, mi tam takin an hre ta a.",2,"word_chain,spelling,word_search,tawng_upa,crossword",
word.lawn,lawn,verbs,K2,draft,pending,pending,Source: Kumtluang Class II (SCERT Mizoram).,to climb (up),Chunglam lamah kut leh ke hmangin kal chho a ni.,Naupang pakhat chuan thing kung a lawn a.,2,"word_chain,spelling,word_search,tawng_upa,crossword,sentence_builder",🧗
word.rualbanlo,rualbanlo,people,K2,draft,pending,pending,"Source: Kumtluang Class II (SCERT Mizoram). Sensitive topic: refers respectfully to a person with a physical disability, drawn from a good-manners lesson.",a person with a physical disability,"A taksa dinhmun avangin thil thenkhat tihthei lo, tanpui a ngai deuh mi a ni.",Rualbanlo kan hmuh chuan hmuhsit lovin ram takin kan tanpui tur a ni.,2,"word_chain,spelling,word_search,tawng_upa,crossword",
word.auh,auh,verbs,K2,draft,pending,pending,Source: Kumtluang Class II (SCERT Mizoram).,to tease / pester / bother,Mi dang chu a duh loh laiin phunphunin bengvar a ni.,Unau te chu i auh lo turin ka hrilh reng che.,2,"word_chain,spelling,word_search,tawng_upa,crossword",
word.nawm,nawm,adjectives,K2,draft,pending,pending,"Source: Kumtluang Class II (SCERT Mizoram). VERIFY: nuance (done playfully / for fun) distinguished from ""nuam"" (pleasant) already catalogued, confirm before use.",playful / done for fun,"Hlim taka, tibengvarna atana thawh thil a ni.","Nawm avanga ka ti mai a, thin a rim tur a ni lo.",2,"word_chain,spelling,word_search,tawng_upa,crossword",
word.tichhetuah,tichhetuah,verbs,K2,draft,pending,pending,Source: Kumtluang Class II (SCERT Mizoram).,to deliberately damage / vandalize,Mi thil emaw hmun emaw chu duhthusiamin tichhiat a ni.,Sikul thil kan tichhetuah tur a ni lo.,2,"word_chain,spelling,word_search,tawng_upa,crossword,sentence_builder",
word.khawrh,khawrh,objects,K2,draft,pending,pending,Source: Kumtluang Class II (SCERT Mizoram). VERIFY: exact gloss (bait/trap for catching crab or fish) inferred from the monkey-and-tortoise story context.,fishing bait / trap,Sangha emaw chakai emaw man nan hman thil a ni.,Khawrh hmangin sangha ka man thin a.,2,"picture_match,spelling,word_search,tawng_upa,crossword,thumal_kawp,sentence_builder",
word.hling,hling,verbs,K2,draft,pending,pending,Source: Kumtluang Class II (SCERT Mizoram).,to lure / tempt with a trick,Duhsakna hmangin mi dang chu lo awm theih nan tihel a ni.,"Zawngtein satel chu a hling a, tuiah a luttir ve a.",2,"word_chain,spelling,word_search,tawng_upa,crossword",
word.hnuk-2,hnûk,verbs,K2,draft,pending,pending,Source: Kumtluang Class II (SCERT Mizoram). VERIFY possible duplicate: diacritic-variant of existing word 'hnuk' already in corpus — confirm same word or distinct before import.,to trick / deceive,Thurel dik lo hmangin mi dang lak bo a ni.,"Mi hnûk hi a tha lo, dik takin kan awm tur a ni.",2,"word_chain,spelling,word_search,tawng_upa,crossword",
word.puak,puak,verbs,K2,draft,pending,pending,"Source: Kumtluang Class II (SCERT Mizoram). VERIFY: gloss (to bear fruit / swell) inferred from a flower-and-rain story context, confirm before use.",to bear fruit / swell,"Thlai emaw thil emaw chu a lian zel a, chhuah dawn ang a ni.",Thlai kung chuan thlai a puak fo thin.,2,"word_chain,spelling,word_search,tawng_upa,crossword,sentence_builder",
word.kuhmum,kuhmûm,verbs,K2,draft,pending,pending,"Source: Kumtluang Class II (SCERT Mizoram). VERIFY: gloss (to form flower buds) inferred from context, confirm before use.",to bud (flower),"Pangpar chi chhuak tan a ni, a hak hma lai a ni.","Pangpar kung chuan a lo kuhmûm ta a, chhuak dawn tawh a ni.",2,"word_chain,spelling,word_search,tawng_upa,crossword",🌱
word.tuihawk,tuihâwk,nature,K2,draft,pending,pending,"Source: Kumtluang Class II (SCERT Mizoram). VERIFY: gloss (flood / strong river current) inferred from a heavy-rain story context, confirm before use.",flood / strong current,Ruah nasa avanga tui nasa taka luang a ni.,Ruah sur nasa avangin tuihâwk a lo luang a.,2,"picture_match,spelling,word_search,tawng_upa,crossword,thumal_kawp,sentence_builder",🌊
word.tidur,tidur,verbs,K2,draft,pending,pending,Source: Kumtluang Class II (SCERT Mizoram).,"to grow dark / dim (sky, weather)",Chhum avangin van a thim ve zel a ni.,Chhum a lo let avangin khua a tidur ta a.,2,"word_chain,spelling,word_search,tawng_upa,crossword",
word.puam,puam,verbs,K2,draft,pending,pending,Source: Kumtluang Class II (SCERT Mizoram).,to wither / fade (a flower),Pangpar emaw hnah emaw chu a mawi lohna hmangin a thi ve ta a ni.,Tui pek lo avangin pangpar chu a puam ta a.,2,"word_chain,spelling,word_search,tawng_upa,crossword",🥀
word.thal,ṭhâl,nature,K2,draft,pending,pending,"Source: Kumtluang Class II (SCERT Mizoram). Gloss given directly by the lesson's own glossary-style definition (khaw ro lai tak). VERIFY spelling-variant: also found as class2:word.thal='ṭhâl'(K2), class3:word.thal='thal'(K3) — confirm distinct words or same word/typo.",the dry season,"Kum chhunga ruah tlem taka rah lai, khaw ro lai a ni.",Ṭhâl lai chuan lui te an ro thin a.,2,"picture_match,spelling,word_search,tawng_upa,crossword,thumal_kawp,sentence_builder",☀️
word.thal-2,thal,adjectives,K3,draft,pending,pending,"Source: Kumtluang Class III (SCERT Mizoram). VERIFY: confirm precise gloss from a minimal-pair exercise. VERIFY spelling-variant: also found as class2:word.thal='ṭhâl'(K2), class3:word.thal='thal'(K3) — confirm distinct words or same word/typo.","strong, sturdy, resilient","Chak tak, chher lo taka awm thei.",He hrui hi a thal hle.,3,"word_chain,spelling,word_search,tawng_upa,crossword,sentence_builder",
word.khiang,khiang,nature,K2,draft,pending,pending,"Source: Kumtluang Class II (SCERT Mizoram). VERIFY: gloss (a kind of bamboo/cane tree, from the lesson's own definition ""thing chi khat"") is broad; confirm the exact species before use.",a kind of bamboo/cane tree,"Thing chi khat, a kung a rem a, tam takin hman theih a ni.",Khiang kung hi kan in bulah a awm a.,2,"picture_match,spelling,word_search,tawng_upa,crossword,thumal_kawp,sentence_builder",
word.lungpui,lungpui,nature,K2,draft,pending,pending,Source: Kumtluang Class II (SCERT Mizoram). Gloss given directly by the lesson's own glossary-style definition (lung lian pui).,a large boulder / big rock,"Lung lian tak, ke sawn theih tur pawh awm thei a ni.",Lui bulah lungpui lian tak ka hmu a.,2,"picture_match,spelling,word_search,tawng_upa,crossword,thumal_kawp,sentence_builder",🪨
word.hahchawl-2,hahchâwl,verbs,K2,draft,pending,pending,Source: Kumtluang Class II (SCERT Mizoram). VERIFY possible duplicate: diacritic-variant of existing word 'hahchawl' already in corpus — confirm same word or distinct before import.,to rest / take a break,Hna thawk hnua khawlin dam vaknaa hunbi hman a ni.,Hna thawk hnu chuan kan hahchâwl a.,2,"word_chain,spelling,word_search,tawng_upa,crossword,sentence_builder",
word.cheng,chêng,verbs,K2,draft,pending,pending,Source: Kumtluang Class II (SCERT Mizoram).,to bathe / swim (in a river),"Tui chhungah lut a, ei tumin tuiah leng a ni.",Nikhua lai chuan luiah kan chêng thin a.,2,"word_chain,spelling,word_search,tawng_upa,crossword,sentence_builder",🏊
word.chawm-2,châwm,verbs,K2,draft,pending,pending,Source: Kumtluang Class II (SCERT Mizoram). VERIFY possible duplicate: diacritic-variant of existing word 'chawm' already in corpus — confirm same word or distinct before import.,to nurture / care for / feed,"Duh taka enkawl a, chaw pe fo mek a ni.",Sava note kha ka châwm ang.,2,"word_chain,spelling,word_search,tawng_upa,crossword,sentence_builder",
word.var-2,vâr,verbs,K2,draft,pending,pending,Source: Kumtluang Class II (SCERT Mizoram). VERIFY possible duplicate: diacritic-variant of existing word 'Var' already in corpus — confirm same word or distinct before import.,to dawn / become bright,Zan atangin khua a lo eng ve zel a ni.,Khaw a lo vâr tawh avangin naupangte chu an tho ta a.,2,"word_chain,spelling,word_search,tawng_upa,crossword",🌅
word.ngun-2,ngun,adjectives,K2,draft,pending,pending,Source: Kumtluang Class II (SCERT Mizoram). VERIFY possible duplicate: diacritic-variant of existing word 'ngûn' already in corpus — confirm same word or distinct before import.,diligent / earnest,"Duhawm taka, hna a thawk theuh a ni.",Zirlai bu ngun takin chhiar rawh.,2,"word_chain,spelling,word_search,tawng_upa,crossword,sentence_builder",
word.dim,dim,verbs,K2,draft,pending,pending,"Source: Kumtluang Class II (SCERT Mizoram). VERIFY: gloss (to hide/lurk stealthily) inferred from a jackal lurking in the story context, confirm before use.",to hide / lurk stealthily,Mi hmuh loh nan hmun thupah insual a ni.,Sazu chu thingpui hnuaiah a dim a.,2,"word_chain,spelling,word_search,tawng_upa,crossword,sentence_builder",
word.veilam-2,veilam,body,K2,draft,pending,pending,"Source: Kumtluang Class II (SCERT Mizoram). VERIFY: exact meaning uncertain — could mean ""wrist"" or more generally ""the side/alongside""; confirm before use.",the side of / alongside (possibly wrist),A chhehvel emaw a kar lamah emaw a ni.,Lehkhabu chu dawrkang veilamah ka dah a.,2,"word_chain,spelling,word_search,tawng_upa,crossword,sentence_builder",
word.sial,sial,animals,K2,draft,pending,pending,Source: Kumtluang Class II (SCERT Mizoram). VERIFY culture-sensitive: sial (mithun) is a domesticated bovine central to traditional Mizo feasts of merit and status; route to human culture reviewer.,mithun (a large domesticated bovine),"Bawng ang deuh, hmun sang taka enkawl, Mizote hnathawh hlutah hman pahnih chi a ni.",Sial hi ram taka enkawl a ngai a ni.,2,"picture_match,spelling,word_search,tawng_upa,crossword,thumal_kawp,sentence_builder",🐃
word.vir,vir,verbs,K2,draft,pending,pending,Source: Kumtluang Class II (SCERT Mizoram).,to shout / cry out,Aw ngaihnawm taka au chhuah a ni.,A hlau avangin a vir chhuak a.,2,"word_chain,spelling,word_search,tawng_upa,crossword,sentence_builder",
word.remchang,remchang,adverbs,K2,draft,pending,pending,Source: Kumtluang Class II (SCERT Mizoram).,carefully / cautiously,"Fing taka, ngaihtuahna nei ngei ngeiin thil ti a ni.",Kawng kan i tum chuan remchang takin en fel rawh.,2,"word_chain,spelling,word_search,tawng_upa,crossword",
word.it,ît,verbs,K2,draft,pending,pending,"Source: Kumtluang Class II (SCERT Mizoram). VERIFY: gloss (to crave/be eager for) inferred from a hungry-owl story context, confirm before use.",to crave / be eager for,"Duh nasa hle a, tan lo mai theih lo a ni.",Chaw ei a ît avangin a hun a la ngai lo.,2,"word_chain,spelling,word_search,tawng_upa,crossword",
word.feh,feh,verbs,K2,draft,pending,pending,Source: Kumtluang Class II (SCERT Mizoram).,to go / set off (colloquial),Hmun khatah atangin kal chhuak a ni.,"Kan feh dawn tawh, i insiam let em?",2,"word_chain,spelling,word_search,tawng_upa,crossword,sentence_builder",
word.chhep,chhep,verbs,K2,draft,pending,pending,Source: Kumtluang Class II (SCERT Mizoram). VERIFY: exact onomatopoeic nuance (owl's hoot) confirmed from a fable-listening exercise sentence.,to hoot / screech (owl's cry),"Sava-bu au dan, zan lamah au thin a ni.",Zanah savabu chu a chhep thin a.,2,"word_chain,spelling,word_search,tawng_upa,crossword,sentence_builder",
word.vengtu,vêngtu,people,K2,draft,pending,pending,"Source: Kumtluang Class II (SCERT Mizoram). VERIFY spelling-variant: also found as class2:word.vengtu='vêngtu'(K2), class7:word.vengtu='vengtu'(K7) — confirm distinct words or same word/typo.",shepherd / guardian,"Rannung emaw mi emaw enkawl a, venhim a ni.",Berâm vêngtu chuan a berâm te ram takin a enkawl thin a.,2,"picture_match,spelling,word_search,tawng_upa,crossword,thumal_kawp",
word.vengtu-2,vengtu,community,K7,draft,pending,pending,"Source: Kumtluang Class VII (SCERT Mizoram). VERIFY spelling-variant: also found as class2:word.vengtu='vêngtu'(K2), class7:word.vengtu='vengtu'(K7) — confirm distinct words or same word/typo.","a guardian, watcher, protector","Mi emaw hmun emaw enkawl a, vênghim tu hi a ni.",Kan khaw vengtu an awm.,7,"word_chain,spelling,word_search,tawng_upa,crossword,sentence_builder",🛡️
word.hlobet,hlobet,nature,K2,draft,pending,pending,"Source: Kumtluang Class II (SCERT Mizoram). VERIFY: gloss (a green meadow/pasture) inferred from a Psalm-23-style poem context, confirm before use.",a green meadow / pasture,"Hnah hring tak puan, rannung ei tur famkim hmun a ni.",Berâmte chu hlobet ah an rem a.,2,"picture_match,spelling,word_search,tawng_upa,crossword,thumal_kawp,sentence_builder",🌾
word.bawhtir,bawhtîr,verbs,K2,draft,pending,pending,"Source: Kumtluang Class II (SCERT Mizoram). VERIFY: gloss (to make an animal lie down and rest) inferred from a Psalm-23-style poem context, confirm before use.",to make (an animal) lie down and rest,"Chawlhna atan chak takin a bo suk a, a lektir a ni.",Rannung chu hlim taka a bawhtîr thin a.,2,"word_chain,spelling,word_search,tawng_upa,crossword,sentence_builder",
word.felna,felna,abstract,K2,draft,pending,pending,"Source: Kumtluang Class II (SCERT Mizoram). VERIFY: gloss (righteousness/moral uprightness) inferred from a Psalm-23-style poem context, confirm before use.",righteousness / moral uprightness,Thil dik leh tha taka thawh dan a ni.,Felna kawngah kan awm reng tur a ni.,2,"word_chain,spelling,word_search,tawng_upa,crossword,sentence_builder",
word.tiang,tiang,objects,K2,draft,pending,pending,"Source: Kumtluang Class II (SCERT Mizoram). VERIFY: gloss (a rod/staff) inferred from a Psalm-23-style poem context, confirm before use.",a rod / staff,"Thing rem, kut ah pawm a, kal lai chak nan hman a ni.",Pu chuan tiang chelhin lamah a kal a.,2,"picture_match,spelling,word_search,tawng_upa,crossword,thumal_kawp,sentence_builder",
word.dawhkan,dawhkân,objects,K2,draft,pending,pending,"Source: Kumtluang Class II (SCERT Mizoram). VERIFY spelling-variant: also found as class2:word.dawhkan='dawhkân'(K2), vartian:word.dawhkan='Dawhkan'(TQ0) — confirm distinct words or same word/typo.",a table,"Chaw emaw thil emaw dah nan hman, ke pali nei siamthil a ni.",Chaw kan ei hmaah dawhkân kan siam a.,2,"picture_match,spelling,word_search,tawng_upa,crossword,thumal_kawp,sentence_builder",
word.dawhkan-2,Dawhkan,objects,TQ0,draft,pending,pending,"Source: Ujaas (Vartian) Part-1, SCERT Mizoram adult literacy primer. VERIFY: meaning inferred from a book riddle ('ke pali ka nei, mahse ka kal thei lo' = 'I have four legs but cannot walk'); not fully confirmed. VERIFY spelling-variant: also found as class2:word.dawhkan='dawhkân'(K2), vartian:word.dawhkan='Dawhkan'(TQ0) — confirm distinct words or same word/typo.",table (furniture),"Dawhkan chu ke pali nei, thil dah nan hman kungpui a ni.",Dawhkan chunga chuan lehkhabu a awm.,1,"picture_match,spelling,word_search,tawng_upa,crossword,thumal_kawp,sentence_builder",
word.ngilneihna,ngilneihna,abstract,K2,draft,pending,pending,"Source: Kumtluang Class II (SCERT Mizoram). VERIFY: gloss (mercy/kindness) inferred from a Psalm-23-style poem context, confirm before use.",mercy / kindness,Mi harsatna tawktu chunga khawngaihna lantirna a ni.,Ngilneihna hmangin mi harsa te kan tanpui tur a ni.,2,"word_chain,spelling,word_search,tawng_upa,crossword",
word.khirh,khirh,adjectives,K2,draft,pending,pending,Source: Kumtluang Class II (SCERT Mizoram).,to be chronically ill / sickly,"Rei tak natna nei zel a, a dam thin ngai lo a ni.","Ka pi hi a khirh tawh vek a, hna a thawk theih lo ta.",2,"word_chain,spelling,word_search,tawng_upa,crossword",
word.beidawng,beidawng,adjectives,K2,draft,pending,pending,Source: Kumtluang Class II (SCERT Mizoram).,hopeless / without a way out,"Dam theihna kawng awm lovin, rilru a chhia ve a ni.",Damdawi engmah an tih tawh loh chuan an beidawng ta a.,2,"word_chain,spelling,word_search,tawng_upa,crossword",
word.natna,natna,health,K2,draft,pending,pending,Source: Kumtluang Class II (SCERT Mizoram).,illness / sickness,"Taksa dam lohna, hri a ni.",Ka natna avangin ka sikul kal thei lo a.,2,"picture_match,spelling,word_search,tawng_upa,crossword,thumal_kawp,sentence_builder",🤒
word.nghet,nghet,adjectives,K2,draft,pending,pending,Source: Kumtluang Class II (SCERT Mizoram).,firm / steadfast,"Rilru danglam lovin, kan ngaihtuah tak takin awm reng a ni.",Kan thinlung hi nghet taka awm reng rawh se.,2,"word_chain,spelling,word_search,tawng_upa,crossword,sentence_builder",
word.aiawh,aiawh,verbs,K2,draft,pending,pending,Source: Kumtluang Class II (SCERT Mizoram).,to request / ask for earnestly,Mi dang hnenah thil pek dilna a ni.,Ka pa hnenah pawisa ka aiawh a.,2,"word_chain,spelling,word_search,tawng_upa,crossword,sentence_builder",
word.inlar,inlâr,verbs,K2,draft,pending,pending,"Source: Kumtluang Class II (SCERT Mizoram). VERIFY: gloss (to appear/manifest oneself) inferred from a Bible-story context (God appearing in a dream), confirm before use.",to appear / manifest oneself,Awmzia lantir turin lo lang chhuak a ni.,Lal chu naupang mumangah a lo inlâr thin.,2,"word_chain,spelling,word_search,tawng_upa,crossword,sentence_builder",
word.inhnial,inhnial,verbs,K2,draft,pending,pending,Source: Kumtluang Class II (SCERT Mizoram).,to argue with each other / to each deny the other's claim,"Thil khat chungchang ah pahnih chuan an inro lo, an indem a ni.",Nu pahnihte kha naute chungchangah an inhnial a.,2,"word_chain,spelling,word_search,tawng_upa,crossword,sentence_builder",
word.umpha,ûmpha,adverbs,K2,draft,pending,pending,"Source: Kumtluang Class II (SCERT Mizoram). VERIFY: gloss (severely/very badly) inferred from a burn-injury story context, confirm before use.",severely / very badly,A hnuklam tak taka thleng a ni.,A ke chu a kang ûmpha avangin daktawr hnenah an kal ta a.,2,"word_chain,spelling,word_search,tawng_upa,crossword",
word.tumruh,tumruh,adjectives,K2,draft,pending,pending,Source: Kumtluang Class II (SCERT Mizoram).,stubborn / strongly determined,"A rilru danglam duh lo va, a duh zawng zawng ti dinhmun a ni.",Naupang tumruh takin a thiltih dan a chang duh lo a.,2,"word_chain,spelling,word_search,tawng_upa,crossword",
word.balhla-3,Balhla,food,TQ0,draft,pending,pending,"Source: Ujaas (Vartian) Part-1, SCERT Mizoram adult literacy primer.",ripe banana,"Balhla chu balrah a hring taka pot, ei theih a ni.",Balhla hlum chu a dawt hle.,1,"picture_match,spelling,word_search,tawng_upa,crossword,thumal_kawp,sentence_builder",🍌
word.fel,fel,adjectives,K2,draft,pending,pending,Source: Kumtluang Class II (SCERT Mizoram).,well-behaved / righteous / proper in conduct,"Awm dan tha, thil dik taka thawktu a ni.",Naupang fel chu mi zawng zawngin an duh a.,2,"word_chain,spelling,word_search,tawng_upa,crossword,sentence_builder",
word.tuihal,tuihâl,adjectives,K2,draft,pending,pending,"Source: Kumtluang Class II (SCERT Mizoram). VERIFY: gloss (thirsty) inferred from a proverb-style matching exercise, confirm before use.",thirsty,"Tui dawn a ngai dan, a hal a ni.",Tlan zawh hnu chuan ka tuihâl hle a.,2,"word_chain,spelling,word_search,tawng_upa,crossword,sentence_builder",
word.khar,khâr,adjectives,K2,draft,pending,pending,"Source: Kumtluang Class II (SCERT Mizoram). VERIFY: gloss (far) inferred from an antonym-matching exercise, confirm the paired antonym before use.",far / distant,"A hnai lo va, hmun rei takah awm a ni.",Ka pi in chu kan in atangin a khâr hle a.,2,"word_chain,spelling,word_search,tawng_upa,crossword",
word.hawng-2,hawng,verbs,K2,draft,pending,pending,"Source: Kumtluang Class II (SCERT Mizoram). VERIFY: gloss (to open) inferred from an antonym-matching exercise, confirm the paired antonym before use. VERIFY possible duplicate: diacritic-variant of existing word 'hâwng' already in corpus — confirm same word or distinct before import.",to open,Khar tawh emaw dinh tawh emaw thil chu fel takin siam let a ni.,Thlifim chu ngun takin hawng rawh.,2,"word_chain,spelling,word_search,tawng_upa,crossword,sentence_builder",
word.kawng,kâwng,nature/objects,K3,draft,pending,pending,Source: Kumtluang Class III (SCERT Mizoram). VERIFY: exact meaning uncertain from context (could be a container/basket or refer to a body part such as the neck); route to human reviewer for precise gloss. VERIFY possible duplicate: diacritic-variant of existing word 'Kawng' already in corpus — confirm same word or distinct before import.,container or neck (uncertain),"Thil dah theih bâwm emaw, taksa chhungril bel emaw a nih theih.",A kâwng chuan thil tam tak a dah thei.,3,"word_chain,spelling,word_search,tawng_upa,crossword,sentence_builder",
word.kezungpui,kezungpui,body,K3,draft,pending,pending,"Source: Kumtluang Class III (SCERT Mizoram). VERIFY: gloss inferred from word parts (ke=foot, zung=base, pui=big); confirm exact meaning.",big toe,"Ke zung chhungril lian ber, ke a bul lam a awm.",Ka kezungpui hi lung ka tawk avangin a na.,3,"picture_match,spelling,word_search,tawng_upa,crossword,thumal_kawp,sentence_builder",🦶
word.thlaphang,thlaphâng,nature,K3,draft,pending,pending,Source: Kumtluang Class III (SCERT Mizoram). VERIFY: gloss inferred from lion-and-mouse fable context.,"forest, wilderness","Ram ngaw zau tak, thing leh ram nawlpui awmna.",Sakei chu thlaphâng chhungah a awm ṭhin.,3,"picture_match,spelling,word_search,tawng_upa,crossword,thumal_kawp,sentence_builder",🌲
word.chawhnu,chawhnu,time,K3,draft,pending,pending,Source: Kumtluang Class III (SCERT Mizoram).,afternoon,"Chhun laizawn, zan lo thlen hma hun.",Chawhnu chuan sikul kan kal ṭhin.,3,"word_chain,spelling,word_search,tawng_upa,crossword,sentence_builder",🌇
word.zirtir,zirtir,verbs,K3,draft,pending,pending,Source: Kumtluang Class III (SCERT Mizoram).,"to teach, instruct",Mi lo hriat lo hnenah thu emaw hna emaw zir tirna.,Ka nu'n lehkha ziak min zirtir.,3,"word_chain,spelling,word_search,tawng_upa,crossword,sentence_builder",📖
word.dingdi,dingdi,nature,K3,draft,pending,pending,Source: Kumtluang Class III (SCERT Mizoram). VERIFY: specific flower species uncertain (likely marigold-type).,a garden flower,Huan-ah phun ṭhin pangpar chi pakhat.,Kan huan-ah dingdi an par êm êm.,3,"picture_match,spelling,word_search,tawng_upa,crossword,thumal_kawp,sentence_builder",🌼
word.derhken,derhken,nature,K3,draft,pending,pending,Source: Kumtluang Class III (SCERT Mizoram). VERIFY: specific flower species uncertain (likely dahlia-type).,a garden flower,Huan-ah phun ṭhin pangpar chi pakhat.,Derhken hi kan sikul huanah an tlar.,3,"picture_match,spelling,word_search,tawng_upa,crossword,thumal_kawp,sentence_builder",🌸
word.thangrei,thangrei,nature,K3,draft,pending,pending,Source: Kumtluang Class III (SCERT Mizoram). VERIFY: specific plant species uncertain.,a garden plant,Huan-ah phun ṭhin thlai chi pakhat.,Kan sikul kawt kovah thangrei an phun.,3,"picture_match,spelling,word_search,tawng_upa,crossword,thumal_kawp,sentence_builder",🌿
word.hnahsin,hnahsin,nature,K3,draft,pending,pending,Source: Kumtluang Class III (SCERT Mizoram). VERIFY: specific plant species uncertain (likely coleus-type ornamental).,an ornamental leaf plant,A hnah rawng eng emaw emawa awm avanga huanah phun thlai.,Hnahsin hi a hnah rawng avangin a mawi hle.,3,"picture_match,spelling,word_search,tawng_upa,crossword,thumal_kawp,sentence_builder",🍃
word.theitehmul,theitehmul,food,K3,draft,pending,pending,"Source: Kumtluang Class III (SCERT Mizoram). VERIFY: gloss inferred from word parts (thei=fruit, mul=fuzz); confirm exact meaning.",peach,"Thei chi pakhat, a pum ah mul tê tê a awm.",Theitehmul hi a chi tui tak a ni.,3,"picture_match,spelling,word_search,tawng_upa,crossword,thumal_kawp,sentence_builder",🍑
word.hlai,hlâi,nature,K3,draft,pending,pending,"Source: Kumtluang Class III (SCERT Mizoram). VERIFY: exact species uncertain; possible homonym with the craft-related word 'hlâi' (bamboo strip) seen elsewhere in the book, kept as a separate entry.",a tall tree species,"Sikul huanah dah kung, a sang leh a ding thulh thing chi pakhat.",Hlâi thing kha kan sikul kawngah a ding.,3,"picture_match,spelling,word_search,tawng_upa,crossword,thumal_kawp,sentence_builder",🌲
word.kawt,kawt,objects,K3,draft,pending,pending,Source: Kumtluang Class III (SCERT Mizoram). VERIFY: exact meaning (fence vs garden border) uncertain from context.,"fence, hedge",In emaw huan emaw kul kim vela dah bang.,Kan huan kawt kovah pangpar an tlar.,3,"picture_match,spelling,word_search,tawng_upa,crossword,thumal_kawp,sentence_builder",🚧
word.hnung,hnung,directions,K3,draft,pending,pending,Source: Kumtluang Class III (SCERT Mizoram).,"back, rear","Hmasa lam ang lo, nghet lam.",In hnungah huan an nei.,3,"word_chain,spelling,word_search,tawng_upa,crossword,sentence_builder",
word.thuhnuairawlh,thuhnuairawlh,adjectives,K3,draft,pending,pending,Source: Kumtluang Class III (SCERT Mizoram). VERIFY: gloss inferred from a paraphrase-style Beatitudes poem; confirm precise meaning.,"meek, gentle-natured","Mi ngawi tak, thu hnuai lo chhang mi.",Thuhnuairawlh mite chu mi zawng zawngin an duh ṭhin.,3,"word_chain,spelling,word_search,tawng_upa,crossword,sentence_builder",
word.thatna,thatna,abstract,K3,draft,pending,pending,Source: Kumtluang Class III (SCERT Mizoram).,"goodness, kindness","Mi tih dan ṭha, thil ṭha tih hriat.",Thatna kan lantir chuan mi an lawm ṭhin.,3,"word_chain,spelling,word_search,tawng_upa,crossword,sentence_builder",
word.urh,urh,adjectives,K3,draft,pending,pending,Source: Kumtluang Class III (SCERT Mizoram). VERIFY: confirm precise meaning (warmth vs a related sense) from context.,"warmth, heat","Mei emaw ni emawa awm rimna, khal lo taka awm.",Meichhawn hnaih chuan urh a lo awm.,3,"word_chain,spelling,word_search,tawng_upa,crossword,sentence_builder",🔥
word.palh,palh,abstract,K3,draft,pending,pending,Source: Kumtluang Class III (SCERT Mizoram).,"mistake, error",Dik lo taka thil tih emaw sawi emaw.,Palh ka nei chuan ngaihdam ka dil ṭhin.,3,"word_chain,spelling,word_search,tawng_upa,crossword,sentence_builder",
word.choka-2,Choka,places,TQ0,draft,pending,pending,"Source: Ujaas (Vartian) Part-1, SCERT Mizoram adult literacy primer.",kitchen,Choka chu chaw siamna leh ei tur siamna hmun a ni.,Nu chu choka-ah chaw a siam mek.,1,"picture_match,spelling,word_search,tawng_upa,crossword,thumal_kawp,sentence_builder",🍳
word.hmusit,hmusit,tools/nature,K3,draft,pending,pending,"Source: Kumtluang Class III (SCERT Mizoram). VERIFY culture-sensitive: relates to traditional pasaltha (warrior/hunter) hunting practice, route to human culture reviewer.","trap, snare (for hunting)",Ram sa man nan siam thil.,Pasaltha chuan sa man nan hmusit an siam ṭhin.,3,"word_chain,spelling,word_search,tawng_upa,crossword,sentence_builder",
word.nghalchang,nghalchang,tools/nature,K3,draft,pending,pending,"Source: Kumtluang Class III (SCERT Mizoram). VERIFY culture-sensitive: a traditional Mizo hunting-trap mechanism, route to human culture reviewer.",a spring-loaded animal trap,"Ram sa man nan siam, a khawih chuan a phîng ṭhin thil.",Nghalchang chu ram sa mannaah an hmang ṭhin.,3,"word_chain,spelling,word_search,tawng_upa,crossword,sentence_builder",
word.sabawp,sa bawp,tools/nature,K3,draft,pending,pending,"Source: Kumtluang Class III (SCERT Mizoram). VERIFY culture-sensitive: relates to traditional hunting practice, route to human culture reviewer.","animal snare, trap","Sa man nan siam thil, a khawih chu a man ve ṭhin.",Ramhnuaiah sa bawp an dah.,3,"word_chain,spelling,word_search,tawng_upa,crossword,sentence_builder",
word.lungthu,lungthu,abstract,K3,draft,pending,pending,"Source: Kumtluang Class III (SCERT Mizoram). VERIFY: meaning uncertain (possibly courage/resolve or spirit/will); VERIFY culture-sensitive: appears in a pasaltha (warrior) narrative, route to human culture reviewer.","courage, resolve, wholeheartedness","Rilru huaisenna, thil tih ngamna leh insiamsakna.",Lungthu nei mi chu a hlau ngai lo.,3,"word_chain,spelling,word_search,tawng_upa,crossword,sentence_builder",
word.awllen,âwllên,time,K3,draft,pending,pending,Source: Kumtluang Class III (SCERT Mizoram). VERIFY: gloss inferred from a Mizo calendar/seasons description.,busy farming season,Lo leh huan hna thawh nasa taka tih hun.,Âwllên hunah chuan mi zawng zawng lo an kal ṭhin.,3,"word_chain,spelling,word_search,tawng_upa,crossword",
word.chhawng,chhâwng,animals,K3,draft,pending,pending,"Source: Kumtluang Class III (SCERT Mizoram). VERIFY: exact animal identity uncertain (could be mithun or pig); VERIFY culture-sensitive: relates to ceremonial/festive slaughter practice, route to human culture reviewer.",mithun or domestic bovine used for feasts,"Ran chi pakhat, kût emaw hun ṭha hun emawa an hnawt/ei ṭhin.",Kût laiin chhâwng an hnawt ṭhin.,3,"picture_match,spelling,word_search,tawng_upa,crossword,thumal_kawp,sentence_builder",
word.ruahtui,ruahtui,nature,K3,draft,pending,pending,Source: Kumtluang Class III (SCERT Mizoram).,rainwater,Ruah sûr atanga awm tui.,Ruahtui hi thlai zawngte tan a ṭangkai.,3,"picture_match,spelling,word_search,tawng_upa,crossword,thumal_kawp,sentence_builder",💧
word.faihliau,fai hliau,verbs,K3,draft,pending,pending,Source: Kumtluang Class III (SCERT Mizoram). VERIFY: gloss inferred from a folk-tale context (wiping away tracks/tears).,to wipe away,Tui emaw thil emaw a chunga awm chu chiah/tuk chhuak.,A mit-ah luangte chu a fai hliau ṭhin.,3,"word_chain,spelling,word_search,tawng_upa,crossword,sentence_builder",
word.tungkhawm,tung khawm,verbs,K3,draft,pending,pending,Source: Kumtluang Class III (SCERT Mizoram).,"to gather, assemble together",Mi emaw thil emaw hmun khatah pun khawm.,Naupangte chu classroom-ah an tung khawm.,3,"word_chain,spelling,word_search,tawng_upa,crossword,sentence_builder",
word.engthawl,engthawl,verbs,K3,draft,pending,pending,Source: Kumtluang Class III (SCERT Mizoram).,"to rest, relax","Hna thawh aṭanga chawlh a, taksa leh rilru tihdam.",Sikul aṭang hun chuan a engthawl ṭhin.,3,"word_chain,spelling,word_search,tawng_upa,crossword,sentence_builder",😌
word.vul,vul,verbs,K3,draft,pending,pending,Source: Kumtluang Class III (SCERT Mizoram).,"to bloom, blossom",Pangpar a hawnin a hmuh theih dan a lantir.,Zâwlah pangpar an vul ta.,3,"picture_match,spelling,word_search,tawng_upa,crossword,thumal_kawp,sentence_builder",🌷
word.rapthlak,râpthlâk,adjectives,K3,draft,pending,pending,Source: Kumtluang Class III (SCERT Mizoram). VERIFY: confirm precise gloss from a sentiment-classification exercise.,"pitiful, miserable","Ngaihdam tur, khawngaih a tul mi.",Rethei mi chu râpthlâk tak an ni.,3,"word_chain,spelling,word_search,tawng_upa,crossword,sentence_builder",
word.fai,fai,adjectives,K3,draft,pending,pending,Source: Kumtluang Class III (SCERT Mizoram).,clean,"Nghawng lo, tihchhiat lo.",In hi fai taka dah rawh.,3,"word_chain,spelling,word_search,tawng_upa,crossword,sentence_builder",🧼
word.thui-2,ṭhui,objects,K3,draft,pending,pending,Source: Kumtluang Class III (SCERT Mizoram). VERIFY: spelling uncertain (may be a variant of the excluded word 'thui'); confirm exact meaning (thread/lace vs a distinct term). VERIFY possible duplicate: diacritic-variant of existing word 'thui' already in corpus — confirm same word or distinct before import.,"string, thread, lace",Thil khai emaw pheh emaw nan hman thui te.,Ka khawpui ṭhui chu a phêk ta.,3,"picture_match,spelling,word_search,tawng_upa,crossword,thumal_kawp,sentence_builder",🧵
word.antam,anṭam,animals,K3,draft,pending,pending,"Source: Kumtluang Class III (SCERT Mizoram). VERIFY: spelling/diacritics uncertain; confirm standard Mizo word for caterpillar. VERIFY spelling-variant: also found as class3:word.antam='anṭam'(K3), class6:word.antam='Antam'(K6), vartian:word.antam='Anṭam'(TQ0) — confirm distinct words or same word/typo.",caterpillar,"Phêngphehlep a la ni hma, hnah ei tur rah.",Anṭam chuan hnah a ei ṭhin.,3,"picture_match,spelling,word_search,tawng_upa,crossword,thumal_kawp,sentence_builder",🐛
word.antam-2,Antam,food,K6,draft,pending,pending,"Source: Kumtluang Class VI (SCERT Mizoram). VERIFY: uncertain of the exact species this leafy vegetable refers to. VERIFY spelling-variant: also found as class3:word.antam='anṭam'(K3), class6:word.antam='Antam'(K6), vartian:word.antam='Anṭam'(TQ0) — confirm distinct words or same word/typo.",a leafy green vegetable (mustard-type greens),"A hnah hring rêng ei theih, chilin emaw baiin emaw ei thin thlai.",Antam hi bai leh chil apiangin a tui thin.,6,"picture_match,spelling,word_search,tawng_upa,crossword,thumal_kawp,sentence_builder",
word.antam-3,Anṭam,food,TQ0,draft,pending,pending,"Source: Ujaas (Vartian) Part-1, SCERT Mizoram adult literacy primer. VERIFY spelling-variant: also found as class3:word.antam='anṭam'(K3), class6:word.antam='Antam'(K6), vartian:word.antam='Anṭam'(TQ0) — confirm distinct words or same word/typo.",cabbage,"Anṭam chu hnah tampui nei thlai rah, chaw dahna atana hmang tur a ni.","Nu chuan anṭam a lei a, sum-um-ah a thlak.",1,"picture_match,spelling,word_search,tawng_upa,crossword,thumal_kawp,sentence_builder",🥬
word.bawm,bâwm,objects,K3,draft,pending,pending,Source: Kumtluang Class III (SCERT Mizoram).,"box, container","Thil dah nan hman, a khup nei ṭhin.",Ka lehkhabu chu bâwm chhungah ka dah.,3,"picture_match,spelling,word_search,tawng_upa,crossword,thumal_kawp,sentence_builder",📦
word.thau,thau,body/food,K3,draft,pending,pending,Source: Kumtluang Class III (SCERT Mizoram).,"fat, grease, oil",Taksa chhung emaw sa chhung emawa awm thil thau.,Anṭam chu a thau tak a lo ni ta.,3,"word_chain,spelling,word_search,tawng_upa,crossword,sentence_builder",
word.vahtir,vahtir,verbs,K3,draft,pending,pending,Source: Kumtluang Class III (SCERT Mizoram).,"to release, let go",Khai lova awm theihna tur pe.,Pangang chu an vahtir ta.,3,"word_chain,spelling,word_search,tawng_upa,crossword,sentence_builder",
word.rualthawt,rual ṭhawt,verbs,K3,draft,pending,pending,Source: Kumtluang Class III (SCERT Mizoram). VERIFY: gloss inferred from a caterpillar/butterfly story context.,to fly off together (startled),Vanah pahnih emaw tam emaw inkarah thlâwk chhuak.,Sava te chu an rual ṭhawt ta.,3,"word_chain,spelling,word_search,tawng_upa,crossword,sentence_builder",
word.thuawih,thuawih,adjectives,K3,draft,pending,pending,Source: Kumtluang Class III (SCERT Mizoram).,"obedient, patient","Thu âwih tak, nu leh pa thu ngaihsak mi.",Thuawih naupang chu mi zawng zawngin an duh ṭhin.,3,"word_chain,spelling,word_search,tawng_upa,crossword,sentence_builder",
word.inzah,inzah,emotions,K3,draft,pending,pending,Source: Kumtluang Class III (SCERT Mizoram).,"shy, embarrassed",Mi tam taka hmaah a zahin a thin a rim.,Sikul thar a kal chho hnu chuan a inzah hle.,3,"word_chain,spelling,word_search,tawng_upa,crossword",😳
word.lei-2,Lei,body,TQ0,draft,pending,pending,"Source: Ujaas (Vartian) Part-1, SCERT Mizoram adult literacy primer.",tongue,"Lei chu kam chhungah awm, chaw hriat theihna leh sawi theihna hmun a ni.",Lei kha hian chaw a chhang lo chhang a hriat thei.,1,"picture_match,spelling,word_search,tawng_upa,crossword,thumal_kawp",👅
word.buak,buak,verbs,K3,draft,pending,pending,Source: Kumtluang Class III (SCERT Mizoram). VERIFY: confirm precise verb sense (to spill vs to scatter).,to spill,Tui emaw thil emaw a awm hmun aṭanga chhuak.,Tui chu bâwm chhungin a buak ve.,3,"word_chain,spelling,word_search,tawng_upa,crossword,sentence_builder",
word.tlaivar,tlaivar,time,K3,draft,pending,pending,Source: Kumtluang Class III (SCERT Mizoram).,"evening, dusk","Ni tlai laizawn, zan lo thlen dawn hun.",Tlaivar chuan sikul aṭang kan haw ṭhin.,3,"word_chain,spelling,word_search,tawng_upa,crossword,sentence_builder",🌆
word.pua,pua,verbs,K3,draft,pending,pending,Source: Kumtluang Class III (SCERT Mizoram).,to carry (a baby) on the back,Naupang emaw thil emaw hnungah phur.,Ka nu chuan ka nau a pua ṭhin.,3,"word_chain,spelling,word_search,tawng_upa,crossword,sentence_builder",
word.hrai,hrai,verbs,K3,draft,pending,pending,Source: Kumtluang Class III (SCERT Mizoram). VERIFY: near-synonym of 'pua'; confirm if this specific term differs in meaning or usage.,to carry on the back,Naupang emaw thil emaw hnungah phur.,A nu chuan naupang a hrai ṭhin.,3,"word_chain,spelling,word_search,tawng_upa,crossword,sentence_builder",
word.thlem,thlêm,verbs,K3,draft,pending,pending,Source: Kumtluang Class III (SCERT Mizoram).,"to soothe, coax",Mi ṭap emaw thinrim emawa thlamuang tihna nan thu tha sawi.,Naupang a ṭap chuan a nu chuan a thlêm ṭhin.,3,"word_chain,spelling,word_search,tawng_upa,crossword",
word.hmaihthelh,hmaihthelh,verbs,K3,draft,pending,pending,Source: Kumtluang Class III (SCERT Mizoram). VERIFY: confirm precise gloss (neglect vs delay).,"to neglect, delay","Tih tur thil rangin ti lo, hnuhnung takin ti.",Ka sin tur ka hmaihthelh ngai lo.,3,"word_chain,spelling,word_search,tawng_upa,crossword,sentence_builder",
word.tah,tah,verbs/craft,K3,draft,pending,pending,"Source: Kumtluang Class III (SCERT Mizoram). VERIFY culture-sensitive: refers to traditional bamboo/cane weaving craft, route to human culture reviewer.",to weave (bamboo or cane),"Mau emaw rua emawin thil siam, arbawm emaw bâwm emaw siam nan.",Sir Dika chuan naupangte hnenah hnâng an tah dan a zirtir.,3,"word_chain,spelling,word_search,tawng_upa,crossword",
word.buhmal,buhmal,food/nature,K3,draft,pending,pending,Source: Kumtluang Class III (SCERT Mizoram).,a grain of rice or paddy,"Buh emaw rah emawa awm te, a fim tak.",Fanghmirin buhmal an put khawm ṭhin.,3,"picture_match,spelling,word_search,tawng_upa,crossword,thumal_kawp,sentence_builder",🌾
word.duhsakna,duhsakna,abstract,K3,draft,pending,pending,Source: Kumtluang Class III (SCERT Mizoram).,"kindness, favor shown to someone",Mi hnena rilru ṭha leh khawngaihna lantirna.,Lalnu duhsakna avangin fanghmira chu an chêng ve.,3,"word_chain,spelling,word_search,tawng_upa,crossword,sentence_builder",
word.hmuingilna,hmuingilna,abstract,K3,draft,pending,pending,Source: Kumtluang Class III (SCERT Mizoram). VERIFY: confirm precise gloss (harmony/concord vs another related sense).,"harmony, unity, concord","Inrem taka awmna, indo lohna.",Chhungkuaah hmuingilna a awm chuan a nuam.,3,"word_chain,spelling,word_search,tawng_upa,crossword,sentence_builder",
word.nunna,nunna,abstract,K3,draft,pending,pending,Source: Kumtluang Class III (SCERT Mizoram).,life,Mihring emaw ran emaw thil nung dan.,Ei leh in hi kan nunna atan a pawimawh.,3,"word_chain,spelling,word_search,tawng_upa,crossword,sentence_builder",
word.mamawh,mamawh,abstract,K3,draft,pending,pending,Source: Kumtluang Class III (SCERT Mizoram).,"need, necessity",Awm tur tul tak thil.,Taksa mamawh tawk ei chu kan hriselna tan a pawimawh.,3,"word_chain,spelling,word_search,tawng_upa,crossword",
word.thial,thial,adjectives,K3,draft,pending,pending,Source: Kumtluang Class III (SCERT Mizoram). VERIFY: confirm precise gloss (spilled vs messy) from context.,"spilled, messy","A dah dan a ṭha lo, a chher der der.",Thil ei lai thial lan chu a mawi lo.,3,"word_chain,spelling,word_search,tawng_upa,crossword,sentence_builder",
word.zelthel,zelthel,verbs,K3,draft,pending,pending,Source: Kumtluang Class III (SCERT Mizoram). VERIFY: confirm precise gloss (to avoid vs to skip/shirk).,"to avoid, keep away from",Thil emaw hna emaw ti lova pumpelh.,Hnathawh honaah zelthel pawl chu a ṭha lo.,3,"word_chain,spelling,word_search,tawng_upa,crossword,sentence_builder",
word.nachang,nachâng,abstract,K3,draft,pending,pending,Source: Kumtluang Class III (SCERT Mizoram). VERIFY: confirm precise gloss (character/trait vs habit).,"nature, character, trait",Mi rilru put dan leh nun ziarang.,Mi dangte ngaihsak nachâng chu a ṭha.,3,"word_chain,spelling,word_search,tawng_upa,crossword,sentence_builder",
word.chuantir,chuantir,verbs,K3,draft,pending,pending,Source: Kumtluang Class III (SCERT Mizoram). VERIFY: gloss inferred from a fable context; confirm precise meaning.,to snap or pluck quickly,Rang taka phêk emaw phawt emaw.,Fanghmira chuan a kotute chu a thlaah a chuantir.,3,"word_chain,spelling,word_search,tawng_upa,crossword,sentence_builder",
word.nem,nêm,adjectives,K3,draft,pending,pending,Source: Kumtluang Class III (SCERT Mizoram). VERIFY: confirm precise gloss from a minimal-pair exercise.,"soft, gentle, tender","Khal lo, ṭha taka en; thuk hnem theih.",Puan nêm hi ka duh hle.,3,"word_chain,spelling,word_search,tawng_upa,crossword,sentence_builder",
word.inphelh,inphelh,verbs,K3,draft,pending,pending,Source: Kumtluang Class III (SCERT Mizoram).,"to swap, exchange with each other","Thil inzawn leh inpe, a chhung leh chhung inthlak.",Naupangte chuan an thil an inphelh.,3,"word_chain,spelling,word_search,tawng_upa,crossword,sentence_builder",
word.chang,chang,abstract,K3,draft,pending,pending,Source: Kumtluang Class III (SCERT Mizoram). VERIFY: confirm precise gloss (turn/sequence vs another sense) from a minimal-pair exercise.,"turn (one's turn, as in a game)",Mi emaw thil emaw thawh tur/tih tur a thleng hun.,Ka chang a thleng chuan ka insûk dawn nia.,3,"word_chain,spelling,word_search,tawng_upa,crossword,sentence_builder",
word.sa-2,sâ,food/body,K3,draft,pending,pending,Source: Kumtluang Class III (SCERT Mizoram). VERIFY: confirm precise gloss; possible near-duplicate of 'thau'. VERIFY possible duplicate: diacritic-variant of existing word 'Sa' already in corpus — confirm same word or distinct before import.,"fat, grease",Sa emaw taksa emawa awm thau chi.,He sa hi a sâ tak a ni.,3,"word_chain,spelling,word_search,tawng_upa,crossword,sentence_builder",
word.huam,huam,adjectives,K4,draft,pending,pending,Source: Kumtluang Class IV (SCERT Mizoram).,"breathless, panting",Thawhrim taka thaw avanga hausak taka thaw theih loh dan.,Kal hlawh avangin ka thaw a huam khinkhin.,4,"word_chain,spelling,word_search,tawng_upa,crossword,sentence_builder",😮‍💨
word.thatho,thatho,adjectives,K4,draft,pending,pending,Source: Kumtluang Class IV (SCERT Mizoram).,"confident, defiant","Hlau lo va, ring huai taka thu sawi emaw thil ti dan.","Thatho takin “Ka tih ngei ang,” a ti.",4,"word_chain,spelling,word_search,tawng_upa,crossword,sentence_builder",
word.kawngkhar,kawngkhâr,tools,K4,draft,pending,pending,"Source: Kumtluang Class IV (SCERT Mizoram). VERIFY spelling-variant: also found as class4:word.kawngkhar='kawngkhâr'(K4), vartian:word.kawngkhar='Kawngkhar'(TQ0) — confirm distinct words or same word/typo.","gate, doorway","In lut chhuahna hmun, kawng bâwr.",Kawngkhâr pahin naupangte an lawn lut.,4,"picture_match,spelling,word_search,tawng_upa,crossword,thumal_kawp,sentence_builder",🚪
word.kawngkhar-2,Kawngkhar,objects,TQ0,draft,pending,pending,"Source: Ujaas (Vartian) Part-1, SCERT Mizoram adult literacy primer. VERIFY spelling-variant: also found as class4:word.kawngkhar='kawngkhâr'(K4), vartian:word.kawngkhar='Kawngkhar'(TQ0) — confirm distinct words or same word/typo.",door/gate,Kawngkhar chu in lam leh kal chhuahna hmun a ni.,Kawngkhar hi i khar tawh loh chuan sakhua a lut ve thei.,1,"picture_match,spelling,word_search,tawng_upa,crossword,thumal_kawp",🚪
word.thutak,thutak,adjectives,K4,draft,pending,pending,Source: Kumtluang Class IV (SCERT Mizoram).,"true, sincere",Dik tak leh rin awm taka thu sawi emaw awm dan.,Thutak takin ka hrilh che ang.,4,"word_chain,spelling,word_search,tawng_upa,crossword,sentence_builder",
word.phawk,phâwk,verbs,K4,draft,pending,pending,Source: Kumtluang Class IV (SCERT Mizoram).,"to worry, be anxious",Thil thleng dawn tur ngaihtuah avanga rilru harsatna hmuh dan.,A fanu damlo avangin nu chu a phâwk hle.,4,"word_chain,spelling,word_search,tawng_upa,crossword,sentence_builder",
word.rang,rang,adjectives,K4,draft,pending,pending,Source: Kumtluang Class IV (SCERT Mizoram).,"fast, quick",Hun tlêm tea thil tih zawh theih dan.,Rang takin sikul-ah a kal.,4,"word_chain,spelling,word_search,tawng_upa,crossword,sentence_builder",
word.hlauthawng-2,hlauthâwng,adjectives,K4,draft,pending,pending,Source: Kumtluang Class IV (SCERT Mizoram). VERIFY possible duplicate: diacritic-variant of existing word 'hlauthawng' already in corpus — confirm same word or distinct before import.,"dreadful, terrified",Hlau lutuk avanga thinlung a lo tikhawih dan.,Rûl a hmuh chuan a hlauthâwng hle.,4,"word_chain,spelling,word_search,tawng_upa,crossword,sentence_builder",😨
word.damdiai,dam diai,adjectives,K4,draft,pending,pending,Source: Kumtluang Class IV (SCERT Mizoram).,"relieved, at ease","Ngaihtuahna lian tawh a bo va, muang taka awm dan.",A tuar tak a tih hnu chuan a dam diai ta hle.,4,"word_chain,spelling,word_search,tawng_upa,crossword",
word.thawhlawm,thawhlawm,community,K4,draft,pending,pending,Source: Kumtluang Class IV (SCERT Mizoram).,"mutual help, cooperative labour","Mi hrang hrangin an rual khawma an thawh khawm dan, hna innghawm.",Kan khua mite chu thawhlawm hi an nei tak zet.,4,"word_chain,spelling,word_search,tawng_upa,crossword",
word.chhiatni,chhiatni,people,K4,draft,pending,pending,Source: Kumtluang Class IV (SCERT Mizoram).,birthday,"Mi pian ni, kum tin thleng ṭhin ni.",Ka chhiatni chu September thla-ah a ni.,4,"word_chain,spelling,word_search,tawng_upa,crossword,sentence_builder",🎂
word.bengchheng,bengchheng,adjectives,K4,draft,pending,pending,Source: Kumtluang Class IV (SCERT Mizoram).,"lonely, isolated","Mi dang nena awm lo va, mahni chauhin awm dan.",Zan reiah chuan a in-ah a bengchheng ṭhin.,4,"word_chain,spelling,word_search,tawng_upa,crossword,sentence_builder",
word.tithlabar,tithlabâr,verbs,K4,draft,pending,pending,Source: Kumtluang Class IV (SCERT Mizoram).,"to alarm, cause excessive worry",Mi rilru harsa taka tibuai emaw tilau dan.,Chu thu chu naupangte tithlabâr lo tur a ni.,4,"word_chain,spelling,word_search,tawng_upa,crossword,sentence_builder",
word.thilkawm,thilkawm,adjectives,K4,draft,pending,pending,Source: Kumtluang Class IV (SCERT Mizoram).,"stingy, miserly","Mahni thil pe duh lo va, chho reng duh dan.",Mi thilkawm hi midangten an duh lo.,4,"word_chain,spelling,word_search,tawng_upa,crossword,sentence_builder",
word.dawt,dâwt,verbs,K4,draft,pending,pending,Source: Kumtluang Class IV (SCERT Mizoram).,"to backbite, speak ill of someone",Mi hnung lamah a chhia sawi dan.,Mi dâwt hi Pathianin a duh lo.,4,"word_chain,spelling,word_search,tawng_upa,crossword,sentence_builder",
word.tlawh,tlawh,verbs,K4,draft,pending,pending,Source: Kumtluang Class IV (SCERT Mizoram).,to visit (esp. someone who is sick),Mi damlo emaw thiante enkawl tura kal dan.,Ka thian damlo ka tlawh ṭhin.,4,"word_chain,spelling,word_search,tawng_upa,crossword,sentence_builder",
word.tlai-2,tlai,adjectives,K4,draft,pending,pending,Source: Kumtluang Class IV (SCERT Mizoram). VERIFY possible duplicate: diacritic-variant of existing word 'Tlâi' already in corpus — confirm same word or distinct before import.,late,"Hun ngaihtuah lo va, hnuhnung berah thleng dan.",Sikul kal ni chuan i tlai lo ang che.,4,"word_chain,spelling,word_search,tawng_upa,crossword,sentence_builder",
word.hul,hul,adjectives,K4,draft,pending,pending,Source: Kumtluang Class IV (SCERT Mizoram).,fast (of movement),Rang taka kal emaw thawk dan.,A tlan chu a hul hle.,4,"word_chain,spelling,word_search,tawng_upa,crossword,sentence_builder",
word.huh,huh,adjectives,K4,draft,pending,pending,Source: Kumtluang Class IV (SCERT Mizoram).,slow,"Rei taka thawk emaw kal dan, rang lo.",A kal chu a huh êm êm.,4,"word_chain,spelling,word_search,tawng_upa,crossword,sentence_builder",
word.eng-3,êng,adjectives,K4,draft,pending,pending,Source: Kumtluang Class IV (SCERT Mizoram). VERIFY possible duplicate: diacritic-variant of existing word 'Eng' already in corpus — confirm same word or distinct before import.,light (in weight),"A rit lo va, phurh awlsam dan.",He bawm hi a êng hle.,4,"word_chain,spelling,word_search,tawng_upa,crossword,sentence_builder",
word.bial-2,Bial,numbers,TQ0,draft,pending,pending,"Source: Ujaas (Vartian) Part-1, SCERT Mizoram adult literacy primer.",zero,Bial chu nambar pakhat mah a awm loh zawng a ni.,Mobile-ah nambar bial hi 0 tih a ni.,1,"picture_match,spelling,word_search,tawng_upa,crossword,thumal_kawp,sentence_builder",0️⃣
word.ria,ria,adjectives,K4,draft,pending,pending,Source: Kumtluang Class IV (SCERT Mizoram).,"difficult, hard",Zawh emaw thiam harsa dan.,He thu chhang hi a ria hle.,4,"word_chain,spelling,word_search,tawng_upa,crossword,sentence_builder",
word.zang,zâng,adjectives,K4,draft,pending,pending,Source: Kumtluang Class IV (SCERT Mizoram).,easy,"Harsatna awm lo va, zawh awlsam dan.",He homework hi a zâng hle.,4,"word_chain,spelling,word_search,tawng_upa,crossword,sentence_builder",
word.sawl,sâwl,adjectives,K4,draft,pending,pending,Source: Kumtluang Class IV (SCERT Mizoram).,"few, scanty","A tam lo, a tlêm êm êm dan.",Kan huan-a thei chu a sâwl.,4,"word_chain,spelling,word_search,tawng_upa,crossword,sentence_builder",
word.chum,chum,adjectives,K4,draft,pending,pending,Source: Kumtluang Class IV (SCERT Mizoram).,"clear, bright (of weather or water)","Bo emaw thim lo va, hmu chiang taka awm dan.",Tuipui hi a chum hle.,4,"word_chain,spelling,word_search,tawng_upa,crossword,sentence_builder",
word.ralpui,ralpui,adjectives,K4,draft,pending,pending,Source: Kumtluang Class IV (SCERT Mizoram).,"a great, dreaded enemy or predator",Hmêlma hlauhawm tak emaw thil hlau um tak.,Sava tê tê chu ralpui atangin an inhumhim a ngai.,4,"word_chain,spelling,word_search,tawng_upa,crossword",
word.dawm,dawm,verbs,K4,draft,pending,pending,Source: Kumtluang Class IV (SCERT Mizoram).,"to shelter, protect","Enkawl a, venhim dan.",Nu chuan a fanute a dawm ṭhin.,4,"word_chain,spelling,word_search,tawng_upa,crossword,sentence_builder",
word.lentupui,lentupui,nature,K4,draft,pending,pending,Source: Kumtluang Class IV (SCERT Mizoram).,"vast wilderness, open jungle expanse","Ram ngaw zau tak, mi awmlohna.",Lentupui chhungah sava tam tak an awm.,4,"word_chain,spelling,word_search,tawng_upa,crossword,sentence_builder",🌳
word.siang,siang,nature,K4,draft,pending,pending,"Source: Kumtluang Class IV (SCERT Mizoram). VERIFY: an archaic/poetic word glossed in the textbook itself as 'in, chenna' (house, dwelling); modern usage is rare so confidence is moderate.","dwelling, home (poetic word)","Awmna in, chenna hmun.",A siang atangin a chhuak.,4,"word_chain,spelling,word_search,tawng_upa,crossword,sentence_builder",🏠
word.thangthar,ṭhangthar,people,K4,draft,pending,pending,"Source: Kumtluang Class IV (SCERT Mizoram). VERIFY spelling-variant: also found as class4:word.thangthar='ṭhangthar'(K4), class7:word.thangthar='thangthar'(K7) — confirm distinct words or same word/typo.","youth, the young generation","Tlangval leh nula lai mek, mi thar lai.",Kan khua ṭhangtharte chu an fing hle.,4,"word_chain,spelling,word_search,tawng_upa,crossword,sentence_builder",
word.thangthar-2,thangthar,community,K7,draft,pending,pending,"Source: Kumtluang Class VII (SCERT Mizoram). VERIFY spelling-variant: also found as class4:word.thangthar='ṭhangthar'(K4), class7:word.thangthar='thangthar'(K7) — confirm distinct words or same word/typo.","youth, the young generation","Naupang leh tlangval hnathar chi, khawtlang atana thar chhuak hi a ni.",Thangthar chuan ram hmasawnna an bei tul.,7,"word_chain,spelling,word_search,tawng_upa,crossword,sentence_builder",🧑
word.nawi,nawi,adjectives,K4,draft,pending,pending,"Source: Kumtluang Class IV (SCERT Mizoram). VERIFY: exact nuance uncertain; inferred from a poem-vocabulary exercise pairing it with 'nuam' (pleasant) without a plain-language gloss given in the text. VERIFY spelling-variant: also found as class4:word.nawi='nawi'(K4), class5:word.nawi='nâwi'(K5) — confirm distinct words or same word/typo.","gentle, soft, mild","Nasa lo va, muang taka awm dan.",A thusawi dan chu a nawi hle.,4,"word_chain,spelling,word_search,tawng_upa,crossword,sentence_builder",
word.nawi-2,nâwi,tools,K5,draft,pending,pending,"Source: Kumtluang Class V (SCERT Mizoram). VERIFY spelling-variant: also found as class4:word.nawi='nawi'(K4), class5:word.nawi='nâwi'(K5) — confirm distinct words or same word/typo.","small change, coins","Nâwi hi pawisa tlêm tê, sumdâwng chi a ni.",Pathennaah chuan nâwi tlêm ka nei.,5,"picture_match,spelling,word_search,tawng_upa,crossword,thumal_kawp,sentence_builder",🪙
word.tiauvut,ṭiauvut,nature,K4,draft,pending,pending,Source: Kumtluang Class IV (SCERT Mizoram). VERIFY: this word's precise sense is not glossed in the textbook; inferred from flood-poem context (debris/miscellaneous things carried by floodwater).,assorted debris swept together (e.g. by floodwater),"Thil hrang hrang inla khawm, tuiin a rawn kaihhnawih.",Tuipui in loh chuan ṭiauvut tam tak a rawn kaihhnawih.,4,"word_chain,spelling,word_search,tawng_upa,crossword",
word.tihlim,tihlim,verbs,K4,draft,pending,pending,Source: Kumtluang Class IV (SCERT Mizoram).,"to comfort, cheer up",Mi rilru hlim taka siam dan.,A ṭhian a tihlim ṭhin.,4,"word_chain,spelling,word_search,tawng_upa,crossword,sentence_builder",
word.tiharh,tiharh,verbs,K4,draft,pending,pending,Source: Kumtluang Class IV (SCERT Mizoram).,"to trouble, burden, make difficult",Mi rilru harsa taka siam dan.,Chu thu chuan min tiharh hle.,4,"word_chain,spelling,word_search,tawng_upa,crossword,sentence_builder",
word.tidarh,tidarh,verbs,K4,draft,pending,pending,Source: Kumtluang Class IV (SCERT Mizoram).,"to strengthen, harden",Nghak thei zawk leh chak zawka siam dan.,Tawngtaina chuan rilru min tidarh ṭhin.,4,"word_chain,spelling,word_search,tawng_upa,crossword,sentence_builder",
word.zanin-2,zanin,nature,K4,draft,pending,pending,Source: Kumtluang Class IV (SCERT Mizoram).,"in the evening, at night",Zan lai hun sawina.,Zanin lehkha ka chhiar ṭhin.,4,"word_chain,spelling,word_search,tawng_upa,crossword,sentence_builder",🌙
word.nichin,nichin,adjectives,K4,draft,pending,pending,Source: Kumtluang Class IV (SCERT Mizoram).,"daily, every day","Ni tin, ni tina thil thleng dan sawina.",Nichin ka lehkha ka zir.,4,"word_chain,spelling,word_search,tawng_upa,crossword,sentence_builder",
word.hal,hâl,adjectives,K4,draft,pending,pending,Source: Kumtluang Class IV (SCERT Mizoram).,thirsty,Tui in a duh dan.,"Ka hâl hle, tui min pe rawh.",4,"word_chain,spelling,word_search,tawng_upa,crossword,sentence_builder",
word.mutchhuak,mut chhuak,verbs,K4,draft,pending,pending,Source: Kumtluang Class IV (SCERT Mizoram).,to drool while asleep,Mut lai hnahnaw a rawn luang chhuak dan.,Naupang mute chuan an mut chhuak ṭhin.,4,"word_chain,spelling,word_search,tawng_upa,crossword,sentence_builder",
word.maianbai,maian bai,adjectives,K4,draft,pending,pending,Source: Kumtluang Class IV (SCERT Mizoram).,"sooty-faced, smudged with soot",Hmêl chhum leh khu hnuh vek dan.,Meichhawh atangin a hmêl a maian bai.,4,"word_chain,spelling,word_search,tawng_upa,crossword,sentence_builder",
word.daih,daih,verbs,K4,draft,pending,pending,Source: Kumtluang Class IV (SCERT Mizoram).,to snap or break off (with a cracking sound),Chak taka kân emaw pawt dan.,"Thing kung chu a daih a, a phuar a chhuak.",4,"word_chain,spelling,word_search,tawng_upa,crossword",
word.peih,peih,adjectives,K4,draft,pending,pending,Source: Kumtluang Class IV (SCERT Mizoram).,"worn out, torn from use",Hman tam avanga bo tan emaw se tan dan.,Ka lehkhabu chu a chhiar peih avangin a se tan.,4,"word_chain,spelling,word_search,tawng_upa,crossword",
word.ngaihnawm,ngaihnawm,adjectives,K4,draft,pending,pending,Source: Kumtluang Class IV (SCERT Mizoram).,"interesting, enjoyable","Ngaihtuah leh chhiar nuam tak, hlim thlak dan.",He thawnthu hi a ngaihnawm hle.,4,"word_chain,spelling,word_search,tawng_upa,crossword,sentence_builder",
word.tuihnai-2,tuihnâi,verbs,K4,draft,pending,pending,Source: Kumtluang Class IV (SCERT Mizoram). VERIFY: inferred from a rat's ravenous eating in a fable's word-box; precise shade of meaning not glossed in the text. VERIFY possible duplicate: diacritic-variant of existing word 'tuihnai' already in corpus — confirm same word or distinct before import.,"to crave intensely, eat ravenously","Ei duh nasa tak, chak taka duh dan.",Ui chuan sa a tuihnâi ṭhin.,4,"word_chain,spelling,word_search,tawng_upa,crossword,sentence_builder",
word.thawm,thâwm,adjectives,K4,draft,pending,pending,Source: Kumtluang Class IV (SCERT Mizoram).,"full, satiated (after eating)",Ei tawh avanga a khawih tawh loh dan.,Chaw ka ei zawh chuan ka thâwm hle.,4,"word_chain,spelling,word_search,tawng_upa,crossword,sentence_builder",
word.harhvang-2,harhvâng,adjectives,K4,draft,pending,pending,Source: Kumtluang Class IV (SCERT Mizoram). VERIFY possible duplicate: diacritic-variant of existing word 'harhvang' already in corpus — confirm same word or distinct before import.,"mischievous, restless (of a child)",Naupang thawh that leh muang lo taka awm dan.,Zova chu naupang harhvâng tak a ni.,4,"word_chain,spelling,word_search,tawng_upa,crossword,sentence_builder",
word.nghafuan,nghafuan,tools,K4,draft,pending,pending,Source: Kumtluang Class IV (SCERT Mizoram). VERIFY: gloss inferred from context describing a hunting method being restricted to protect dove numbers; exact construction of the trap is not described in the text.,a snare or trap used for catching birds,Sava mante khap nan hman thil.,Nghafuan hi khawtlangin an khap ta.,4,"word_chain,spelling,word_search,tawng_upa,crossword,sentence_builder",
word.hnianghnar,hnianghnâr,adjectives,K4,draft,pending,pending,Source: Kumtluang Class IV (SCERT Mizoram). VERIFY: gloss inferred from context (a village's dove population becoming plentiful after a hunting method was banned); no direct definition given in text.,"abundant, plentiful (of wildlife)",Ram sa emaw thil awm tam êm êm dan.,Sava an hnianghnâr avangin khaw mite an lawm.,4,"word_chain,spelling,word_search,tawng_upa,crossword,sentence_builder",
word.run,rûn,tools,K4,draft,pending,pending,Source: Kumtluang Class IV (SCERT Mizoram).,"a trap, snare",Ram sa man nan siam thil.,Rûn an dah avangin sazuk an man.,4,"picture_match,spelling,word_search,tawng_upa,crossword,thumal_kawp,sentence_builder",
word.thlaichhiah,thlaichhiah,community,K4,draft,pending,pending,Source: Kumtluang Class IV (SCERT Mizoram). VERIFY culture-sensitive: a Mim Kut ancestor-remembrance/death custom where food is offered at graves of deceased family members; route to human culture reviewer.,a Mim Kut ritual of offering food at the graves of the dead,"Chhungte thi tawh te tan ei tur an dah khawmna, thi zinga awm ngaihsan dan.",Mim Kut hunah chuan an chhungte thlaichhiah nan an thlan-ah ei an dah ṭhin.,4,"word_chain,spelling,word_search,tawng_upa,crossword",
word.inbuatsaih,inbuatsaih,verbs,K4,draft,pending,pending,Source: Kumtluang Class IV (SCERT Mizoram).,"to prepare, get ready","Hma taka siam tawh dan, ngaihtuah tawh dan.",Kut atan chuan an inbuatsaih hle.,4,"word_chain,spelling,word_search,tawng_upa,crossword,sentence_builder",
word.chhawnghnawh,chhâwng hnawh,community,K4,draft,pending,pending,Source: Kumtluang Class IV (SCERT Mizoram). VERIFY culture-sensitive: a traditional children's game (egg-knocking contest) tied to the Pawl Kut festival; route to human culture reviewer.,a traditional egg-tapping game played during Pawl Kut,"Artui inbarh hmangin infiamna, tu artui a chak zawk tih hriat nan tih.",Pawl Kut-ah chuan naupangte chhâwng hnawh an in tih ṭhin.,4,"word_chain,spelling,word_search,tawng_upa,crossword",
word.hmanghria,hmanghria,people,K4,draft,pending,pending,Source: Kumtluang Class IV (SCERT Mizoram).,"discerning, perceptive (notices things others miss)",Thil chiang taka enkawl leh hriat thiam dan.,Mi hmanghria chuan thil ṭha lo pian lam a hmuh ṭhin.,4,"word_chain,spelling,word_search,tawng_upa,crossword",
word.ngatngat,ngat ngat,adjectives,K4,draft,pending,pending,Source: Kumtluang Class IV (SCERT Mizoram).,"firmly, steadily (e.g. of digging)","Chak taka, ṭhat lova thawk dan.",Huan an laih chuan ngat ngat mai an thawk.,4,"word_chain,spelling,word_search,tawng_upa,crossword,sentence_builder",
word.hnual,hnual,adjectives,K4,draft,pending,pending,Source: Kumtluang Class IV (SCERT Mizoram).,"upset, frustrated","Lungawi lo va, thinrim tak a awm dan.",Thil an beisei loh chuan an rilru a hnual hle.,4,"word_chain,spelling,word_search,tawng_upa,crossword",
word.hnukchah,hnuk chah,verbs,K4,draft,pending,pending,Source: Kumtluang Class IV (SCERT Mizoram).,"to hold back, delay revealing (something)","Hun tawk lo pah chuan sawi lo va, dah tuah dan.","Ka thu chu ka hnuk chah dâwn a, tûn hian ka sawi lo.",4,"word_chain,spelling,word_search,tawng_upa,crossword",
word.zuankahlen,zuankahlên,verbs,K4,draft,pending,pending,Source: Kumtluang Class IV (SCERT Mizoram).,"to race, compete against one another (e.g. swimming)",Tu chak zawk emaw hlawhtling zawk tih hriat nana infiamna.,Naupangte chuan tuipuiah an inzuankahlên.,4,"word_chain,spelling,word_search,tawng_upa,crossword,sentence_builder",
word.inphekbeih,inphêk beih,verbs,K4,draft,pending,pending,Source: Kumtluang Class IV (SCERT Mizoram).,"to argue, quarrel heatedly with one another",Thu inâwm lovin ngun taka inbei dan.,Kutkawrh chungchang avangin an inphêk beih.,4,"word_chain,spelling,word_search,tawng_upa,crossword,sentence_builder",
word.kakpui,kâkpui,people,K4,draft,pending,pending,Source: Kumtluang Class IV (SCERT Mizoram).,neck (esp. of an animal),"Lu leh puk kawmkil, hnawk chung lam.",Rûlpui kâkpuiah chuan a inbâng.,4,"picture_match,spelling,word_search,tawng_upa,crossword,thumal_kawp,sentence_builder",
word.zangruh,zângruh,adjectives,K4,draft,pending,pending,Source: Kumtluang Class IV (SCERT Mizoram). VERIFY: gloss inferred from fable context (a predator spotting an opponent's exposed weak spot); not a common everyday word.,a vulnerable or exposed spot (weak point),"Mi emaw ran vênhim theih loh chhehvel, tuar hlauna hmun.","Sa aiawh chuan a zângruh a hmu a, a man.",4,"word_chain,spelling,word_search,tawng_upa,crossword",
word.tinreng,tinreng,adjectives,K4,draft,pending,pending,Source: Kumtluang Class IV (SCERT Mizoram).,"always, constantly","A chatuan zêl, hun tinah awm reng dan.",Kan pa min chhâwrtîr tinreng a duh.,4,"word_chain,spelling,word_search,tawng_upa,crossword,sentence_builder",
word.hlan,hlân,nature,K4,draft,pending,pending,Source: Kumtluang Class IV (SCERT Mizoram).,"long ago, formerly","Hun kal tawh, tunlai lo ni.",Hlân khan he tlang hi ram ngaw a ni.,4,"word_chain,spelling,word_search,tawng_upa,crossword,sentence_builder",
word.turni,tûrni,nature,K4,draft,pending,pending,Source: Kumtluang Class IV (SCERT Mizoram).,the sun,Van chunga êng petu lian tak.,Tûrni chu a chak hle avangin kan phah lo.,4,"picture_match,spelling,word_search,tawng_upa,crossword,thumal_kawp,sentence_builder",☀️
word.chun,chûn,nature,K4,draft,pending,pending,Source: Kumtluang Class IV (SCERT Mizoram).,"evening, dusk","Ni tlai, khua a lo tim hun.",Chûn hun chuan kan chhungte kan ko khawm.,4,"word_chain,spelling,word_search,tawng_upa,crossword,sentence_builder",
word.nghatun,nghatun,animals,K4,draft,pending,pending,Source: Kumtluang Class IV (SCERT Mizoram). VERIFY: 'nghatun' is one of several dove/pigeon species named in a hunting story and a bird-categorisation exercise; exact common English species name not confirmed.,a species of wild dove or pigeon,"Vahu chi hrang hrang zinga mi pakhat, ramhnuaia awm ṭhin.",An pafa chuan nghatun an man.,4,"picture_match,spelling,word_search,tawng_upa,crossword,thumal_kawp,sentence_builder",🕊️
word.nghadawl,nghadawl,animals,K4,draft,pending,pending,Source: Kumtluang Class IV (SCERT Mizoram). VERIFY: 'nghadawl' is one of several dove/pigeon species named in a hunting story and a bird-categorisation exercise; exact common English species name not confirmed.,a species of wild dove or pigeon,"Vahu chi hrang hrang zinga mi pakhat, ramhnuaia awm ṭhin.",An pafa chuan nghadawl an man.,4,"picture_match,spelling,word_search,tawng_upa,crossword,thumal_kawp,sentence_builder",🕊️
word.nghahrah,nghahrah,animals,K4,draft,pending,pending,Source: Kumtluang Class IV (SCERT Mizoram). VERIFY: 'nghahrah' is one of several dove/pigeon species named in a hunting story and a bird-categorisation exercise; exact common English species name not confirmed.,a species of wild dove or pigeon,"Vahu chi hrang hrang zinga mi pakhat, ramhnuaia awm ṭhin.",An pafa chuan nghahrah an man.,4,"picture_match,spelling,word_search,tawng_upa,crossword,thumal_kawp,sentence_builder",🕊️
word.nghavawk,nghavawk,animals,K4,draft,pending,pending,Source: Kumtluang Class IV (SCERT Mizoram). VERIFY: 'nghavawk' is one of several dove/pigeon species named in a hunting story and a bird-categorisation exercise; exact common English species name not confirmed.,a species of wild dove or pigeon,"Vahu chi hrang hrang zinga mi pakhat, ramhnuaia awm ṭhin.",An pafa chuan nghavawk an man.,4,"picture_match,spelling,word_search,tawng_upa,crossword,thumal_kawp,sentence_builder",🕊️
word.nghavang,nghavâng,animals,K4,draft,pending,pending,Source: Kumtluang Class IV (SCERT Mizoram). VERIFY: 'nghavâng' is one of several dove/pigeon species named in a hunting story and a bird-categorisation exercise; exact common English species name not confirmed.,a species of wild dove or pigeon,"Vahu chi hrang hrang zinga mi pakhat, ramhnuaia awm ṭhin.",An pafa chuan nghavâng an man.,4,"picture_match,spelling,word_search,tawng_upa,crossword,thumal_kawp,sentence_builder",🕊️
word.ngharul,ngharûl,animals,K4,draft,pending,pending,Source: Kumtluang Class IV (SCERT Mizoram). VERIFY: 'ngharûl' is one of several dove/pigeon species named in a hunting story and a bird-categorisation exercise; exact common English species name not confirmed.,a species of wild dove or pigeon,"Vahu chi hrang hrang zinga mi pakhat, ramhnuaia awm ṭhin.",An pafa chuan ngharûl an man.,4,"picture_match,spelling,word_search,tawng_upa,crossword,thumal_kawp,sentence_builder",🕊️
word.lengphar,lengphâr,animals,K4,draft,pending,pending,Source: Kumtluang Class IV (SCERT Mizoram). VERIFY: species identity uncertain; named among birds caught in a fishing net in the source story.,a species of wild bird (possibly a green pigeon),Sava chi hrang hrang zinga mi pakhat.,Huan kama chuan lengphâr an hmu.,4,"picture_match,spelling,word_search,tawng_upa,crossword,thumal_kawp,sentence_builder",
word.chhawlhring,chhâwlhring,animals,K4,draft,pending,pending,Source: Kumtluang Class IV (SCERT Mizoram). VERIFY: species identity uncertain (named in a hunting story and a bird-categorisation exercise).,a species of wild bird,Sava chi hrang hrang zinga mi pakhat.,Lui kamah chuan chhâwlhring an hmu.,4,"picture_match,spelling,word_search,tawng_upa,crossword,thumal_kawp,sentence_builder",
word.chinrang,chinrâng,animals,K4,draft,pending,pending,Source: Kumtluang Class IV (SCERT Mizoram). VERIFY: species identity uncertain (named in a hunting story and a bird-categorisation exercise).,a species of wild bird,Sava chi hrang hrang zinga mi pakhat.,Chinrâng chu lui kamah an hmu ṭhin.,4,"picture_match,spelling,word_search,tawng_upa,crossword,thumal_kawp,sentence_builder",
word.kireuh,kireuh,animals,K4,draft,pending,pending,Source: Kumtluang Class IV (SCERT Mizoram). VERIFY: species identity uncertain (named in a hunting story and a bird-categorisation exercise).,a species of wild bird,Sava chi hrang hrang zinga mi pakhat.,Kireuh chu huan kamah an hmu.,4,"picture_match,spelling,word_search,tawng_upa,crossword,thumal_kawp,sentence_builder",
word.tawllawt,tawllâwt,animals,K4,draft,pending,pending,Source: Kumtluang Class IV (SCERT Mizoram). VERIFY: species identity uncertain (named in a bird-categorisation exercise).,a species of wild bird,Sava chi hrang hrang zinga mi pakhat.,Tawllâwt chu lui kamah an hmuh ṭhin.,4,"picture_match,spelling,word_search,tawng_upa,crossword,thumal_kawp,sentence_builder",
word.varihaw,varihâw,animals,K4,draft,pending,pending,"Source: Kumtluang Class IV (SCERT Mizoram). VERIFY: species identity uncertain; possibly refers to a hornbill, inferred from the 'va-' bird prefix and 'lian' size context.","a large wild bird, possibly a hornbill","Sava lian tak, ram thlirah awm ṭhin.",Varihâw hi sava lian tak a ni.,4,"picture_match,spelling,word_search,tawng_upa,crossword,thumal_kawp,sentence_builder",
word.bullut,bullut,animals,K4,draft,pending,pending,Source: Kumtluang Class IV (SCERT Mizoram). VERIFY: species identity uncertain (named in a bird-categorisation exercise).,a species of wild bird,Sava chi hrang hrang zinga mi pakhat.,Bullut chu ramhnuaia an hmuh ṭhin.,4,"picture_match,spelling,word_search,tawng_upa,crossword,thumal_kawp,sentence_builder",
word.chhuangtuar,chhuangtuar,animals,K4,draft,pending,pending,Source: Kumtluang Class IV (SCERT Mizoram). VERIFY: species identity uncertain (named in a bird-categorisation exercise).,a species of wild bird,Sava chi hrang hrang zinga mi pakhat.,Chhuangtuar chu ramhnuaia an hmuh ṭhin.,4,"picture_match,spelling,word_search,tawng_upa,crossword,thumal_kawp,sentence_builder",
word.arpui,arpui,animals,K4,draft,pending,pending,Source: Kumtluang Class IV (SCERT Mizoram).,cicada (a loud insect),"Rimtui chi, ri ngun taka chhuahtu.",Chhûn takah arpui ri kan hriat ṭhin.,4,"picture_match,spelling,word_search,tawng_upa,crossword,thumal_kawp,sentence_builder",🦗
word.zawhte-2,zawhtê,animals,K4,draft,pending,pending,Source: Kumtluang Class IV (SCERT Mizoram). VERIFY: exact animal identity not confirmed; named in an exercise about animal calls/sounds. VERIFY possible duplicate: diacritic-variant of existing word 'Zawhte' already in corpus — confirm same word or distinct before import.,"a small creature (named for its call, exact identity uncertain)","Ran te emaw sava te, a ri hriat theih chi.",Zawhtê ri chu zanah kan hriat ṭhin.,4,"picture_match,spelling,word_search,tawng_upa,crossword,thumal_kawp,sentence_builder",
word.sihal,sihal,animals,K4,draft,pending,pending,"Source: Kumtluang Class IV (SCERT Mizoram). VERIFY: likely refers to the barking deer, inferred from its grouping with other deer/wild-game names.",barking deer (a small wild deer),"Ramsa te, sakhi chi te zinga mi pakhat.",Sihal chu ramah kan hmuh ṭhin.,4,"picture_match,spelling,word_search,tawng_upa,crossword,thumal_kawp,sentence_builder",
word.sanghar,sanghar,animals,K4,draft,pending,pending,"Source: Kumtluang Class IV (SCERT Mizoram). VERIFY: likely means porcupine, inferred from grouping with other wild-game names in an animal-sounds exercise.",porcupine,"Ramsa, a tisen zau tak nei.",Sanghar chu tisen a nei avangin an hre chiang.,4,"picture_match,spelling,word_search,tawng_upa,crossword,thumal_kawp,sentence_builder",
word.mupui,mupui,animals,K4,draft,pending,pending,Source: Kumtluang Class IV (SCERT Mizoram).,owl,"Sava, zanah zâwng, khawvêl a chak.",Mupui hi zanah a chak ṭhin.,4,"picture_match,spelling,word_search,tawng_upa,crossword,thumal_kawp,sentence_builder",🦉
word.vamur,vamûr,animals,K4,draft,pending,pending,Source: Kumtluang Class IV (SCERT Mizoram).,vulture,"Sava lian, ramsa thi ei.",Vamûr chuan ramsa thi an ei ṭhin.,4,"picture_match,spelling,word_search,tawng_upa,crossword,thumal_kawp,sentence_builder",
word.vate,vatê,animals,K4,draft,pending,pending,Source: Kumtluang Class IV (SCERT Mizoram).,"small bird(s), a generic term for little birds",Sava tê tê awm.,Vatê chu thing changah an chun ṭhin.,4,"picture_match,spelling,word_search,tawng_upa,crossword,thumal_kawp,sentence_builder",🐦
word.vapual,vapual,animals,K4,draft,pending,pending,Source: Kumtluang Class IV (SCERT Mizoram). VERIFY: species identity uncertain (named in a bird-categorisation exercise).,a species of dove or pigeon,Vahu chi hrang hrang zinga mi pakhat.,Vapual chu ramhnuaia an hmuh ṭhin.,4,"picture_match,spelling,word_search,tawng_upa,crossword,thumal_kawp,sentence_builder",
word.sazuk-3,Sazuk,animals,TQ0,draft,pending,pending,"Source: Ujaas (Vartian) Part-1, SCERT Mizoram adult literacy primer. Distinct from 'sakhi' (barking deer); sazuk is the larger antlered species.",sambar/antlered deer,"Sazuk chu sakhi aia lian zawk, hniak nei sahuan a ni.",Ramah kan zin lai chuan sazuk kan hmu.,1,"picture_match,spelling,word_search,tawng_upa,crossword,thumal_kawp,sentence_builder",
word.sanghal,sanghal,animals,K4,draft,pending,pending,Source: Kumtluang Class IV (SCERT Mizoram). VERIFY: spelling is close to 'sanghar' (porcupine) elsewhere in the same book; may be the same animal or a distinct one—needs language review.,"a wild game animal (exact identity uncertain, possibly related to 'sanghar')",Ramsa chi pakhat.,Sanghal chu ramah an hmuh ṭhin.,4,"picture_match,spelling,word_search,tawng_upa,crossword,thumal_kawp,sentence_builder",
word.chengkawl,chêngkawl,animals,K4,draft,pending,pending,Source: Kumtluang Class IV (SCERT Mizoram). VERIFY: species identity uncertain; named in a story about birds catching insects.,a wild bird (possibly a heron),"Sava chi, tui kama insu ṭhin.",Chêngkawl chuan pitte an manthei ṭhin.,4,"picture_match,spelling,word_search,tawng_upa,crossword,thumal_kawp,sentence_builder",
word.changpat,changpât,animals,K4,draft,pending,pending,Source: Kumtluang Class IV (SCERT Mizoram). VERIFY: species identity uncertain; named in a story about birds catching insects.,a small insect-eating bird,"Sava tê, insect man ei.",Changpât chuan vate an man ṭhin.,4,"picture_match,spelling,word_search,tawng_upa,crossword,thumal_kawp,sentence_builder",
word.pit,pit,animals,K4,draft,pending,pending,Source: Kumtluang Class IV (SCERT Mizoram). VERIFY: species identity uncertain (small generic bird named in a story).,a small bird,Sava tê tê.,Pittê chu thing changah an chun.,4,"picture_match,spelling,word_search,tawng_upa,crossword,thumal_kawp,sentence_builder",
word.theiherawt,theiherâwt,food,K4,draft,pending,pending,"Source: Kumtluang Class IV (SCERT Mizoram). VERIFY: identified as a local fruit whose fruit turns reddish, matched in a fruit-vocabulary exercise; exact common English name not fully confirmed. VERIFY spelling-variant: also found as class4:word.theiherawt='theiherâwt'(K4), class5:word.theiherawt='theiherawt'(K5) — confirm distinct words or same word/typo.",rose apple (a local fruit),"Thei chi, a rah a sen vâr.",Theiherâwt chu kan huanah an ling.,4,"picture_match,spelling,word_search,tawng_upa,crossword,thumal_kawp,sentence_builder",
word.theiherawt-2,theiherawt,food,K5,draft,pending,pending,"Source: Kumtluang Class V (SCERT Mizoram). VERIFY: Traditional-medicine plant name; exact botanical identity not independently confirmed — verify with a native speaker/ethnobotanist. VERIFY spelling-variant: also found as class4:word.theiherawt='theiherâwt'(K4), class5:word.theiherawt='theiherawt'(K5) — confirm distinct words or same word/typo.",a plant traditionally used for chest pain and blurred vision,Theiherawt hi thin natna leh mit liam tihdam nana hman ram hmul damdawi a ni.,Thin a na avangin theiherawt an ei tir thin.,5,"picture_match,spelling,word_search,tawng_upa,crossword,thumal_kawp,sentence_builder",
word.kual,kual,adjectives,K4,draft,pending,pending,Source: Kumtluang Class IV (SCERT Mizoram).,round (in shape),A bial takin a vêl vek dan.,Pelo chu a kual.,4,"word_chain,spelling,word_search,tawng_upa,crossword,sentence_builder",⚪
word.duk,duk,adjectives,K4,draft,pending,pending,Source: Kumtluang Class IV (SCERT Mizoram).,itchy,Vun ah a duh emaw hniam duh dan.,Theipalingkawh chawi chuan taksa a duk ṭhin.,4,"word_chain,spelling,word_search,tawng_upa,crossword,sentence_builder",
word.kawrtawnghak,kawrtawnghâk,community,K4,draft,pending,pending,"Source: Kumtluang Class IV (SCERT Mizoram). VERIFY culture-sensitive: describes a traditional Mizo men's clothing/wrapping style from before woven garments were common; a traditional craft/dress practice, route to human culture reviewer.",a traditional style of wrapping cloth around the waist worn by men,"Mipa puan silhna dan bik, kawr ang deuha nghawngah bat.",Hmanlai mipate chu kawrtawnghâk an silh ṭhin.,4,"picture_match,spelling,word_search,tawng_upa,crossword,thumal_kawp,sentence_builder",
word.titi,titi,adjectives,K5,draft,pending,pending,Source: Kumtluang Class V (SCERT Mizoram).,"hastily, in a rushed/hurried manner",Titi tih hi chak taka leh phur taka thawh dan a ni.,Amaho chu titi bawrh bawrh in in lam an haw ta a.,5,"word_chain,spelling,word_search,tawng_upa,crossword",
word.chhinchhiahna,chhinchhiahna,community,K5,draft,pending,pending,Source: Kumtluang Class V (SCERT Mizoram).,"a sign, mark, or signal",Chhinchhiahna hi thil pakhat hriat theihna atana siam awmzia nei thil a ni.,Kawng kam chungah chuan chhinchhiahna hmangin motor te an hriattir thin.,5,"word_chain,spelling,word_search,tawng_upa,crossword",🪧
word.chah,chah,verbs,K5,draft,pending,pending,Source: Kumtluang Class V (SCERT Mizoram). VERIFY: Gloss inferred from context (mi chah nasa thei lutuk); double-check precise shade of meaning vs. related verbs.,"to hurt or injure (someone), often by accident",Chah tih hi mi emaw chunga natna emaw hlauhawmna thlen dan a ni.,Motor tlanna avangin mi chah leh chhiat tam takin an awm thin.,5,"word_chain,spelling,word_search,tawng_upa,crossword",
word.nuivarvar,nui var var,idiom,K5,draft,pending,pending,Source: Kumtluang Class V (SCERT Mizoram).,to smile/laugh broadly and happily,Nui var var tih hi hlim taka nuih chhuah dan sawi na a ni.,Thil pawimawh a hlawhtling chuan nui var var chungin a lawm lang a.,5,"word_chain,spelling,word_search,tawng_upa,crossword",😄
word.hnamtlawm,hnam tlawm,community,K5,draft,pending,pending,Source: Kumtluang Class V (SCERT Mizoram). VERIFY: Compound noun distinct from adjective 'tlawm' (small) already recorded; confirm exact sociolinguistic usage.,a minority tribe/small ethnic group,Hnam tlawm tih hi mi tam lo nei hnam sawi na a ni.,Mizoram hian hnam tlawm tam tak an awm bawk.,5,"word_chain,spelling,word_search,tawng_upa,crossword,sentence_builder",
word.zung,zung,nature,K5,draft,pending,pending,Source: Kumtluang Class V (SCERT Mizoram).,root (of a plant or tree),"Zung hi thing emaw pui emaw hnuaia lei chhunga awm, thing kaihdahtu a ni.",Thing zung a chak chuan thli nasa pawh a tla thei lo.,5,"picture_match,spelling,word_search,tawng_upa,crossword,thumal_kawp",🌱
word.damdawi,damdawi,tools,K5,draft,pending,pending,Source: Kumtluang Class V (SCERT Mizoram).,medicine,Damdawi hi natna tidam nan hman thil a ni.,A dam loh avangin damdawi a ei a.,5,"picture_match,spelling,word_search,tawng_upa,crossword,thumal_kawp,sentence_builder",💊
word.hnim-3,Hnim,verbs,TQ0,draft,pending,pending,"Source: Ujaas (Vartian) Part-1, SCERT Mizoram adult literacy primer.",to smell (perceive an odour),Hnim chu hnar hmanga rimtui hriat chi a ni.,Chaw rim tha tak ka hnim.,1,"word_chain,spelling,word_search,tawng_upa,crossword,sentence_builder",👃
word.sairawkherh,sairawkherh,tools,K5,draft,pending,pending,Source: Kumtluang Class V (SCERT Mizoram). VERIFY: Exact identification/spelling of this traditional tool name should be confirmed with a native speaker.,a large traditional cutting knife/dao,Sairawkherh hi thing tan leh ram hnathawh atana hman chem lian a ni.,Ram a kal hian sairawkherh a keng thin.,5,"picture_match,spelling,word_search,tawng_upa,crossword,thumal_kawp,sentence_builder",🔪
word.tuifawn,tui fawn,nature,K5,draft,pending,pending,Source: Kumtluang Class V (SCERT Mizoram).,flood,"Tui fawn hi tui a lian lutuk a, khaw chhung a luantir dan a ni.",Ruah nasa avangin tui fawn a lo thleng a.,5,"picture_match,spelling,word_search,tawng_upa,crossword,thumal_kawp,sentence_builder",🌊
word.leimin,lei min,nature,K5,draft,pending,pending,Source: Kumtluang Class V (SCERT Mizoram). VERIFY: Gloss inferred from context listing natural disasters caused by deforestation; confirm exact term (possibly two separate words).,"landslide, soil erosion",Lei min hi tlang emaw kawtlai lei a bo/tla dan a ni.,Ruahnasa hnu chuan lei min avangin kawng a bo thin.,5,"picture_match,spelling,word_search,tawng_upa,crossword,thumal_kawp",
word.ditip,ditip,tools,K5,draft,pending,pending,"Source: Kumtluang Class V (SCERT Mizoram). VERIFY: Exact meaning uncertain from context (ditipa theihai); could denote a specific carrying-bag or quiver type — confirm with native speaker. VERIFY culture-sensitive: appears in a khuavang/tree-spirit (Phungpuinu) folktale passage, route to human culture reviewer.",a bag or quiver carried for tools/supplies,Ditip hi thil emaw kutdawh emaw put theihna bawm a ni.,Ram a kal hian ditip a zuang a.,5,"picture_match,spelling,word_search,tawng_upa,crossword,thumal_kawp,sentence_builder",
word.saisir,saisir,legend,K5,draft,pending,pending,"Source: Kumtluang Class V (SCERT Mizoram). VERIFY: Meaning inferred loosely from folktale context (a saisira lawn); confirm exact sense — may refer to a vine/cord rather than hair. VERIFY culture-sensitive: word appears within a khuavang/tree-spirit (Phungpuinu) folktale passage, route to human culture reviewer.","hair (used here as something to climb down by, in a folktale)",Saisir hi mi lu chunga awm sam a ni.,Hmeichhia chuan a saisir a lo sen tak a ni.,5,"word_chain,spelling,word_search,tawng_upa,crossword",
word.chinpar,chin par,nature,K5,draft,pending,pending,Source: Kumtluang Class V (SCERT Mizoram).,orchid (flower),"Chin par hi thing lehkhawlah vul par mawi tak, Mizoram rama hmuh theih a ni.",Tlang chhipah chuan chin par a vul hmel hmel.,5,"picture_match,spelling,word_search,tawng_upa,crossword,thumal_kawp,sentence_builder",🌺
word.chawnpui,chawnpui,nature,K5,draft,pending,pending,Source: Kumtluang Class V (SCERT Mizoram).,"Bauhinia flower (Mizoram's state flower, orchid-tree blossom)","Chawnpui hi Mizoram rama vul par sen leh var mawi tak, Mizoram sawrkar chhinchhiahna par a ni.",Chhak lam thlipuiah chuan chawnpui par an vul chhuak hlim hlim.,5,"picture_match,spelling,word_search,tawng_upa,crossword,thumal_kawp",🌸
word.ip,ip,tools,K5,draft,pending,pending,Source: Kumtluang Class V (SCERT Mizoram).,pocket,Ip hi puan emaw kekawr emawa thil dah theihna a ni.,A kekawr ipah chuan pawisa a dah a.,5,"picture_match,spelling,word_search,tawng_upa,crossword,thumal_kawp,sentence_builder",👝
word.aieng,aieng,food,K5,draft,pending,pending,Source: Kumtluang Class V (SCERT Mizoram). VERIFY: Traditional-medicine plant name; exact botanical identity not independently confirmed — verify with a native speaker/ethnobotanist.,a plant/fruit traditionally used to treat blurred vision and cataracts,Aieng hi mit natna leh mit liam tihdam nana hman ram hmul damdawi chi pakhat a ni.,Mit a liam avangin aieng an hman thin.,5,"picture_match,spelling,word_search,tawng_upa,crossword,thumal_kawp,sentence_builder",
word.sarzuk,sarzuk,food,K5,draft,pending,pending,Source: Kumtluang Class V (SCERT Mizoram). VERIFY: Traditional-medicine plant name; exact botanical identity not independently confirmed — verify with a native speaker/ethnobotanist.,a plant traditionally used to stop diarrhea,Sarzuk hi chhul chak lohna atana hman ram hmul damdawi chi pakhat a ni.,Chhul a chak avangin sarzuk an ei tir thin.,5,"picture_match,spelling,word_search,tawng_upa,crossword,thumal_kawp,sentence_builder",
word.sawhthing,sawhthing,food,K5,draft,pending,pending,Source: Kumtluang Class V (SCERT Mizoram). VERIFY: Traditional-medicine plant name; exact botanical identity not independently confirmed — verify with a native speaker/ethnobotanist.,a plant traditionally used to deworm livestock,Sawhthing hi rannungte chhung rul (worm) chhuah tirna atana hman ram hmul damdawi a ni.,Sakawr rannung hnawihna atan sawhthing an hman.,5,"picture_match,spelling,word_search,tawng_upa,crossword,thumal_kawp,sentence_builder",
word.sekhupthur,sekhupthur,food,K5,draft,pending,pending,Source: Kumtluang Class V (SCERT Mizoram). VERIFY: Traditional-medicine plant name; exact botanical identity not independently confirmed — verify with a native speaker/ethnobotanist.,a plant traditionally used to treat toothache,Sekhupthur hi ha natna tihdam nana hman ram hmul damdawi a ni.,Ha a tih avangin sekhupthur an hman thin.,5,"picture_match,spelling,word_search,tawng_upa,crossword,thumal_kawp,sentence_builder",
word.sumbul,sumbul,food,K5,draft,pending,pending,Source: Kumtluang Class V (SCERT Mizoram). VERIFY: Traditional-medicine plant name; exact botanical identity not independently confirmed — verify with a native speaker/ethnobotanist.,a plant traditionally used as a cough remedy,Sumbul hi kal (cough) tihdam nana hman ram hmul damdawi a ni.,Kal a chak avangin sumbul damdawi an ei.,5,"picture_match,spelling,word_search,tawng_upa,crossword,thumal_kawp,sentence_builder",
word.tawitaw,tawitaw,food,K5,draft,pending,pending,Source: Kumtluang Class V (SCERT Mizoram). VERIFY: Traditional-medicine plant name; exact botanical identity not independently confirmed — verify with a native speaker/ethnobotanist.,a plant traditionally used to numb toothache before extraction,Tawitaw hi ha tihreh hma numna atana hman ram hmul damdawi a ni.,Ha chhoh hma chuan tawitaw an hman thin.,5,"picture_match,spelling,word_search,tawng_upa,crossword,thumal_kawp,sentence_builder",
word.tlangsam,tlangsam,food,K5,draft,pending,pending,Source: Kumtluang Class V (SCERT Mizoram). VERIFY: Traditional-medicine plant name; exact botanical identity not independently confirmed — verify with a native speaker/ethnobotanist.,a plant traditionally used to stop bleeding from wounds,Tlangsam hi pem emaw thi luang chhuah tihreh nana hman ram hmul damdawi a ni.,Pem a thi luang chuan tlangsam an hman thin.,5,"picture_match,spelling,word_search,tawng_upa,crossword,thumal_kawp,sentence_builder",
word.phuihnam,phuihnam,food,K5,draft,pending,pending,Source: Kumtluang Class V (SCERT Mizoram). VERIFY: Traditional-medicine plant name; exact botanical identity not independently confirmed — verify with a native speaker/ethnobotanist.,a plant traditionally used as a blood tonic,Phuihnam hi thisen sang (blood-boosting) nana hman ram hmul damdawi a ni.,A thisen a nem avangin phuihnam an ei tir thin.,5,"picture_match,spelling,word_search,tawng_upa,crossword,thumal_kawp",
word.kawltheizik,kawlthei zik,food,K5,draft,pending,pending,Source: Kumtluang Class V (SCERT Mizoram). VERIFY: Traditional-medicine plant name; exact botanical identity not independently confirmed — verify with a native speaker/ethnobotanist.,a plant traditionally used as a cough remedy,Kawlthei zik hi kal (cough) tihdam nana hman ram hmul damdawi a ni.,Kal a chak mi chuan kawlthei zik an ei tir thin.,5,"picture_match,spelling,word_search,tawng_upa,crossword,thumal_kawp",
word.behlawi,behlawi,food,K5,draft,pending,pending,Source: Kumtluang Class V (SCERT Mizoram). VERIFY: Traditional-medicine plant name; exact botanical identity not independently confirmed — verify with a native speaker/ethnobotanist.,a plant whose sap is traditionally used as eye drops,"Behlawi hi mit chhunga thil lut tihchhuah/tidam nana hman ram hmul damdawi a ni, a tui mitah an sawr thin.",Mitah thil a lut chuan behlawi tui an sawr tir thin.,5,"picture_match,spelling,word_search,tawng_upa,crossword,thumal_kawp",
word.hnukulh,hnuk ulh,idiom,K5,draft,pending,pending,Source: Kumtluang Class V (SCERT Mizoram).,"to feel sad, downhearted, or troubled","Hnuk ulh tih hi rilru a nuam lo va, a lungngai dan sawi na a ni.",Ka thlawhtute an chham loh avangin ka hnuk a ulh hle.,5,"word_chain,spelling,word_search,tawng_upa,crossword",
word.hmangchang,hmangchang,adjectives,K5,draft,pending,pending,Source: Kumtluang Class V (SCERT Mizoram). VERIFY: Meaning inferred from context (hmangchang an hria ka ti hle mai); confirm exact register (adverb vs. adjective).,"clearly, obviously (evident to onlookers)",Hmangchang tih hi thil pakhat hriat theih tur ngaihnawm taka lang dan sawi na a ni.,A thil tih dan atangin a sual tih hmangchang a hriat theih.,5,"word_chain,spelling,word_search,tawng_upa,crossword",
word.thuawih-2,thu awih,values,K5,draft,pending,pending,Source: Kumtluang Class V (SCERT Mizoram).,"obedient, compliant",Thu awih tih hi mi upa emaw thuneitu thu ngaisak taka zawm dan a ni.,Naupang thu awih chuan a nu leh pate thu an zawm ngei ngei.,5,"word_chain,spelling,word_search,tawng_upa,crossword",
word.inpumkhatna,inpumkhatna,community,K5,draft,pending,pending,Source: Kumtluang Class V (SCERT Mizoram).,"unity, integration (people coming together as one)",Inpumkhatna tih hi mi hrang hrang inkarah rinawmna leh remna nei taka awm dan a ni.,Inpumkhatna hi hnam eng emaw zat hlawhtlin nan a pawimawh hle.,5,"word_chain,spelling,word_search,tawng_upa,crossword",🤝
word.inlungrual,inlungrual,values,K5,draft,pending,pending,Source: Kumtluang Class V (SCERT Mizoram).,"to be of one mind, to live in harmony/agreement",Inlungrual tih hi mi hrang hrangin remna leh inrelbawlna nei taka rilru inhmeh dan a ni.,Chhungkaw inlungrual chu hlawhtlinna bul a ni.,5,"word_chain,spelling,word_search,tawng_upa,crossword,sentence_builder",🤝
word.itsikna,itsikna,values,K5,draft,pending,pending,Source: Kumtluang Class V (SCERT Mizoram).,"selfishness, self-interest",Itsikna tih hi mahni hmasialna chauh ngaihtuah taka mi dang ngaihsak lohna a ni.,Itsikna avangin khawtlang hnathawh a bo thei a.,5,"word_chain,spelling,word_search,tawng_upa,crossword,sentence_builder",
word.phalna,phalna,community,K5,draft,pending,pending,Source: Kumtluang Class V (SCERT Mizoram).,"permission, permit",Phalna tih hi thil emaw tih theihna atana pe chhuah remtihna a ni.,Pa hnena phalna dil hmasa lovin ka kal lo.,5,"word_chain,spelling,word_search,tawng_upa,crossword,sentence_builder",📝
word.ruahmansak,ruahmansak,verbs,K5,draft,pending,pending,Source: Kumtluang Class V (SCERT Mizoram). VERIFY: Meaning inferred from context (min ruahmansak te); confirm exact shade of meaning vs. plain 'ruahman'.,"to think of, plan, or scheme (something, often for others)",Ruahmansak tih hi mi dang tan emaw thil pakhat atan hun hmasaa ngaihtuah/ruahman dan a ni.,Kan thlahte hmasawnna atan kan ruahmansak tur a ni.,5,"word_chain,spelling,word_search,tawng_upa,crossword,sentence_builder",
word.intihretak,intihre tak,adjectives,K5,draft,pending,pending,Source: Kumtluang Class V (SCERT Mizoram). VERIFY: Exact meaning/context not fully confirmed from the visible passage; morphology suggests 'to make clearly understood' — verify with a native speaker.,"sincerely, earnestly (making something clearly understood)",Intihre tak tih hi thil pakhat chiang taka hriattir/hrehtir dan sawi na a ni.,Intihre takin thil kan sawi a ngai tawh.,5,"word_chain,spelling,word_search,tawng_upa,crossword,sentence_builder",
word.inkalhtlat,inkalh tlat,adjectives,K5,draft,pending,pending,Source: Kumtluang Class V (SCERT Mizoram). VERIFY: Distinguish from the already-catalogued noun 'inkalh khung' (door-bolt); confirm exact usage as a verb/state describing the door being shut fast.,tightly bolted/locked shut (a door),Inkalh tlat tih hi kutkhar emaw thawhkhar emaw fim taka kalh/khaih dan a ni.,Zân lamah chuan an thawhkhar chu an inkalh tlat ngei ngei.,5,"word_chain,spelling,word_search,tawng_upa,crossword",
word.pawng,pâwng,values,K5,draft,pending,pending,Source: Kumtluang Class V (SCERT Mizoram). VERIFY: Meaning inferred from context (mi tha leh neinung an pâwng hek lo); confirm exact shade of meaning.,"to discriminate, show unfair partiality","Pâwng tih hi mi pakhat lam ngaisang a, mi dang ngaihsak lo dan a ni.",Mi tha leh mi retheite kan pâwng hek tur a ni lo.,5,"word_chain,spelling,word_search,tawng_upa,crossword",
word.hual,hual,verbs,K5,draft,pending,pending,Source: Kumtluang Class V (SCERT Mizoram).,"to surround, besiege, encircle",Hual tih hi mi emaw hmun emaw pumhlum taka kal khawm/lang khawm dan a ni.,Sipaihon khua chu an hual vel a.,5,"word_chain,spelling,word_search,tawng_upa,crossword,sentence_builder",
word.lungphun,lungphun,community,K5,draft,pending,pending,"Source: Kumtluang Class V (SCERT Mizoram). VERIFY culture-sensitive: a memorial/gravestone associated with death-commemoration customs, route to human culture reviewer.",a memorial stone/standing stone erected in honor of someone,Lungphun hi mi hlu emaw thil lo thleng hriat rengna atan din lung a ni.,Lal ropui chanvo hriat rengna atan lungphun an din sak.,5,"word_chain,spelling,word_search,tawng_upa,crossword",🪨
word.zatzat,zat zat,idiom,K5,draft,pending,pending,Source: Kumtluang Class V (SCERT Mizoram).,as much as (one likes/is allowed); freely,Zat zat tih hi tam tawk emaw tlem tawk emaw enkawl lovin phal ang zela pe/hman dan a ni.,I duh zat zat i lak thei ang.,5,"word_chain,spelling,word_search,tawng_upa,crossword,sentence_builder",
word.liam,liam,verbs,K5,draft,pending,pending,Source: Kumtluang Class V (SCERT Mizoram).,"to pass by, go past",Liam tih hi mi emaw hmun emaw kalpui lova kal bo dan a ni.,Kawngah mi tam takin an liam vek a.,5,"word_chain,spelling,word_search,tawng_upa,crossword,sentence_builder",
word.mitthlaah,mitthlaah,community,K5,draft,pending,pending,Source: Kumtluang Class V (SCERT Mizoram). VERIFY: Meaning inferred from context (suangtuahna mitthlaah Maharaja chu a lo kal a); confirm compositional sense (mit + thlaah).,"in the presence of, before the eyes of",Mitthlaah tih hi mi hmuh theihna hmun/laka awm dan sawi na a ni.,Mipui mitthlaah chuan a thusawi a chhuah ve.,5,"word_chain,spelling,word_search,tawng_upa,crossword,sentence_builder",
word.lungnilo,lungni lo,adjectives,K5,draft,pending,pending,Source: Kumtluang Class V (SCERT Mizoram).,"displeased, unhappy, discontent","Lungni lo tih hi thil emaw a duh lo va, a lung a awi lo dan a ni.",A thil tih avangin lungni lo takin a awm ta a.,5,"word_chain,spelling,word_search,tawng_upa,crossword",
word.tanpuina,tanpuina,community,K5,draft,pending,pending,Source: Kumtluang Class V (SCERT Mizoram).,"help, assistance",Tanpuina hi mi dang chunga ṭanpui leh puihna pe dan a ni.,Retheite chu tanpuina kan pe ngai a ni.,5,"word_chain,spelling,word_search,tawng_upa,crossword,sentence_builder",🤲
word.choak,choâk,animals,K5,draft,pending,pending,Source: Kumtluang Class V (SCERT Mizoram).,crow,"Choâk hi sava hmel hnâm tak, ri chhuak ngai tak a ni.",Zingah chuan choâk ri hriat theih tur a awm.,5,"picture_match,spelling,word_search,tawng_upa,crossword,thumal_kawp,sentence_builder",🐦‍⬛
word.tirh,tirh,verbs,K5,draft,pending,pending,Source: Kumtluang Class V (SCERT Mizoram).,"to tease, pester",Tirh tih hi mi dang chunga thu emaw thil emawa hlau/lo pe zel dan a ni.,Naupangte chuan an unaupa an tirh ṭhin.,5,"word_chain,spelling,word_search,tawng_upa,crossword,sentence_builder",
word.ramchhuah,ramchhuah,legend,K5,draft,pending,pending,"Source: Kumtluang Class V (SCERT Mizoram). VERIFY culture-sensitive: refers to the traditional ramchhuah hunting-title/status system, route to human culture reviewer.",a title earned by a renowned hunter (one who has killed prescribed numbers of wild game),Ramchhuah hi hmanlai Mizo khawtlangin sahmat tam taka mansaktu hmingthang mi pe hming a ni.,A pa chu ramchhuah a nih avangin khua zawng zawngin an hria.,5,"word_chain,spelling,word_search,tawng_upa,crossword",
word.zaidam,zaidam,values,K5,draft,pending,pending,Source: Kumtluang Class V (SCERT Mizoram).,"conceited, arrogant, proud",Zaidam tih hi mahni chungchang inchhinbawrh taka i ngaih dan a ni.,Zaidam mi chu mi dangin an duh ngai lo.,5,"word_chain,spelling,word_search,tawng_upa,crossword,sentence_builder",
word.thuttir,thuttir,verbs,K5,draft,pending,pending,Source: Kumtluang Class V (SCERT Mizoram). VERIFY: Meaning inferred from context (mikhual pa chuan naupanghote chu a thuttir a); confirm exact nuance vs. 'en fiah'.,"to inspect, examine closely",Thuttir tih hi mi emaw thil emaw fimkhur taka enfiah dan a ni.,Zirtirtu chuan naupangte hnathawh a thuttir zel.,5,"word_chain,spelling,word_search,tawng_upa,crossword,sentence_builder",
word.phian,phian,adjectives,K5,draft,pending,pending,Source: Kumtluang Class V (SCERT Mizoram). VERIFY: Meaning inferred from a single narrative use (a awih phian mai lehnghal); confirm as standalone headword vs. bound form.,"easily, readily","Phian tih hi harsatna tam lovin, awlsam taka thawh theih dan sawi na a ni.",A thu chu phian takin a zawm ṭhin.,5,"word_chain,spelling,word_search,tawng_upa,crossword,sentence_builder",
word.doral,dorâl,legend,K5,draft,pending,pending,"Source: Kumtluang Class V (SCERT Mizoram). VERIFY culture-sensitive: occurs in a poem centred on pasaltha/warrior bravery and battle themes, route to human culture reviewer.","battlefield, place of war/conflict",Dorâl hi ral inbuana leh indona hmun a ni.,Hmanlai mi ropuite chu dorâlah an chak thin.,5,"word_chain,spelling,word_search,tawng_upa,crossword,sentence_builder",
word.zam,zâm,verbs,K5,draft,pending,pending,"Source: Kumtluang Class V (SCERT Mizoram). VERIFY culture-sensitive: occurs in a poem about pasaltha/warrior honor and not fleeing battle, route to human culture reviewer.","to flee, run away (in fear, especially from battle)",Zâm tih hi hlauhna emaw hlauhawmna emaw avanga tlan bo dan a ni.,Huaisen tak chu ral hmaah an zâm ngai lo.,5,"word_chain,spelling,word_search,tawng_upa,crossword,sentence_builder",
word.tlawm-2,tlâwm,adjectives,K5,draft,pending,pending,"Source: Kumtluang Class V (SCERT Mizoram). VERIFY: This sense (weak/easily defeated) is glossed explicitly in the textbook and is distinct from the adjective 'tlawm' (small/little) already catalogued; confirm they are treated as separate headwords. VERIFY culture-sensitive: occurs in a poem centred on pasaltha/warrior bravery and battle themes, route to human culture reviewer. VERIFY possible duplicate: diacritic-variant of existing word 'tlawm' already in corpus — confirm same word or distinct before import.","weak, easily overpowered (in a fight)","Tlâwm tih hi indona emaw invonna emawah chak lo va, hneh a awm zawk dan a ni.",Ral do tur chuan tlâwm loh a ngai.,5,"word_chain,spelling,word_search,tawng_upa,crossword,sentence_builder",
word.sahrang,sa hrâng,animals,K5,draft,pending,pending,Source: Kumtluang Class V (SCERT Mizoram).,a fierce/dangerous wild animal,"Sa hrâng hi ram sa hlauhawm, mi tan hlauhawm thei sa a ni.",Ram chhung khan chuan sa hrâng an awm thei.,5,"picture_match,spelling,word_search,tawng_upa,crossword,thumal_kawp,sentence_builder",🐗
word.thianchhanthihngam,thian chhan thih ngam,idiom,K5,draft,pending,pending,"Source: Kumtluang Class V (SCERT Mizoram). VERIFY culture-sensitive: an idiom explicitly explained in the textbook in connection with pasaltha/warrior loyalty and bravery, route to human culture reviewer.",one brave enough to die for a friend,Thian chhan thih ngam tih hi a thian chanvo atana a nunna pe rêng rêng huaisen mi sawi na a ni.,Pasaltha ropui chu thian chhan thih ngam an ni thin.,5,"word_chain,spelling,word_search,tawng_upa,crossword",
word.sena,sêna,verbs,K5,draft,pending,pending,Source: Kumtluang Class V (SCERT Mizoram). VERIFY: Meaning inferred from context (kan zirna atan pawisa te an sêna); confirm exact nuance vs. plain 'ngen'.,"to nag or press persistently (for something, e.g. money)",Sêna tih hi mi hnena thil emaw pawisa emaw ngen zel dan a ni.,Zirna atan pawisa an sêna thin.,5,"word_chain,spelling,word_search,tawng_upa,crossword,sentence_builder",
word.tlakbuak,tlakbuak,verbs,K5,draft,pending,pending,Source: Kumtluang Class V (SCERT Mizoram). VERIFY: Meaning inferred from context (harsain a tlakbuak chang pawha); confirm exact register/usage.,"to fall short, come up lacking","Tlakbuak tih hi thil beisei ang taka thleng lo va, a tlem zawk dan a ni.",Harsatna a lo thleng chuan an tumruhna a tlakbuak thei lo.,5,"word_chain,spelling,word_search,tawng_upa,crossword",
word.lirnghing,lirnghing,values,K5,draft,pending,pending,Source: Kumtluang Class V (SCERT Mizoram).,"brilliant, of exceptional intellect/genius","Lirnghing tih hi mi thiam lutuk, zirlai lama thiamna sang tak nei mi sawi na a ni.",Lirnghing naupang chu sikulah an chawimawi thin.,5,"word_chain,spelling,word_search,tawng_upa,crossword,sentence_builder",🧠
word.thingtlang,thingtlang,community,K5,draft,pending,pending,Source: Kumtluang Class V (SCERT Mizoram).,"rural area, countryside (as opposed to town)","Thingtlang hi khawpui ni lo, ram hmun lawn tak a ni.",Thingtlang sikulah zirlai an tam ngai lo.,5,"word_chain,spelling,word_search,tawng_upa,crossword,sentence_builder",🏞️
word.khuh,khuh,verbs,K5,draft,pending,pending,Source: Kumtluang Class V (SCERT Mizoram).,to cover,Khuh tih hi thil emaw puan emaw hmangin chhung a lo lang lo taka dah dan a ni.,Zân a rim avangin puanin a khuh a.,5,"word_chain,spelling,word_search,tawng_upa,crossword,sentence_builder",
word.vet,vêt,verbs,K5,draft,pending,pending,"Source: Kumtluang Class V (SCERT Mizoram). VERIFY: Traditional dress technical term; confirm exact meaning/nuance with a native speaker. VERIFY culture-sensitive: describes a traditional Mizo way of wearing cloth, route to human culture reviewer.",to tuck up (clothing),Vêt tih hi puan emaw silfen emaw a rei lam tuck zawh dan a ni.,Kawng a kal hian a puan a vêt phei a.,5,"word_chain,spelling,word_search,tawng_upa,crossword",
word.khel,khêl,traditional_dress,K5,draft,pending,pending,"Source: Kumtluang Class V (SCERT Mizoram). VERIFY: Meaning inferred from context (kan khêl zawnah hian puan inthuah chu kan lip chhuak thin); confirm precise sense. VERIFY culture-sensitive: specific traditional Mizo dress-wearing terminology, route to human culture reviewer.",the manner/style of wrapping traditional cloth around the body,Khêl hi puan invawnna dan emaw zawng a ni.,Mipa khêl leh hmeichhia khêl chu an danglam thin.,5,"picture_match,spelling,word_search,tawng_upa,crossword,thumal_kawp,sentence_builder",
word.thinbih,thin bih,traditional_dress,K5,draft,pending,pending,"Source: Kumtluang Class V (SCERT Mizoram). VERIFY culture-sensitive: named traditional Mizo dress-wearing technique, route to human culture reviewer.",the traditional style of tucking cloth at the front of the body,Thin bih hi puan a hmasang lamah vet/khim dan a ni.,Chang chuan puan an thin bih thin.,5,"picture_match,spelling,word_search,tawng_upa,crossword,thumal_kawp,sentence_builder",
word.hnubih,hnu bih,traditional_dress,K5,draft,pending,pending,"Source: Kumtluang Class V (SCERT Mizoram). VERIFY culture-sensitive: named traditional Mizo dress-wearing technique, route to human culture reviewer.",the traditional style of tucking cloth at the back of the body,Hnu bih hi puan a hnung lamah vet/khim dan a ni.,Thenkhat chuan puan an hnu bih zawk thin.,5,"picture_match,spelling,word_search,tawng_upa,crossword,thumal_kawp,sentence_builder",
word.bilh,bilh,traditional_dress,K5,draft,pending,pending,Source: Kumtluang Class V (SCERT Mizoram).,"to tuck in fully, wrap in completely",Bilh tih hi puan emaw silfen emaw a khêl zawnah tluk taka khim/vet dan a ni.,A khêl zawnah an puan an bilh lut mai thin.,5,"picture_match,spelling,word_search,tawng_upa,crossword,thumal_kawp",
word.iptechei,iptechei,traditional_dress,K5,draft,pending,pending,"Source: Kumtluang Class V (SCERT Mizoram). VERIFY: Exact identification of this traditional garment type not independently confirmed — verify with a native speaker/textile expert. VERIFY culture-sensitive: named traditional Mizo garment, route to human culture reviewer.",a traditional Mizo cloth/wrap (specific type),"Iptechei hi puan chi pakhat, hmeichhiaten an bih thin a ni.",Iptechei hi Mizo puan hlui chi pakhat a ni.,5,"picture_match,spelling,word_search,tawng_upa,crossword,thumal_kawp,sentence_builder",
word.thangchhuahpuan,thangchhuahpuan,traditional_dress,K5,draft,pending,pending,"Source: Kumtluang Class V (SCERT Mizoram). VERIFY culture-sensitive: a named ceremonial cloth tied to the traditional thangchhuah (feast/hunting-earned) status system, route to human culture reviewer.",a ceremonial cloth associated with the traditional 'thangchhuah' status,Thangchhuahpuan hi thangchhuah changtu mite bih thin puan chi bik a ni.,Thangchhuahpuan chu awmzia nei tak puan a ni.,5,"picture_match,spelling,word_search,tawng_upa,crossword,thumal_kawp,sentence_builder",
word.zodipuan,zodipuan,traditional_dress,K5,draft,pending,pending,"Source: Kumtluang Class V (SCERT Mizoram). VERIFY: Exact identification of this cloth type not independently confirmed — verify with a native speaker/textile expert. VERIFY culture-sensitive: named traditional Mizo ceremonial cloth, route to human culture reviewer.",a traditional Mizo ceremonial cloth (specific named type),"Zodipuan hi Mizo puan hlui chi pakhat, ven chi leh sin chi a ni.",Zodipuan hi kut laiin an bih thin.,5,"picture_match,spelling,word_search,tawng_upa,crossword,thumal_kawp,sentence_builder",
word.halai,ha lai,traditional_dress,K5,draft,pending,pending,"Source: Kumtluang Class V (SCERT Mizoram). VERIFY: Meaning inferred from image captions (Hnawkhâl ha lai / Siapsuap ha lai); confirm exact sense of 'ha lai' as a term. VERIFY culture-sensitive: describes an ancient/traditional style of dress, route to human culture reviewer.",an ancient/traditional simple wrap or loincloth-style garment,"Ha lai hi Mizote hmanlai silh dan, puan tlem tak leh awlsam taka bih chi a ni.",Hmanlai Mizote chuan ha lai an silh thin.,5,"picture_match,spelling,word_search,tawng_upa,crossword,thumal_kawp,sentence_builder",
word.thingsaphu,thingsaphu,nature,K5,draft,pending,pending,"Source: Kumtluang Class V (SCERT Mizoram). VERIFY: Traditional-dye tree name; exact botanical identity not independently confirmed — verify with a native speaker. VERIFY culture-sensitive: traditional dye-making/weaving craft material, route to human culture reviewer.",a tree whose bark was traditionally used to dye cloth,Thingsaphu hi a pil hmanga puan chhum senna nan hman thing chi a ni.,Thingsaphu pil chu puan chhum sen nan an hmang thin.,5,"picture_match,spelling,word_search,tawng_upa,crossword,thumal_kawp",
word.sentezel,sentezêl,nature,K5,draft,pending,pending,"Source: Kumtluang Class V (SCERT Mizoram). VERIFY: Traditional-dye tree name; exact botanical identity not independently confirmed — verify with a native speaker. VERIFY culture-sensitive: traditional dye-making/weaving craft material, route to human culture reviewer.",a tree whose bark was traditionally used to dye cloth,Sentezêl hi a pil hmanga puan chhum senna nan hman thing chi a ni.,Sentezêl pil chu puan chhum sen nan an hmang bawk thin.,5,"picture_match,spelling,word_search,tawng_upa,crossword,thumal_kawp",
word.sahmul,sahmul,tools,K5,draft,pending,pending,"Source: Kumtluang Class V (SCERT Mizoram). VERIFY: Meaning inferred from context (sa=animal, mul=hair) in a list of traditional weaving materials; confirm exact usage. VERIFY culture-sensitive: traditional weaving/decoration craft material, route to human culture reviewer.",animal hair/fur (used as decoration on traditional cloth),"Sahmul hi ram sa mul, puan zeh mawi tuina nan hman thin a ni.",Puan chi thenkhat hnuaiah sahmul an bih thin.,5,"picture_match,spelling,word_search,tawng_upa,crossword,thumal_kawp,sentence_builder",
word.pil,pil,nature,K5,draft,pending,pending,Source: Kumtluang Class V (SCERT Mizoram).,bark (of a tree),Pil hi thing pum vel a awm hnawih chi a ni.,Thing pil chu damdawi atan an hman thin bawk.,5,"picture_match,spelling,word_search,tawng_upa,crossword,thumal_kawp,sentence_builder",
word.vakul,vakul,animals,K5,draft,pending,pending,"Source: Kumtluang Class V (SCERT Mizoram). VERIFY culture-sensitive: hornbill feathers are traditionally worn as a ceremonial headdress element tied to status/chieftainship, route to human culture reviewer.",hornbill,"Vakul hi sava lian tak, a mul hmangin lu chunga fah mawiin an hmang thin.",Vakul mul chu hmanlai lalten an in mawi tir nan an hman thin.,5,"picture_match,spelling,word_search,tawng_upa,crossword,thumal_kawp",🦜
word.chhuanawm,chhuanawm,values,K5,draft,pending,pending,Source: Kumtluang Class V (SCERT Mizoram).,"graceful, dignified, elegant",Chhuanawm tih hi mi awm dan leh inbel dan mawi taka lang dan a ni.,Mizo hmeichhiate puan bih dan chu a chhuanawm hle.,5,"word_chain,spelling,word_search,tawng_upa,crossword,sentence_builder",
word.artukkhuan,Artukkhuan,nature,K6,draft,pending,pending,Source: Kumtluang Class VI (SCERT Mizoram). VERIFY: exact botanical identity uncertain; identified only from the lesson's illustrated description (pale/pink night-blooming flower).,a fragrant flowering plant (species uncertain),"Rim ṭha tak nei par chi pakhat, khawvar chuan a par a inphel thin.","Kan huan ah Artukkhuan par a par a, a rim chu kan hnai vek thin.",6,"picture_match,spelling,word_search,tawng_upa,crossword,thumal_kawp",
word.lambak,Lambak,food,K6,draft,pending,pending,Source: Kumtluang Class VI (SCERT Mizoram).,cabbage,"Hnahte a tam vek a, a hnim chu chilna emaw chaw siamna emawa hman thin thlai chi.",Ka nu chuan lambak chilin buh nen min ei tir thin.,6,"picture_match,spelling,word_search,tawng_upa,crossword,thumal_kawp",🥬
word.anthur,Anthûr,nature,K6,draft,pending,pending,Source: Kumtluang Class VI (SCERT Mizoram). VERIFY: uncertain exact flower species; identified only from the lesson's illustration.,a red flowering shrub,"A par a sen êm êm a, kum tinin a par thin par chi.",In hmun ah Anthûr par sen mawi tak a par.,6,"picture_match,spelling,word_search,tawng_upa,crossword,thumal_kawp",🌺
word.chingit,Chingit,food,K6,draft,pending,pending,"Source: Kumtluang Class VI (SCERT Mizoram). VERIFY: reasonably confident this is a sponge-gourd/loofah-type vine, but exact species not fully confirmed.",a climbing gourd vine (sponge-gourd type),"A hlingah a chhuak thin, ei theih rah nei bâl thlai.","Kan huan bâlah chuan chingit kan phun a, a rah kan ei ve thin.",6,"picture_match,spelling,word_search,tawng_upa,crossword,thumal_kawp",
word.serthlu,Serthlu,food,K6,draft,pending,pending,Source: Kumtluang Class VI (SCERT Mizoram).,orange (citrus fruit),"A rah sên a, a rem tui em êm a, vitamin C nei tam rah thei.",Zung hnuah serthlu ei chu a tha thin.,6,"picture_match,spelling,word_search,tawng_upa,crossword,thumal_kawp,sentence_builder",🍊
word.sunhlu,Sunhlu,food,K6,draft,pending,pending,"Source: Kumtluang Class VI (SCERT Mizoram). VERIFY: reasonably confident this is Indian gooseberry/amla, but exact species not fully confirmed.",Indian gooseberry (amla),"A rah tê tak a, ei chuan a rêp em avang hnuah a tui, vitamin C hlang tam rah thei.",Sunhlu ei hian ka ha a fut thin.,6,"picture_match,spelling,word_search,tawng_upa,crossword,thumal_kawp,sentence_builder",
word.thingfanghmai,Thingfanghmai,food,K6,draft,pending,pending,"Source: Kumtluang Class VI (SCERT Mizoram). VERIFY: reasonably confident this is papaya, based on the lesson's illustration and description.",papaya,"A hring chuan a rong sên buk a, a nal chuan a tui hle rah thei.",Thingfanghmai nal hi ei tur chuan a chhuih hma ngei tur a ni.,6,"picture_match,spelling,word_search,tawng_upa,crossword,thumal_kawp",
word.kawlthei,Kawlthei,food,K6,draft,pending,pending,Source: Kumtluang Class VI (SCERT Mizoram).,pear,"A pum chak deuh a, a nal chuan a tui, tuikhal tam rah thei.",Kawlthei nal ei chu a tui hle.,6,"picture_match,spelling,word_search,tawng_upa,crossword,thumal_kawp,sentence_builder",🍐
word.anhling,Anhling,food,K6,draft,pending,pending,Source: Kumtluang Class VI (SCERT Mizoram). VERIFY: uncertain exact species; identified only from the lesson's illustrated description of a clustered purple fruit.,a small purple fruit growing in clusters (mangosteen-type),"A rah sên dum a, ṭhah pahnihin an chuang thin rah chi.","Anhling nal hi a rah dum vek a, a tui hle.",6,"picture_match,spelling,word_search,tawng_upa,crossword,thumal_kawp",
word.ralram,Râl ram,community,K6,draft,pending,pending,Source: Kumtluang Class VI (SCERT Mizoram).,"enemy territory, hostile foreign land",Ral emaw hriatsa lo mite awmna ram.,Râl ram lamah kal chu a him lo.,6,"word_chain,spelling,word_search,tawng_upa,crossword,sentence_builder",
word.thinghar,Thing hâr,idiom,K6,draft,pending,pending,Source: Kumtluang Class VI (SCERT Mizoram). VERIFY: idiomatic nuance inferred from the lesson's narrative context; no explicit dictionary definition was given.,"a tough, resilient, strong-willed person (idiom, lit. ""hard wood"")","Harsatna hmaah pawh tap lo mi, rinhlelh tak leh chak tak mi sawina.",Anih chu thing hâr ang a nih avangin buaina eng emawah pawh a tlan ngai lo.,6,"word_chain,spelling,word_search,tawng_upa,crossword",
word.thuphachawi,Thupha chawi,idiom,K6,draft,pending,pending,Source: Kumtluang Class VI (SCERT Mizoram).,"fortunate, blessed (idiom, lit. ""carrying a blessing"")",Hlawhtling zâwk leh malsawmna hmu zâwk mi sawina.,Anih chu thupha chawi a nih avangin a thil tum apiang a hlawhtling thin.,6,"word_chain,spelling,word_search,tawng_upa,crossword",
word.losul,Losûl,traditional_culture,K6,draft,pending,pending,Source: Kumtluang Class VI (SCERT Mizoram). VERIFY culture-sensitive: refers to traditional jhum (shifting) cultivation practice; route to human culture reviewer if needed. VERIFY: precise term for this stage of shifting/jhum cultivation inferred from narrative context.,a newly cleared field prepared for planting (jhum-farming term),Buh emaw ba emaw phun tur atan sak thar tak lo.,Kan pa chu losûl atangin a lo haw tawh.,6,"word_chain,spelling,word_search,tawng_upa,crossword,sentence_builder",
word.pawhraw,Pawhraw,idiom,K6,draft,pending,pending,Source: Kumtluang Class VI (SCERT Mizoram). VERIFY: meaning inferred from context (listed among undesirable youthful behaviors); precise dictionary definition not confirmed.,"rowdy or mischievous behavior, especially among young men",Tlangvalte chungah lo hmuh theih inbuainan emaw suahsualnain emaw.,Tlangvalho pawhraw avangin khaw mipuiin an duh lo.,6,"word_chain,spelling,word_search,tawng_upa,crossword,sentence_builder",
word.hlet,Hlet,verbs,K6,draft,pending,pending,Source: Kumtluang Class VI (SCERT Mizoram). VERIFY: word-box vocabulary item without an explicit dictionary definition given in the book; gloss inferred from context.,to be an equal match or worthy rival,Mi dang nen inbântlang theih a chak leh a thiam dan lam ah.,Football-ah kan team hi kan hmelmate hlet tak a ni.,6,"word_chain,spelling,word_search,tawng_upa,crossword",
word.inkulh,Inkulh,community,K6,draft,pending,pending,Source: Kumtluang Class VI (SCERT Mizoram).,"mutual conflict, feud, or armed clash between groups",Pawl pahnih emaw hnam pahnih inkara indoh nasa tak.,Hmanlai khan khaw pahnih inkarah inkulh a lo awm thin.,6,"word_chain,spelling,word_search,tawng_upa,crossword",
word.kamtha,Kam tha,values,K6,draft,pending,pending,Source: Kumtluang Class VI (SCERT Mizoram).,"good conduct, good behavior","Nunphung leh chetna ṭha, mi zahawmna hmuh theih.",Naupang chu kam tha avangin sikulah an hria bik.,6,"word_chain,spelling,word_search,tawng_upa,crossword,sentence_builder",
word.chungtlak,Chungtlak,adjectives,K6,draft,pending,pending,Source: Kumtluang Class VI (SCERT Mizoram).,"worthy, deserving, qualified",Hna emaw thuneihna emaw dawng tura inhman theih tak mi emaw thil.,Anih hi hruaitu nih chungtlak tak a ni.,6,"word_chain,spelling,word_search,tawng_upa,crossword,sentence_builder",
word.lenrual,Lenrual,community,K6,draft,pending,pending,Source: Kumtluang Class VI (SCERT Mizoram).,a companion who travels or spends time with one,Kawng kalpuiin emaw thil tihpuiin emaw awmpui zêl mi.,Ka lenrual an nih avangin ka hlau tawh lo.,6,"word_chain,spelling,word_search,tawng_upa,crossword,sentence_builder",
word.riang,Riang,adjectives,K6,draft,pending,pending,Source: Kumtluang Class VI (SCERT Mizoram).,"poor, destitute, bare","Sum leh pai emaw thil nei tlem tak, retheihna avanga awm bawrhbawr dan.",Riang mite kan ṭanpui tur a ni.,6,"word_chain,spelling,word_search,tawng_upa,crossword,sentence_builder",
word.chul,Chul,verbs,K6,draft,pending,pending,Source: Kumtluang Class VI (SCERT Mizoram).,"to wither, fade","Par emaw hnah emaw a mawina bo ta a, a chhe leh dan.",Par mawi tak te pawh hun chhung chuan an chul zêl thin.,6,"word_chain,spelling,word_search,tawng_upa,crossword",
word.mualliam,Mual liam,idiom,K6,draft,pending,pending,Source: Kumtluang Class VI (SCERT Mizoram). VERIFY: exact idiomatic nuance uncertain; drawn from a single line of poetry without a direct dictionary gloss.,to journey or spread across hills and land (poetic phrase),Tlang leh mual chhung zawng zawng a zâwn/kal dan sawina.,Kan hla thu-ah kan tuikhawhthlak ram chu mual liam tuma an ti thin.,6,"word_chain,spelling,word_search,tawng_upa,crossword",
word.aihnahphahpui,Ai hnah phahpui,idiom,K6,draft,pending,pending,Source: Kumtluang Class VI (SCERT Mizoram).,a close companion who has helped/supported one since childhood,"Naupan atanga inṭanpui zêl, inhnaih tak mi.","Kan ṭhian hi ka ai hnah phahpui a ni, kan innei ṭha hle.",6,"word_chain,spelling,word_search,tawng_upa,crossword",
word.phungzingapiringvawrhang,Phûng zinga piring vawrh ang,idiom,K6,draft,pending,pending,Source: Kumtluang Class VI (SCERT Mizoram).,to be constantly busy or occupied without rest (idiom),Thil tam takah ngirhtawn lovin inchuh zêl dan sawina.,Sikul kaihhruaitu chu hnathawh avangin phûng zinga piring vawrh ang a ni thin.,6,"word_chain,spelling,word_search,tawng_upa,crossword",
word.buaina,Buaina,values,K6,draft,pending,pending,Source: Kumtluang Class VI (SCERT Mizoram).,"trouble, problem, disturbance",Harsatna emaw inrelbawlna har tak awm dan.,Buaina hlauhawm tak an lo awm a.,6,"word_chain,spelling,word_search,tawng_upa,crossword,sentence_builder",
word.balhna,Balhna,values,K6,draft,pending,pending,Source: Kumtluang Class VI (SCERT Mizoram).,"mistake, fault, wrongdoing",Thil dik lo tih emaw suala thawk dan.,Balhna kan neih chuan kan puang phah tlat a ni.,6,"word_chain,spelling,word_search,tawng_upa,crossword",
word.inhnawk,Inhnawk,community,K6,draft,pending,pending,Source: Kumtluang Class VI (SCERT Mizoram).,mutual teasing or playful pranking between children,Naupangte inkara insakawihna emaw indawtna.,Naupangho chu inhnawk avangin an nui vak vak.,6,"word_chain,spelling,word_search,tawng_upa,crossword,sentence_builder",
word.kalhnulh,Kalh nulh,verbs,K6,draft,pending,pending,Source: Kumtluang Class VI (SCERT Mizoram).,to poke or pester one another playfully,"Mi pahnih emaw tam takin an inhriatpui a, in inkalh a in nulh dan.",Unaute chu an kalh nulh avangin an nui riau riau a.,6,"word_chain,spelling,word_search,tawng_upa,crossword",
word.nuihsawh,Nuihsawh,values,K6,draft,pending,pending,Source: Kumtluang Class VI (SCERT Mizoram).,"mockery, ridicule",Mi emaw thil emaw nuihzatin thliar hriat dan.,A nuihsawh loh chungin naupang chu ṭanpui a ngai zâwk.,6,"word_chain,spelling,word_search,tawng_upa,crossword",
word.fuihpawrh,Fuihpawrh,verbs,K6,draft,pending,pending,Source: Kumtluang Class VI (SCERT Mizoram).,"to nag, pester, or incite someone with words",Thu leh hla hmangin mi fak emaw sawi emaw hriat dan.,Amah chu a unaute chuan an fuihpawrh thin.,6,"word_chain,spelling,word_search,tawng_upa,crossword,sentence_builder",
word.farnu,Farnu,community,K6,draft,pending,pending,Source: Kumtluang Class VI (SCERT Mizoram).,"a certain female relative (kinship term, roughly ""sister-in-law"" or female cousin)","Mipa aiin, a unaute zinga hmeichhia hi a farnu an ti.",Ka farnu chu vawiin kan in ah a rawn tlawh.,6,"word_chain,spelling,word_search,tawng_upa,crossword",
word.thawmmawl,Thawmmâwl,traditional_culture,K6,draft,pending,pending,Source: Kumtluang Class VI (SCERT Mizoram). VERIFY culture-sensitive: a traditional waist-pouch that was part of everyday men's dress; route to human culture reviewer if needed.,a small pouch tied at the waist to carry small items,In hnuaia kaldung te leh thil tê tê chelh nan kawrah bân thin ip tê.,"Hmanlai mipain thawmmâwl an bân thin a, chutah chelhte an dah thin.",6,"picture_match,spelling,word_search,tawng_upa,crossword,thumal_kawp",
word.tlangban,Tlangbân,traditional_culture,K6,draft,pending,pending,Source: Kumtluang Class VI (SCERT Mizoram). VERIFY culture-sensitive: a traditional carrying-strap item; route to human culture reviewer if needed.,a cord or strap for slinging a bundle over the shoulder,Puan emaw thil pawh chu phak lama zâr theih nana hrui thlun.,A puanpuih chu tlangbân hmangin a phak.,6,"picture_match,spelling,word_search,tawng_upa,crossword,thumal_kawp,sentence_builder",
word.banglai,Banglai,traditional_culture,K6,draft,pending,pending,Source: Kumtluang Class VI (SCERT Mizoram). VERIFY culture-sensitive: a traditional headgear/attire item; route to human culture reviewer if needed.,a plain-brimmed traditional woven hat,"Khumpui chi pakhat, a piah lam a bâng sang lo va bial mai.",Hmanlai mipain banglai an khum thin.,6,"picture_match,spelling,word_search,tawng_upa,crossword,thumal_kawp,sentence_builder",
word.bangkalhkim,Bang kalh kim,traditional_culture,K6,draft,pending,pending,Source: Kumtluang Class VI (SCERT Mizoram). VERIFY culture-sensitive: describes a traditional bamboo-weaving craft quality; route to human culture reviewer if needed.,"a bamboo hat woven with an even, well-matched pattern",Bang (khumpui) chi khat a chhuan dan a kim tak leh a rem tak lo siam.,"Chu khumpui chu bang kalh kim tak a ni, a chhuan a ṭha em em.",6,"picture_match,spelling,word_search,tawng_upa,crossword,thumal_kawp",
word.zufang,Zufâng,traditional_culture,K6,draft,pending,pending,"Source: Kumtluang Class VI (SCERT Mizoram). VERIFY culture-sensitive: relates to zu (traditional rice beer), a customary drink in older Mizo life; route to human culture reviewer. VERIFY: the glossary's wording for this item was hard to parse precisely; general meaning kept broad.",a container used for serving or storing zu (traditional rice beer),Zu (buh atanga siam dawtharh) dahna leh chawihna hmang bêl emaw thawmhnaw.,Hmanlai khan zufâng chu zu chelhna atan an hmang thin.,6,"picture_match,spelling,word_search,tawng_upa,crossword,thumal_kawp",
word.thlaichhiahna,Thlaichhiahna,traditional_culture,K6,draft,pending,pending,Source: Kumtluang Class VI (SCERT Mizoram). VERIFY culture-sensitive: relates to death/mourning customs (grave-marking); route to human culture reviewer.,a memorial marking or grave-related practice for the deceased,Mitthi chhinchhiahna nana thil siam emaw hman dan.,"Hmanlai Mizoten mitthi an chhinchhiah nan lung an phun thin, chu chu thlaichhiahna a ni.",6,"picture_match,spelling,word_search,tawng_upa,crossword,thumal_kawp",
word.zawlpuan,Zawlpuan,traditional_culture,K6,draft,pending,pending,"Source: Kumtluang Class VI (SCERT Mizoram). VERIFY culture-sensitive: traditional woven textile; the lesson glosses it in a funerary-use context, so route to human culture reviewer. VERIFY: in this lesson's glossary it is specifically described in a funeral/mourning context, though it is broadly known as a ceremonial textile.",a traditional handwoven Mizo shawl/textile,"Mizo puan chi pakhat, hnathiam takin siam a, hun pawimawh atan hman thin.",Kohhran inkhawmpuiah zawlpuan pun mite ka hmu.,6,"picture_match,spelling,word_search,tawng_upa,crossword,thumal_kawp,sentence_builder",
word.sehranlu,Se hrân lu,traditional_culture,K6,draft,pending,pending,Source: Kumtluang Class VI (SCERT Mizoram). VERIFY culture-sensitive: relates to traditional death/memorial rites involving mithun skulls; route to human culture reviewer.,a mithun skull displayed as part of a memorial or grave-marking custom,"Mitthi chhinchhiahna leh lungphun huna sial lu an târ, chu chu a ni.",Hmanlai khan lal thih hunah se hrân lu an târ thin.,6,"picture_match,spelling,word_search,tawng_upa,crossword,thumal_kawp",
word.tungchaw,Tungchaw,traditional_culture,K6,draft,pending,pending,Source: Kumtluang Class VI (SCERT Mizoram). VERIFY culture-sensitive: a traditional attire/craft ornament; route to human culture reviewer if needed.,a decorative pin or peg on a traditional headdress,"Khumpui lu lamah dah, thil dah theih tur ang maiin siam ban.",A khumpui chungah tungchaw ṭha tak a dah.,6,"picture_match,spelling,word_search,tawng_upa,crossword,thumal_kawp,sentence_builder",
word.empai,Êmpâi,traditional_culture,K6,draft,pending,pending,"Source: Kumtluang Class VI (SCERT Mizoram). VERIFY culture-sensitive: a traditional bamboo-woven craft item; route to human culture reviewer if needed. VERIFY: also appears in the source as ""pâiêm""; exact traditional form/use not fully confirmed beyond ""a carrying basket"".",a woven bamboo carrying basket,"Thlangpui hmangin siam, thil phurh emaw kâwl nan hman theih ip.",Lam kal chuan êmpâi hmangin thlai a phurh.,6,"picture_match,spelling,word_search,tawng_upa,crossword,thumal_kawp,sentence_builder",
word.thlangra,Thlangrâ,traditional_culture,K6,draft,pending,pending,Source: Kumtluang Class VI (SCERT Mizoram). VERIFY culture-sensitive: a traditional bamboo-weaving craft item; route to human culture reviewer if needed.,a flat woven bamboo winnowing tray,"Buh thlak nan hman, thlangpui hmangin siam ip bial.",Thlangrâ hmangin buh a chi leh a hnah a then thin.,6,"picture_match,spelling,word_search,tawng_upa,crossword,thumal_kawp",
word.arbawm-2,Arbâwm,traditional_culture,K6,draft,pending,pending,Source: Kumtluang Class VI (SCERT Mizoram). VERIFY culture-sensitive: a traditional bamboo-craft item; route to human culture reviewer if needed. VERIFY possible duplicate: diacritic-variant of existing word 'arbawm' already in corpus — confirm same word or distinct before import.,"a woven bamboo cage or coop (e.g., for chickens)","Thlangpui hmangin siam, ar emaw ran te khum nan hman ip.",Ar chu arbâwm chhungah an khum.,6,"picture_match,spelling,word_search,tawng_upa,crossword,thumal_kawp,sentence_builder",
word.paiper,Paipêr,traditional_culture,K6,draft,pending,pending,Source: Kumtluang Class VI (SCERT Mizoram). VERIFY culture-sensitive: a traditional bamboo-craft storage item; route to human culture reviewer if needed.,a large woven basket used to store seed rice,"Buh chi tuh atan dah, thlangpui hmangin siam ip lian.",Buh chi chu paipêr chhungah an dah khum.,6,"picture_match,spelling,word_search,tawng_upa,crossword,thumal_kawp,sentence_builder",
word.vaihrik,Vaihrik,traditional_culture,K6,draft,pending,pending,"Source: Kumtluang Class VI (SCERT Mizoram). VERIFY culture-sensitive: a traditional bamboo-craft tool; route to human culture reviewer if needed. VERIFY: given in the book as an alternate/regional name for the sifting tool ""chhihri""; usage confirmed only from that one gloss.",a bamboo sifting tool (alternate name for chhihri),Chhihri tih ang bawkin buhkem thenna atan hman ip.,Buh a kem chuan vaihrik hmangin a thenpui thin.,6,"picture_match,spelling,word_search,tawng_upa,crossword,thumal_kawp,sentence_builder",
word.lamthluk,Lamthlûk,traditional_culture,K6,draft,pending,pending,Source: Kumtluang Class VI (SCERT Mizoram). VERIFY culture-sensitive: a traditional household craft item; route to human culture reviewer if needed.,a hanging bamboo rack placed near the fireplace for storage,"Meichhâwl lam chhung dawnah thil dah tur siam, thlangpui hmangin siam.",A thawmhnaw chu lamthlûk chungah a dah zung zung thin.,6,"picture_match,spelling,word_search,tawng_upa,crossword,thumal_kawp",
word.hniak-2,Hniak,animals,TQ0,draft,pending,pending,"Source: Ujaas (Vartian) Part-1, SCERT Mizoram adult literacy primer.",horn (of an animal),"Hniak chu ran te lu chunga poh, nasa tak a ni.",Sazuk chuan hniak a nei.,1,"picture_match,spelling,word_search,tawng_upa,crossword,thumal_kawp,sentence_builder",
word.thidang,Thidang,adjectives,K6,draft,pending,pending,Source: Kumtluang Class VI (SCERT Mizoram).,"a state of shock, daze, or stupor from fear or a sudden mishap",Hlauhna emaw thil mak thleng avanga eng mah hriat theih lo dan.,"Accident a hmuh avangin a thidang vek a, a ṭawngkam a chhuah thei ta lo.",6,"word_chain,spelling,word_search,tawng_upa,crossword",
word.chemtum,Chemtum,tools,K6,draft,pending,pending,Source: Kumtluang Class VI (SCERT Mizoram).,"a large knife or machete (synonym of ""chempui"")","Chem lian tak, thing phawh emaw ram siam nan hman.",A pa chuan chemtum hmangin thing a phawh.,6,"picture_match,spelling,word_search,tawng_upa,crossword,thumal_kawp,sentence_builder",
word.belmang,Belmang,tools,K6,draft,pending,pending,Source: Kumtluang Class VI (SCERT Mizoram).,a wide-mouthed clay pot or jar,"Lei hmangin siam bêl chi, a mawng a chhuan.",Zu emaw tui emaw dah nan belmang an hman thin.,6,"picture_match,spelling,word_search,tawng_upa,crossword,thumal_kawp",
word.hlang,Hlâng,nature,K6,draft,pending,pending,Source: Kumtluang Class VI (SCERT Mizoram).,human scent or trace,Mihring zâwnna emaw a awmna hriat theihna rim.,"Ui chuan hlâng a hnâm chhuak a, kan awmna a hre ve.",6,"word_chain,spelling,word_search,tawng_upa,crossword",
word.dilna,Dilna,community,K6,draft,pending,pending,Source: Kumtluang Class VI (SCERT Mizoram).,a formal application or request (letter),Thil emaw phal atan ngenna ziah.,Sikul hall hman phalna dilna ka ziak.,6,"word_chain,spelling,word_search,tawng_upa,crossword,sentence_builder",
word.sawmna,Sawmna,community,K6,draft,pending,pending,Source: Kumtluang Class VI (SCERT Mizoram).,a formal invitation,"Hun pawimawhah kal tura ko a, ziah thin lehkha.",Ka birthday atan sawmna ka thawn.,6,"picture_match,spelling,word_search,tawng_upa,crossword,thumal_kawp,sentence_builder",💌
word.thuneitu,Thuneitu,community,K6,draft,pending,pending,Source: Kumtluang Class VI (SCERT Mizoram).,an authority or official who has decision-making power,Thu neitu emaw phalna pe theitu.,Kan hna dilna hi thuneitu hnenah kan thawn.,6,"word_chain,spelling,word_search,tawng_upa,crossword,sentence_builder",
word.thuhruk,Thuhrûk,adjectives,K6,draft,pending,pending,Source: Kumtluang Class VI (SCERT Mizoram).,"secret, hidden matter","Mi tam takin hriat lo, thup taka awm thu.",Chu thu chu thuhrûk a nih avangin tu hnenah pawh a sawi lo.,6,"word_chain,spelling,word_search,tawng_upa,crossword",
word.siar,siâr,verbs,K7,draft,pending,pending,Source: Kumtluang Class VII (SCERT Mizoram).,"to shine, gleam","Eng emaw thil a var hle a, a êng lâr taka lang tihna a ni.",Kum lo chhuk hian arsi te chu tha takin an siâr.,7,"word_chain,spelling,word_search,tawng_upa,crossword",✨
word.hmatiang,hmatiang,adjectives,K7,draft,pending,pending,"Source: Kumtluang Class VII (SCERT Mizoram). VERIFY: directional suffix word, exact nuance uncertain outside grammar context.",in this manner/direction (directional word),"""-tiang"" tawi hmang, kawng emaw dan sawina a ni.","Hmatiang hian kal ang che, chumi hnuah i lo pan thei ang.",7,"word_chain,spelling,word_search,tawng_upa,crossword",
word.tiamthu,tiamthu,values,K7,draft,pending,pending,Source: Kumtluang Class VII (SCERT Mizoram).,"a promise, a vow",Mi pakhat chuan a tih tur emaw a chhawn tur emaw a sawi tlat hi tiamthu a ni.,Ka thiante hnenah lehkha ka zir ve zel tur ka tiamthu a ni.,7,"word_chain,spelling,word_search,tawng_upa,crossword",🤝
word.sirva-2,sîrva,animals,K7,draft,pending,pending,Source: Kumtluang Class VII (SCERT Mizoram). VERIFY: exact bird species uncertain; glossed generically as a small bird. VERIFY possible duplicate: diacritic-variant of existing word 'sirva' already in corpus — confirm same word or distinct before import.,a small bird species,"Sava chi tê deuh, ram leh khua vela awm thin hi a ni.",Zing tinah sîrva chu kan in hnuaiah a lo hla thin.,7,"picture_match,spelling,word_search,tawng_upa,crossword,thumal_kawp",🐦
word.lunglai,lunglai,values,K7,draft,pending,pending,Source: Kumtluang Class VII (SCERT Mizoram).,"heart, mind, soul (poetic)","Mihring rilru leh thinlung awmna hmun, a ngaihtuahna leh a hlimna/lungngaina awmna hi a ni.",Ka lunglai chu lawmna nen a khat.,7,"word_chain,spelling,word_search,tawng_upa,crossword,sentence_builder",
word.chunglum,chunglûm,nature,K7,draft,pending,pending,Source: Kumtluang Class VII (SCERT Mizoram).,"zenith, the sun's highest point at midday","Ni chu vân chunga a chungpen lam a thlen hun, sun a tam ber hun a ni.",Chunglûm a lo thleng hian ni chu a sa hle.,7,"picture_match,spelling,word_search,tawng_upa,crossword,thumal_kawp",☀️
word.mahriakin,mah riakin,idiom,K7,draft,pending,pending,Source: Kumtluang Class VII (SCERT Mizoram).,"by oneself, on one's own accord","Mahni te chauhvin, ṭanpuina reng reng nei lovin tih hi a ni.",Mah riakin ka hna ka thawk zo thei ang.,7,"word_chain,spelling,word_search,tawng_upa,crossword,sentence_builder",
word.chharsak,chharsak,verbs,K7,draft,pending,pending,Source: Kumtluang Class VII (SCERT Mizoram).,"to give away, hand over to someone","Thil neih chu mi dangte hnenah pêk a, dah lo hi a ni.",A hlau avangin a thil chu mi hnenah a chharsak ta a.,7,"word_chain,spelling,word_search,tawng_upa,crossword",
word.zaktheilo,zak thei lo,idiom,K7,draft,pending,pending,Source: Kumtluang Class VII (SCERT Mizoram).,"shameless, without shame",Thil dik lo ti pawhin zahna nei lo hi a ni.,Zak thei lo takin dâwt thu a sawi zel.,7,"word_chain,spelling,word_search,tawng_upa,crossword,sentence_builder",
word.lawmman,lawmman,values,K7,draft,pending,pending,Source: Kumtluang Class VII (SCERT Mizoram).,"a reward, a prize","Thil ṭha tih avanga pêk theih thil, hlawhtlinna atana pêk hi a ni.",Zirna hlawhtlin avangin lawmman ka dawng.,7,"word_chain,spelling,word_search,tawng_upa,crossword,sentence_builder",🏆
word.hreipui,hreipui,tools,K7,draft,pending,pending,Source: Kumtluang Class VII (SCERT Mizoram).,a large axe / hatchet,Thing tan atana hman naute aia lian zawk hrei chi hi a ni.,Hreipui hmangin pa chuan thing a tan.,7,"picture_match,spelling,word_search,tawng_upa,crossword,thumal_kawp,sentence_builder",🪓
word.chinghne-2,Chinghne,animals,TQ0,draft,pending,pending,"Source: Ujaas (Vartian) Part-1, SCERT Mizoram adult literacy primer.",wolf,"Chinghne chu ui ang deuh sahuan hrang tak, ramah awm a ni.",Chinghne chuan beram a delh ṭhin.,1,"picture_match,spelling,word_search,tawng_upa,crossword,thumal_kawp,sentence_builder",🐺
word.beram-2,Beram,animals,TQ0,draft,pending,pending,"Source: Ujaas (Vartian) Part-1, SCERT Mizoram adult literacy primer.",sheep,"Beram chu a mul mul nei sahuan, mi chuan an vulh ṭhin a ni.",Beram te chu lo-ah an fak.,1,"picture_match,spelling,word_search,tawng_upa,crossword,thumal_kawp,sentence_builder",🐑
word.berampu,berampu,community,K7,draft,pending,pending,Source: Kumtluang Class VII (SCERT Mizoram).,"a shepherd, one who tends sheep","Beram enkawltu, an hlawhtlinna leh dinhmun tan mawhphurtu hi a ni.",Berampu chuan a beramte chu tlang a lam a.,7,"word_chain,spelling,word_search,tawng_upa,crossword,sentence_builder",🧑‍🌾
word.enkawltu,enkawltu,community,K7,draft,pending,pending,Source: Kumtluang Class VII (SCERT Mizoram).,"a caretaker, one who tends or watches over",Mi dang emaw ramsa emaw tan mawhphurin enkawl reng thei tu hi a ni.,Naupang enkawltu chu a hnathawh ah a rinawm hle.,7,"word_chain,spelling,word_search,tawng_upa,crossword,sentence_builder",
word.hliam,hliam,body_parts,K7,draft,pending,pending,Source: Kumtluang Class VII (SCERT Mizoram).,"a wound, an injury",Taksa emaw thil emaw chunga hliam a lo chhuah hi a ni.,Kal laiin ka hliam a natdawk a.,7,"picture_match,spelling,word_search,tawng_upa,crossword,thumal_kawp,sentence_builder",🩹
word.hnutchhiah,hnutchhiah,nature,K7,draft,pending,pending,Source: Kumtluang Class VII (SCERT Mizoram).,"footprint, track",Kal veleh awmna ram/lei chungah a lo awm ke hmuh hi a ni.,Sakei hnutchhiah kawng ah kan hmu.,7,"picture_match,spelling,word_search,tawng_upa,crossword,thumal_kawp,sentence_builder",👣
word.tuar,tuar,verbs,K7,draft,pending,pending,Source: Kumtluang Class VII (SCERT Mizoram).,"to endure, to suffer",Hrehawmna emaw natna emaw a hip lai chuan chhel lova awm reng hi a ni.,Zirna nasat a nih pawhin ka tuar zel ang.,7,"word_chain,spelling,word_search,tawng_upa,crossword,sentence_builder",
word.lehchhawng,lehchhawng,nature,K7,draft,pending,pending,Source: Kumtluang Class VII (SCERT Mizoram).,food chain (ecological term),"Ramsa/ranghmang khat leh khat inzawmna, khat chuan khat a ei thin dan hi a ni.",Lehchhawng a bo chuan ram huam pumpui a tihchhia thei.,7,"picture_match,spelling,word_search,tawng_upa,crossword,thumal_kawp",
word.hnawksak,hnawksak,verbs,K7,draft,pending,pending,Source: Kumtluang Class VII (SCERT Mizoram).,"to harm, to endanger someone",Mi dang tan hlauhawm emaw pai lohna emaw tichhuah hi a ni.,Ram sual siam chuan mihring a hnawksak thei.,7,"word_chain,spelling,word_search,tawng_upa,crossword,sentence_builder",
word.inringtawn,inring tawn,values,K7,draft,pending,pending,Source: Kumtluang Class VII (SCERT Mizoram).,"mutual interdependence, relying on one another","Khat leh khat aninawm ela awm thei lova, inzawm zel hi a ni.",Ramhuamin an inring tawn theuh a ni.,7,"word_chain,spelling,word_search,tawng_upa,crossword,sentence_builder",
word.hnapkhawn,hnapkhâwn,animals,K7,draft,pending,pending,Source: Kumtluang Class VII (SCERT Mizoram).,snail,"Ran chi khat, khu bawmin a khu, a kal a het em em hi a ni.",Hnapkhâwn chu a kal het em em.,7,"picture_match,spelling,word_search,tawng_upa,crossword,thumal_kawp,sentence_builder",🐌
word.mungek,mungek,animals,K7,draft,pending,pending,Source: Kumtluang Class VII (SCERT Mizoram).,falcon (a bird of prey),"Sava chi khat, a lêng chak leh a tlan chak hi a ni.",Mungek chu vânlêngin a lian hle.,7,"picture_match,spelling,word_search,tawng_upa,crossword,thumal_kawp,sentence_builder",🦅
word.savate,savate,animals,K7,draft,pending,pending,Source: Kumtluang Class VII (SCERT Mizoram).,"small animals, small creatures","Ramsa tê deuh te, thlai a ei ve thei ho hi a ni.",Savate hian thlai an ei ve thin.,7,"picture_match,spelling,word_search,tawng_upa,crossword,thumal_kawp,sentence_builder",
word.khau-2,khâu,animals,K7,draft,pending,pending,Source: Kumtluang Class VII (SCERT Mizoram). VERIFY: exact species/local usage uncertain. VERIFY possible duplicate: diacritic-variant of existing word 'khau' already in corpus — confirm same word or distinct before import.,caterpillar,"Rüng chi khat, thlai hnah ei chi hi a ni.",Khâu hian phaia hnah tam tak a ei.,7,"picture_match,spelling,word_search,tawng_upa,crossword,thumal_kawp,sentence_builder",🐛
word.mulukawlh,mulukawlh,animals,K7,draft,pending,pending,Source: Kumtluang Class VII (SCERT Mizoram).,owl,"Sava chi khat, zan lamah lêng a, mi eng zawng chu a ei bo thin hi a ni.",Mulukawlh chu zanah a au thin.,7,"picture_match,spelling,word_search,tawng_upa,crossword,thumal_kawp,sentence_builder",🦉
word.bal-2,bâl,values,K7,draft,pending,pending,Source: Kumtluang Class VII (SCERT Mizoram). VERIFY: context-specific meaning (blemish/stain); word can also mean numbness elsewhere. VERIFY possible duplicate: diacritic-variant of existing word 'Bal' already in corpus — confirm same word or distinct before import.,"a stain, blemish",Thil chunga awm chhe leh felfai lo tihna hi a ni.,Puan chunga bâl a lo awm.,7,"word_chain,spelling,word_search,tawng_upa,crossword,sentence_builder",
word.pawlhtu,pawlhtu,values,K7,draft,pending,pending,Source: Kumtluang Class VII (SCERT Mizoram).,"a deceiver, one who misleads",Mi dang thu diklo hriltirin kal awng danglam tihtu hi a ni.,Pawlhtu chu mi an ring lo ngei ang.,7,"word_chain,spelling,word_search,tawng_upa,crossword,sentence_builder",
word.haider,hai der,idiom,K7,draft,pending,pending,Source: Kumtluang Class VII (SCERT Mizoram).,"excess, exaggeration","A dik aia hai zâwk, itawm loh tihna hi a ni.",Hai der duh lohin dik takin sawi ang che.,7,"word_chain,spelling,word_search,tawng_upa,crossword,sentence_builder",
word.chapo,chapo,adjectives,K7,draft,pending,pending,Source: Kumtluang Class VII (SCERT Mizoram).,"strict, harsh, cruel","Mi chungah chhel lovin, chak takin tih tumna hi a ni.",Chapo takin naupangte chu a enkawl.,7,"word_chain,spelling,word_search,tawng_upa,crossword,sentence_builder",
word.sichangneii,sichangneii,traditional_culture,K7,draft,pending,pending,"Source: Kumtluang Class VII (SCERT Mizoram). VERIFY culture-sensitive: khuavang/spirit-folklore figure, route to human culture reviewer.",a fairy/spirit maiden of folklore,"Tuikam leh ram ṭha tak lamah awm thin, khuavang ang mihring hmelin lang thin thlarau hi a ni.",Thawnthu ah Sichangneii chanchin kan chhiar thin.,7,"word_chain,spelling,word_search,tawng_upa,crossword,sentence_builder",
word.kangvar,kângvâr,traditional_culture,K7,draft,pending,pending,Source: Kumtluang Class VII (SCERT Mizoram). VERIFY culture-sensitive: traditional craft/lighting practice.,a traditional pine-wood torch used for light,"Thing kâng hmangin siam, zan lama eng atana hman thil hi a ni.",Hmanlai mite chuan kângvâr in in hnuaiah an eng ṭha thin.,7,"word_chain,spelling,word_search,tawng_upa,crossword",🔥
word.rapchung,rapchung,traditional_culture,K7,draft,pending,pending,Source: Kumtluang Class VII (SCERT Mizoram). VERIFY culture-sensitive: traditional agricultural craft practice.,a deep pit dug for parching/roasting paddy,Buh hâk tumin tapchhak thuka siam kua hi a ni.,Rapchung ah buh an hâk thin.,7,"word_chain,spelling,word_search,tawng_upa,crossword,sentence_builder",
word.phulraw,phûlraw,food,K7,draft,pending,pending,Source: Kumtluang Class VII (SCERT Mizoram). VERIFY: exact plant identification uncertain.,a type of gourd used as a container,"Raw chi khat, a châng chu thil dahna atan hman hi a ni.",Phûlraw chu tui dahna atan an hman thin.,7,"picture_match,spelling,word_search,tawng_upa,crossword,thumal_kawp,sentence_builder",
word.hlothlo,hlothlo,nature,K7,draft,pending,pending,Source: Kumtluang Class VII (SCERT Mizoram).,weeds that choke crops,"Lova buh leh thlai diptu, an hnim tihfai thei hi a ni.","Hlothlo tam takin buhlo a nei a, phunna a har.",7,"picture_match,spelling,word_search,tawng_upa,crossword,thumal_kawp",
word.aruhlangin,a ruh langin,idiom,K7,draft,pending,pending,Source: Kumtluang Class VII (SCERT Mizoram).,"openly, straightforwardly, bluntly","Chiang takin, pehhel emaw ngaihdan chhungril emaw awm lovin sawi hi a ni.",A ruh langin ka rilru ka sawi chhuak ta ang.,7,"word_chain,spelling,word_search,tawng_upa,crossword",
word.chhulkhatkual,chhûl khat kual,idiom,K7,draft,pending,pending,Source: Kumtluang Class VII (SCERT Mizoram).,siblings from the same mother,Nu pakhat hrin fate zawng zawng hi a ni.,Chhûl khat kual an nih avangin an inrilru lo tlangpui thin.,7,"word_chain,spelling,word_search,tawng_upa,crossword",
word.chhungtlai,chhung tlai,idiom,K7,draft,pending,pending,Source: Kumtluang Class VII (SCERT Mizoram).,"to eat one's fill, enough for one meal","Chaw ei a khap tak, vawi khat chaw eiah kham tak hi a ni.",Chhung tlai takin kan ei tawh.,7,"word_chain,spelling,word_search,tawng_upa,crossword,sentence_builder",🍚
word.intuithlar,intuithlar,values,K7,draft,pending,pending,Source: Kumtluang Class VII (SCERT Mizoram).,"to become estranged, distant from once-close people","Inchhungkhat vawng, thian leh chhungte nen inmihran hi a ni.",Nun changin an intuithlar ta.,7,"word_chain,spelling,word_search,tawng_upa,crossword,sentence_builder",
word.awmnikham,awmni kham,traditional_culture,K7,draft,pending,pending,"Source: Kumtluang Class VII (SCERT Mizoram). VERIFY culture-sensitive: death/mourning-related community custom, route to human culture reviewer.",a village day of rest declared due to death or a major event,Mitthi emaw pawimawh dang emaw awm avanga khawtlang huapin hna thawk lova awm ni hi a ni.,Khaw chuan mitthi avangin awmni kham an chin.,7,"word_chain,spelling,word_search,tawng_upa,crossword,sentence_builder",
word.khuavangrikhamsa,khuavang ri kham sa,traditional_culture,K7,draft,pending,pending,"Source: Kumtluang Class VII (SCERT Mizoram). VERIFY culture-sensitive: khuavang/spirit-folklore belief, route to human culture reviewer.",an eerie sound in the mountains believed to be a spirit's voice,Tlang dung emaw kawr emaw inrina tur remchang awm sa hi a ni.,Zanah tlang ah khuavang ri kham sa an hria.,7,"word_chain,spelling,word_search,tawng_upa,crossword,sentence_builder",
word.luang,luang,verbs,K7,draft,pending,pending,Source: Kumtluang Class VII (SCERT Mizoram).,"to flood, to overflow (of a river)",Tui emaw lui emaw a chung lam thleng chhuak hi a ni.,Ruah tam avangin lui a luang.,7,"word_chain,spelling,word_search,tawng_upa,crossword,sentence_builder",🌊
word.nasatna,nasatna,values,K7,draft,pending,pending,Source: Kumtluang Class VII (SCERT Mizoram).,"danger, calamity, severe disaster",Thil hlauhawm leh chhiatna nasa tak thleng hi a ni.,Nasatna a lo thleng chuan mite an inhlawh.,7,"word_chain,spelling,word_search,tawng_upa,crossword,sentence_builder",
word.phalhauh,phalhauh,verbs,K7,draft,pending,pending,Source: Kumtluang Class VII (SCERT Mizoram). VERIFY: precise nuance inferred from limited context.,to readily consent/allow,"Ngun tak takin phal, dûm dâm lo phal hi a ni.",A pa chuan a phalhauh lo.,7,"word_chain,spelling,word_search,tawng_upa,crossword,sentence_builder",
word.huai,huai,traditional_culture,K7,draft,pending,pending,"Source: Kumtluang Class VII (SCERT Mizoram). VERIFY culture-sensitive: khuavang/spirit-folklore belief, route to human culture reviewer.",a guardian spirit believed to inhabit a mountain or place,"Ram emaw tlang emaw chunga awm ngaiha thlarau, mite ring hi a ni.",Reiêk tlang huai an ti thin.,7,"word_chain,spelling,word_search,tawng_upa,crossword,sentence_builder",
word.ramhuai,ramhuai,traditional_culture,K7,draft,pending,pending,"Source: Kumtluang Class VII (SCERT Mizoram). VERIFY culture-sensitive: khuavang/spirit-folklore belief, route to human culture reviewer.",a forest/wild spirit,Ram emaw thlifim emaw chunga awm ngaiha thlarau hi a ni.,Ramhuai chungchang thawnthu kan hria.,7,"word_chain,spelling,word_search,tawng_upa,crossword,sentence_builder",
word.chenchilhtu,chenchilhtu,traditional_culture,K7,draft,pending,pending,Source: Kumtluang Class VII (SCERT Mizoram). VERIFY culture-sensitive: khuavang/spirit-folklore belief; exact nuance uncertain.,a caretaker/guardian spirit of a place,Hmun emaw thing emaw vengtu leh chenpuitu ngaiha thlarau hi a ni.,Thing hlui chu chenchilhtu nei niin an ring.,7,"word_chain,spelling,word_search,tawng_upa,crossword,sentence_builder",
word.hlum,hlum,verbs,K7,draft,pending,pending,Source: Kumtluang Class VII (SCERT Mizoram).,"to die, to perish (esp. violently)","Hringnun a bo, a thi hi a ni.",Sual chu tlan lohin a hlum ta a.,7,"word_chain,spelling,word_search,tawng_upa,crossword,sentence_builder",
word.chuanchung,chuan chung,nature,K7,draft,pending,pending,Source: Kumtluang Class VII (SCERT Mizoram).,the highest/topmost part of a village or region,"Khua emaw ram emaw khâm, a chung lam hlâwm hi a ni.","Chuan chung lamah kan din a, khua kan enfiah.",7,"picture_match,spelling,word_search,tawng_upa,crossword,thumal_kawp,sentence_builder",
word.bawhbel,bawhbel,traditional_culture,K7,draft,pending,pending,Source: Kumtluang Class VII (SCERT Mizoram). VERIFY culture-sensitive: traditional zawlbûk architecture practice.,a large log placed at a zawlbûk entrance one must climb over,"Zawlbûk luhna kawng bulah dah, luh apiang bawh liam tur thing pum hi a ni.",Naupang zawlbûkah luh tan chuan bawhbel an bawh liam thin.,7,"word_chain,spelling,word_search,tawng_upa,crossword",
word.sut-2,sût,traditional_culture,K7,draft,pending,pending,Source: Kumtluang Class VII (SCERT Mizoram). VERIFY culture-sensitive: traditional architecture/craft practice. VERIFY possible duplicate: diacritic-variant of existing word 'sut' already in corpus — confirm same word or distinct before import.,the ridge support beam in a traditional Mizo house,"In chunga thing tlawn kham ban dotu, in tlûng dotu hi a ni.",In siam khan sût tha takin an siam ngai.,7,"word_chain,spelling,word_search,tawng_upa,crossword,sentence_builder",
word.tapchepsut,tap chep sût,traditional_culture,K7,draft,pending,pending,Source: Kumtluang Class VII (SCERT Mizoram). VERIFY culture-sensitive: traditional zawlbûk architecture practice.,the support posts near a zawlbûk's hearth/fireplace area,Zawlbûk chhuata mei tuahna tap sir tawna sût dingte hi a ni.,Tap chep sût kaihah zawlbûk mite an chen ngun.,7,"word_chain,spelling,word_search,tawng_upa,crossword,sentence_builder",
word.bahzar,bahzâr,traditional_culture,K7,draft,pending,pending,Source: Kumtluang Class VII (SCERT Mizoram). VERIFY culture-sensitive: traditional architecture tied to zawlbûk/chief's house.,a raised wooden platform along a wall (zawlbûk or chief's house),Zawlbûk emaw lal in emaw kawmchâr lama chhuat sang bik siam hi a ni.,Bahzâr ah zawlbûk mite an chen thin.,7,"word_chain,spelling,word_search,tawng_upa,crossword,sentence_builder",
word.dawvan,dawvân,traditional_culture,K7,draft,pending,pending,Source: Kumtluang Class VII (SCERT Mizoram). VERIFY culture-sensitive: traditional architecture tied to zawlbûk/chief's house.,a raised wooden platform (synonym of bahzâr),Bahzâr ang bawka lal in emaw zawlbûk emaw kawmchâr lama siam chhuat sang bik hi a ni.,"Dawvân ah an chen a, an thlaruk hlim em em.",7,"word_chain,spelling,word_search,tawng_upa,crossword",
word.awkpaka,âwkpakâ,traditional_culture,K7,draft,pending,pending,Source: Kumtluang Class VII (SCERT Mizoram). VERIFY culture-sensitive: traditional zawlbûk architecture detail.,the gap between railing bars of a bahzâr platform,Zawlbûk bahzâr bang hmâwr inkâr a âwng hi a ni.,Âwkpakâah chuan naupangte an ke an insawn lut fo thin.,7,"word_chain,spelling,word_search,tawng_upa,crossword",
word.beisei,beisei,values,K7,draft,pending,pending,Source: Kumtluang Class VII (SCERT Mizoram).,"hope, expectation",Thil ṭha lo chhuak dawn tih ngaihtuahna hi a ni.,Ka ram atan beisei nasa tak ka nei.,7,"word_chain,spelling,word_search,tawng_upa,crossword,sentence_builder",
word.zalen,zalên,values,K7,draft,pending,pending,Source: Kumtluang Class VII (SCERT Mizoram).,"freedom, independence","Mi dang thuneihna hnuaia awm loh, mahni put put theihna hi a ni.",Kan ram hi zalên tak a ni.,7,"word_chain,spelling,word_search,tawng_upa,crossword,sentence_builder",🕊️
word.tihmingchhet,tihmingchhet,values,K7,draft,pending,pending,Source: Kumtluang Class VII (SCERT Mizoram).,"to disgrace, to bring shame to one's name",Mi hming emaw hnam hming emaw chhiatna hmuh a tihchhiatu hi a ni.,Sual thawh chuan mahni tihmingchhet a ni.,7,"word_chain,spelling,word_search,tawng_upa,crossword,sentence_builder",
word.rawngbawl,rawngbawl,values,K7,draft,pending,pending,Source: Kumtluang Class VII (SCERT Mizoram).,"to serve, to take care of (a duty)","Mi dang emaw ram emaw tan hna thawk a, enkawl hi a ni.",Ram kan rawngbawl tur a ni.,7,"word_chain,spelling,word_search,tawng_upa,crossword,sentence_builder",
word.hum,hum,verbs,K7,draft,pending,pending,Source: Kumtluang Class VII (SCERT Mizoram).,"to protect, to guard, to defend",Hlauhawm emaw hmêlma emaw laka vênghim hi a ni.,Kan ram kan hum ang.,7,"word_chain,spelling,word_search,tawng_upa,crossword,sentence_builder",🛡️
word.tihkian,tihkian,verbs,K7,draft,pending,pending,Source: Kumtluang Class VII (SCERT Mizoram).,"to correct, to fix, to rectify",Thil suala emaw dik loh emaw dik takah siam let hi a ni.,Thil dik lo kan tihkian tur a ni.,7,"word_chain,spelling,word_search,tawng_upa,crossword,sentence_builder",
word.taihmakna-2,taihmâkna,values,K7,draft,pending,pending,Source: Kumtluang Class VII (SCERT Mizoram). VERIFY possible duplicate: diacritic-variant of existing word 'taihmakna' already in corpus — confirm same word or distinct before import.,"diligence, perseverance, hard work","Hlauhawm lovin, taima leh chak takin thawk zel hi a ni.",Taihmâkna avangin hlawhtlinna a chang.,7,"word_chain,spelling,word_search,tawng_upa,crossword,sentence_builder",
word.tanpuitu,tanpuitu,community,K7,draft,pending,pending,Source: Kumtluang Class VII (SCERT Mizoram).,"a helper, one who assists",Mi dang harsatna hip laiin ṭanpui thin tu hi a ni.,Tanpuitu tha kan awm chuan hna kan thawh nual.,7,"word_chain,spelling,word_search,tawng_upa,crossword,sentence_builder",🤝
word.khawlkhawm,khawl khâwm,values,K7,draft,pending,pending,Source: Kumtluang Class VII (SCERT Mizoram).,"accumulated wealth, earnings",Hna thawh atanga sum leh pai lâk khâwm hi a ni.,Khawl khâwm rêng rêngin mihring dam a ring a phal lo.,7,"word_chain,spelling,word_search,tawng_upa,crossword",
word.chhekkhawm,chhêk khâwm,values,K7,draft,pending,pending,Source: Kumtluang Class VII (SCERT Mizoram).,to gather/hoard through wrongful means,Dik lo takin thil emaw sum emaw chelh khâwm hi a ni.,Chhêk khâwm thil chu a hlawhtlin ngai lo.,7,"word_chain,spelling,word_search,tawng_upa,crossword,sentence_builder",
word.benbel,benbel,verbs,K7,draft,pending,pending,Source: Kumtluang Class VII (SCERT Mizoram).,to lend out generously,Mi dang tan thil emaw hmun emaw in leh lo hman theihna atan pêk hi a ni.,Ka in leh lo mi hnenah ka benbel thin.,7,"word_chain,spelling,word_search,tawng_upa,crossword,sentence_builder",
word.hlohna,hlohna,values,K7,draft,pending,pending,Source: Kumtluang Class VII (SCERT Mizoram).,"loss, defeat","Thil neih emaw beihna emaw a bo, hlawhchham hi a ni.",Match kan hlohna a tam.,7,"word_chain,spelling,word_search,tawng_upa,crossword,sentence_builder",
word.kaihruaitu,kaihruaitu,values,K7,draft,pending,pending,Source: Kumtluang Class VII (SCERT Mizoram).,"a guide, a guiding principle",Kawng dik lam atan hruaitu emaw dan pawimawh emaw hi a ni.,Rinawmna hi ka nun kaihruaitu a ni.,7,"word_chain,spelling,word_search,tawng_upa,crossword,sentence_builder",
word.chhepsual,chhep sual,idiom,K7,draft,pending,pending,Source: Kumtluang Class VII (SCERT Mizoram).,"to make a misstep, to err in action","Kal emaw thawh emaw a sual, dik lo takin tih hi a ni.",Ka ke ka chhep sual lovin ka nun kan tum ang.,7,"word_chain,spelling,word_search,tawng_upa,crossword",
word.rukruk,rûkrûk,values,K7,draft,pending,pending,Source: Kumtluang Class VII (SCERT Mizoram).,"corruption, dishonesty, bribery",Sum leh pai duhamna avanga dan bawhchhia hi a ni.,Rûkrûk avangin ram nun a tichhia thei.,7,"word_chain,spelling,word_search,tawng_upa,crossword,sentence_builder",
word.hnamhmel,hnam hmêl,idiom,K7,draft,pending,pending,Source: Kumtluang Class VII (SCERT Mizoram).,"national image, reputation","Hnam mizia leh a chak sawina, mite hriatna hi a ni.",Kan thil tih dan chuan hnam hmêl a tichhia thei.,7,"word_chain,spelling,word_search,tawng_upa,crossword",
word.beidawnna,beidawnna,values,K7,draft,pending,pending,Source: Kumtluang Class VII (SCERT Mizoram).,"despair, hopelessness","Beisei bo taka awm, ṭha lo ngaih avang mangang hi a ni.",Beidawnna chu duhthusam a ni lo.,7,"word_chain,spelling,word_search,tawng_upa,crossword,sentence_builder",
word.chirhdum,chirhdûm,nature,K7,draft,pending,pending,Source: Kumtluang Class VII (SCERT Mizoram).,"a deep pit, abyss","Lei chhunga chhak thuk tak, êng loh hmun hi a ni.",Beidawnna chirhdûmah tla lo tur chuan i beiseina tha ve rawh.,7,"picture_match,spelling,word_search,tawng_upa,crossword,thumal_kawp",
word.luahtu,luahtu,values,K7,draft,pending,pending,Source: Kumtluang Class VII (SCERT Mizoram).,"a conqueror, one who seizes by force",Mi dang ram emaw thil emaw chak leh lakin lakpui tu hi a ni.,Ram luahtu chu mahni chak ringawtin an rin.,7,"word_chain,spelling,word_search,tawng_upa,crossword,sentence_builder",
word.rawk,rawk,verbs,K7,draft,pending,pending,Source: Kumtluang Class VII (SCERT Mizoram).,"to lose (something one owns), to be bereft","Thil neih emaw hausakna emaw a bo, laksak hi a ni.",Sual leh thil chhia thawh chuan ka rawk mai ang.,7,"word_chain,spelling,word_search,tawng_upa,crossword",
word.thlahthlam,thlahthlam,verbs,K7,draft,pending,pending,Source: Kumtluang Class VII (SCERT Mizoram).,"to neglect, to fail to care for","Thil emaw mi emaw ngaihsak lo, humhalh lo hi a ni.",Ram thlahthlam chu a tha lo.,7,"word_chain,spelling,word_search,tawng_upa,crossword,sentence_builder",
word.mahnikutke,mahni kutke,idiom,K7,draft,pending,pending,Source: Kumtluang Class VII (SCERT Mizoram).,"self-reliance, one's own capability","Mahni chakna leh theihna, mi dang zawn lova awm hi a ni.",Mahni kutke chakin hlawhtling ka chak.,7,"word_chain,spelling,word_search,tawng_upa,crossword,sentence_builder",
word.lukhawng,lukhâwng,values,K7,draft,pending,pending,Source: Kumtluang Class VII (SCERT Mizoram).,final/ultimate profit or gain,Thil siam emaw hna thawh emaw tawpa hlawkna hi a ni.,Lukhâwng tak chu mi dangte tan pawimawhna a ni.,7,"word_chain,spelling,word_search,tawng_upa,crossword,sentence_builder",
word.thlawn,thlâwn,idiom,K7,draft,pending,pending,Source: Kumtluang Class VII (SCERT Mizoram).,"instead of, in place of",Thil dang emaw mi dang emaw zawn ah dah hi a ni.,A lo thlâwn deuhvin thil ṭha ka thawk ang.,7,"word_chain,spelling,word_search,tawng_upa,crossword,sentence_builder",
word.kuttlinglo,kut tling lo,idiom,K7,draft,pending,pending,Source: Kumtluang Class VII (SCERT Mizoram).,not achieved through honest effort,"Dik taka thawh chhuah ni lo, lâk khâwm emaw duhamna emaw hmang hi a ni.",Kut tling lo hausakna chu a rei lo va bo ang.,7,"word_chain,spelling,word_search,tawng_upa,crossword",
word.hut,hût,adjectives,K7,draft,pending,pending,Source: Kumtluang Class VII (SCERT Mizoram).,"unfit, spoiled, ill-gotten","Ei tlâk lo, chhia leh dik loh hi a ni.",Hût taka lak khâwm sum chuan hlim a pe thei lo.,7,"word_chain,spelling,word_search,tawng_upa,crossword",
word.bengbel,bêngbel,verbs,K7,draft,pending,pending,Source: Kumtluang Class VII (SCERT Mizoram).,to secure/store something firmly,"In sa dah, chhia lo tur leh boral lo tur atan dah hi a ni.",Ka thil chu bêngbel takin ka dah.,7,"word_chain,spelling,word_search,tawng_upa,crossword,sentence_builder",
word.uchuak,uchuak,adjectives,K7,draft,pending,pending,Source: Kumtluang Class VII (SCERT Mizoram).,"excessive, beyond what is appropriate","Awm tawk aia nasa zâwk, itawm lo hi a ni.",Uchuak taka a chhûk hlawhtling lo vang.,7,"word_chain,spelling,word_search,tawng_upa,crossword,sentence_builder",
word.hmaitimawk,hmai timâwk,idiom,K7,draft,pending,pending,Source: Kumtluang Class VII (SCERT Mizoram).,to disgrace/tarnish one's reputation,"Hming tichhia, timualpho hi a ni.",Sual thawh chuan mahni hmai timâwk a ni.,7,"word_chain,spelling,word_search,tawng_upa,crossword,sentence_builder",
word.tlabal,tlabal,adjectives,K7,draft,pending,pending,Source: Kumtluang Class VII (SCERT Mizoram).,"bad, evil, wicked","Thil chhia, a chhe lai deuh hi a ni.",Tlabal taka thawh chu mi tan a tha lo.,7,"word_chain,spelling,word_search,tawng_upa,crossword,sentence_builder",
word.rambua,ram bua,idiom,K7,draft,pending,pending,Source: Kumtluang Class VII (SCERT Mizoram).,"a troubled, impoverished land","Ram thlawhbua, thing leh mau umumal loh, hausak lo hi a ni.",Ram bua ah mite an nun harsa hle.,7,"word_chain,spelling,word_search,tawng_upa,crossword,sentence_builder",
word.dingchang,dingchang,verbs,K7,draft,pending,pending,Source: Kumtluang Class VII (SCERT Mizoram).,"to stand firm, to be stable/successful","Hlawhtling a, dingchhuak thei hi a ni.",Taihmâkna avangin a dingchang ta.,7,"word_chain,spelling,word_search,tawng_upa,crossword,sentence_builder",
word.phuhru,phuhru,verbs,K7,draft,pending,pending,Source: Kumtluang Class VII (SCERT Mizoram).,"to burden, to be a load on someone","Mi dang mamawh tihsak a, hnawh phurtu hi a ni.",Mahni tuar tur mi dang phuhru chu a tha lo.,7,"word_chain,spelling,word_search,tawng_upa,crossword",
word.nunrawn,nunrâwn,values,K7,draft,pending,pending,Source: Kumtluang Class VII (SCERT Mizoram).,"livelihood, sustenance","Nun kaltir theihna, chaw leh thil neih hi a ni.",A nunrâwn atan hna a thawk zel.,7,"word_chain,spelling,word_search,tawng_upa,crossword,sentence_builder",
word.nihlawh,nihlawh,values,K7,draft,pending,pending,Source: Kumtluang Class VII (SCERT Mizoram).,"loss, deficiency","Thil neih emaw beihna emaw a tlem, harsatna hi a ni.",Sum nihlawh chuan a chhungkuate a buai thei.,7,"word_chain,spelling,word_search,tawng_upa,crossword,sentence_builder",
word.hlen,hlen,verbs,K7,draft,pending,pending,Source: Kumtluang Class VII (SCERT Mizoram).,"to increase, to extend, to add to",A zat emaw a rei emaw belh zual hi a ni.,Kan hausakna kan hlen zel a tul.,7,"word_chain,spelling,word_search,tawng_upa,crossword,sentence_builder",
word.thuam,thuam,tools,K7,draft,pending,pending,Source: Kumtluang Class VII (SCERT Mizoram).,"equipment, gear",Hna thawh emaw kal emaw atana mamawh thil hrang hrang hi a ni.,Zin thuam kan buatsaih tawh a ni.,7,"picture_match,spelling,word_search,tawng_upa,crossword,thumal_kawp,sentence_builder",
word.thinglenbuang,thinglenbuang,nature,K7,draft,pending,pending,Source: Kumtluang Class VII (SCERT Mizoram).,a large tree/tree trunk,"Thing kung lian tak, ram huamah din reng hi a ni.",Thinglenbuang chungah sava an in hnuai thin.,7,"picture_match,spelling,word_search,tawng_upa,crossword,thumal_kawp,sentence_builder",🌳
word.siahthing,siahthing,nature,K7,draft,pending,pending,Source: Kumtluang Class VII (SCERT Mizoram). VERIFY: exact tree species uncertain.,a type of large tree,"Thing kung chi khat, ram huamah awm thin hi a ni.",Siahthing hnuaiah kan hmun a nuam.,7,"picture_match,spelling,word_search,tawng_upa,crossword,thumal_kawp,sentence_builder",
word.thlangkawrthli,thlangkawr thli,nature,K7,draft,pending,pending,Source: Kumtluang Class VII (SCERT Mizoram).,wind blowing from the mountain pass or west,Kawr ruam lam aṭanga thli rawn tleh/thaw hi a ni.,Thlangkawr thli chu a var hle.,7,"picture_match,spelling,word_search,tawng_upa,crossword,thumal_kawp,sentence_builder",
word.inchhawk,inchhawk,nature,K7,draft,pending,pending,Source: Kumtluang Class VII (SCERT Mizoram).,ocean waves surging/crashing,Tuifawn intan bung nghuat nghuat hi a ni.,Tuipui a inchhawk chuan a rim a nasa hle.,7,"picture_match,spelling,word_search,tawng_upa,crossword,thumal_kawp,sentence_builder",🌊
word.nghawrdim,nghawr dim,idiom,K7,draft,pending,pending,Source: Kumtluang Class VII (SCERT Mizoram).,"a hollow, melancholy feeling","Nghawr nghing, thin tithawng tihna hi a ni.",Nghawr dim rilru nen a khaw a en zel.,7,"word_chain,spelling,word_search,tawng_upa,crossword,sentence_builder",
word.ruang,ruang,traditional_culture,K7,draft,pending,pending,Source: Kumtluang Class VII (SCERT Mizoram). VERIFY culture-sensitive: reference to a dead body/death context.,"a corpse, dead body","Mihring thi tawh, taksa awm chhun hi a ni (chang khat).",Ruang chu an phum a.,7,"word_chain,spelling,word_search,tawng_upa,crossword,sentence_builder",
word.kawlvirthli,kawl virthli,nature,K7,draft,pending,pending,Source: Kumtluang Class VII (SCERT Mizoram). 🍃,"a gentle, pleasant breeze",Thli fim leh nuam takin thaw hi a ni.,Kawl virthli chu a nuam hle.,7,"picture_match,spelling,word_search,tawng_upa,crossword,thumal_kawp,sentence_builder",
word.ruangdamna,ruang damna,idiom,K7,draft,pending,pending,Source: Kumtluang Class VII (SCERT Mizoram).,something that restores/revives the body,"Taksa tihahdamtu, hriselna atan ṭha hi a ni.",Damdawi hi ruang damna a ni thin.,7,"word_chain,spelling,word_search,tawng_upa,crossword,sentence_builder",
word.chhak,chhak,nature,K7,draft,pending,pending,Source: Kumtluang Class VII (SCERT Mizoram).,east (direction),"Ni chhuah lam, kim hrang khat hi a ni.",Chhak lam aṭangin ni a chhuak.,7,"picture_match,spelling,word_search,tawng_upa,crossword,thumal_kawp,sentence_builder",🧭
word.thlang,thlang,nature,K7,draft,pending,pending,Source: Kumtluang Class VII (SCERT Mizoram). VERIFY: 'thlang' more commonly means hillside; here paired with chhak (east) to mean west.,"west (direction, in this context)","Ni tlâk lam, chhak kim laka awm hi a ni.",Thlang lam aṭangin ni a tlâk.,7,"picture_match,spelling,word_search,tawng_upa,crossword,thumal_kawp,sentence_builder",
word.hleitling,hleitling,adjectives,K7,draft,pending,pending,Source: Kumtluang Class VII (SCERT Mizoram). VERIFY culture-sensitive: traditional wrestling attire.,"loose and baggy, oversized (of clothing)","Puan lian leh hrawl, ke tak lo hi a ni.",Inbuan turin puan hleitling an ven thin.,7,"word_chain,spelling,word_search,tawng_upa,crossword,sentence_builder",
word.insuknawr,insuknawr,traditional_culture,K7,draft,pending,pending,Source: Kumtluang Class VII (SCERT Mizoram). VERIFY culture-sensitive: traditional wrestling custom; exact nuance inferred from context.,to warm up/loosen up the body before a match,"Taksa in nawr a, tumte hmasa ah insik siam hi a ni.",Inbuan hmasak an insuknawr ṭhin.,7,"word_chain,spelling,word_search,tawng_upa,crossword,sentence_builder",
word.inchhawn,inchhawn,traditional_culture,K7,draft,pending,pending,Source: Kumtluang Class VII (SCERT Mizoram). VERIFY culture-sensitive: traditional wrestling challenge custom; exact nuance uncertain.,to challenge one another to a match,Mi pahnih inbuan tumin inko/insawi hi a ni.,Tlangval pahnih chu an inchhawn a.,7,"word_chain,spelling,word_search,tawng_upa,crossword,sentence_builder",
word.indaikhalh,indaikhalh,traditional_culture,K7,draft,pending,pending,Source: Kumtluang Class VII (SCERT Mizoram). VERIFY culture-sensitive: traditional wrestling technique.,to sweep or trip an opponent's leg (wrestling technique),"Inbuan laiin doral ke chhep chhawn a, tlu tir hi a ni.",A thiam zawk chuan a daikhalh leh nge nge thin.,7,"word_chain,spelling,word_search,tawng_upa,crossword",
word.zualko,zualko,traditional_culture,K7,draft,pending,pending,"Source: Kumtluang Class VII (SCERT Mizoram). VERIFY culture-sensitive: death/mourning-related community custom; exact nuance uncertain, route to human culture reviewer.",a customary practice/announcement associated with death,Mitthi thu hriattirna atana khawtlang zinga siam dan hi a ni.,Zualko thu an hriatin mitthi chhungte an lainat pui.,7,"word_chain,spelling,word_search,tawng_upa,crossword,sentence_builder",
word.inphawi,inphawi,traditional_culture,K7,draft,pending,pending,Source: Kumtluang Class VII (SCERT Mizoram). VERIFY culture-sensitive: traditional wrestling challenge custom.,to make a formal challenge/pledge for a match,Inbuan tum ni tur ngun taka insawi/inko hi a ni.,Inban phawi tih hi inphawi tihna a ni.,7,"word_chain,spelling,word_search,tawng_upa,crossword,sentence_builder",
word.kawtchhuah,kawtchhuah,traditional_culture,K7,draft,pending,pending,Source: Kumtluang Class VII (SCERT Mizoram). VERIFY: nuance inferred from limited context.,a formal public first appearance (coming-out),"A hmasa berah khalh chhuah a, mi tan intar lan hi a ni.",Tlangval thar chu an kawtchhuah zel thin.,7,"word_chain,spelling,word_search,tawng_upa,crossword,sentence_builder",
word.tlangau,tlangau,traditional_culture,K7,draft,pending,pending,Source: Kumtluang Class VII (SCERT Mizoram). VERIFY culture-sensitive: traditional community announcement practice.,"a village crier, a traditional town announcer","Khaw thu hriattir tumin au a, chhuak sung sung hi a ni.",Tlangau chuan khaw mite hnenah thu a puang.,7,"word_chain,spelling,word_search,tawng_upa,crossword,sentence_builder",
word.ramri,ramri,nature,K7,draft,pending,pending,Source: Kumtluang Class VII (SCERT Mizoram).,"boundary, border","Ram khat leh ram dang inkâr, mêl hriat theih hi a ni.",Ramri pel lo tûr chuan fîm takin i kal tul ang.,7,"picture_match,spelling,word_search,tawng_upa,crossword,thumal_kawp",
word.sapan,sa pan,tools,K7,draft,pending,pending,Source: Kumtluang Class VII (SCERT Mizoram).,an animal trap or snare,Ramsa man atana siam thil hi a ni.,Sa pan ah sazuk a lo man.,7,"picture_match,spelling,word_search,tawng_upa,crossword,thumal_kawp,sentence_builder",
word.sulsutu,sûlsutu,traditional_culture,K7,draft,pending,pending,Source: Kumtluang Class VII (SCERT Mizoram). VERIFY culture-sensitive: traditional hunting/lighting practice; exact nuance uncertain.,"a torch-bearer, one who carries a pine torch","Sûl (kâng thing) hmangin eng siamtu, hunga zin lamtu hi a ni.",Sûlsutu chu an hnuhnung berah an zui.,7,"word_chain,spelling,word_search,tawng_upa,crossword,sentence_builder",
word.chaldar,chaldâr,body_parts,K7,draft,pending,pending,"Source: Kumtluang Class VII (SCERT Mizoram). VERIFY: exact anatomical meaning uncertain, inferred from hunting context.",a vital/critical spot on the body,Taksa chunga thlen chhuak tur hmun pawimawh tak hi a ni.,Rawthla chu a chaldârah a lo kap.,7,"picture_match,spelling,word_search,tawng_upa,crossword,thumal_kawp,sentence_builder",
word.tiaupho,tiaupho,animals,K7,draft,pending,pending,Source: Kumtluang Class VII (SCERT Mizoram).,foam/froth from an animal's mouth,Ramsa kaa lo chhuak fim/chhu hi a ni.,A hlau em avangin sazu chu a tiaupho a lo chhuak.,7,"picture_match,spelling,word_search,tawng_upa,crossword,thumal_kawp",
word.tluklohrimnam,tluk loh rim nam,idiom,K7,draft,pending,pending,Source: Kumtluang Class VII (SCERT Mizoram). VERIFY: nuance inferred from limited context.,an unusually powerful or unmistakable smell,"A rim tluk loh, hriat theih tur hi a ni.",Ramhuai lêng chuan tluk loh rim nam a chhuak thin.,7,"word_chain,spelling,word_search,tawng_upa,crossword",
word.kaizaveng,kaiza veng,idiom,K7,draft,pending,pending,Source: Kumtluang Class VII (SCERT Mizoram). VERIFY: nuance inferred from limited context.,"rear guards, those watching the flank of a group",Pawl hnuhnung lam vengtute hi a ni.,Kaiza veng chu an rawn thlengin hlauhawm an hria.,7,"word_chain,spelling,word_search,tawng_upa,crossword,sentence_builder",
word.insaseng,insaseng,verbs,K7,draft,pending,pending,Source: Kumtluang Class VII (SCERT Mizoram).,"to defend oneself, to fend for oneself","Mahni ven, hlauhawm laka insik hi a ni.",Hliam avangin a insaseng thei ta lo.,7,"word_chain,spelling,word_search,tawng_upa,crossword,sentence_builder",
word.hahip,hahip,verbs,K7,draft,pending,pending,Source: Kumtluang Class VII (SCERT Mizoram). VERIFY: nuance inferred from limited context.,to recount a story with amazement/awe,Thawnthu emaw huaisenna emaw mak takin sawi zel hi a ni.,A huaizia chu hahipin an sawi thin.,7,"word_chain,spelling,word_search,tawng_upa,crossword,sentence_builder",
word.kawlkhuang,kâwlkhuang,traditional_culture,K7,draft,pending,pending,Source: Kumtluang Class VII (SCERT Mizoram). VERIFY culture-sensitive: traditional musical instrument.,a type of traditional drum,"Khuang chi khat, chai leh in laka hman hi a ni.",Kâwlkhuang chu khuang chi pakhat a ni.,7,"word_chain,spelling,word_search,tawng_upa,crossword,sentence_builder",
word.darmang,darmang,traditional_culture,K7,draft,pending,pending,Source: Kumtluang Class VII (SCERT Mizoram). VERIFY culture-sensitive: traditional musical instrument.,a type of small traditional gong/cymbal,"Dâr chi khat, man leh mual atan hman hi a ni.",Darmang chu dâr chi hrang hrangte zinga pakhat a ni.,7,"word_chain,spelling,word_search,tawng_upa,crossword",
word.mautawtawrawt,mau tawtawrawt,traditional_culture,K7,draft,pending,pending,Source: Kumtluang Class VII (SCERT Mizoram). VERIFY culture-sensitive: traditional musical instrument.,a bamboo wind/percussion instrument,Mau hmangin siam rimawi hmanrua hi a ni.,Mau tawtawrawt chu chai laiin an tum thin.,7,"word_chain,spelling,word_search,tawng_upa,crossword,sentence_builder",
word.tuiumdar,tuiumdâr,traditional_culture,K7,draft,pending,pending,Source: Kumtluang Class VII (SCERT Mizoram). VERIFY culture-sensitive: traditional musical instrument.,a traditional single-string musical instrument,"Hrui nei chi rimawi hmanrua, indopui bakah an ngainâ hi a ni.",Tuiumdâr tumin an hla an sa thin.,7,"word_chain,spelling,word_search,tawng_upa,crossword,sentence_builder",
word.manlehmual,man leh mual,traditional_culture,K7,draft,pending,pending,"Source: Kumtluang Class VII (SCERT Mizoram). VERIFY culture-sensitive: traditional marriage custom, route to human culture reviewer.",traditional bride price/dowry payment,"Inneihna man, nula man atana pêk hi a ni.",Man leh mual chu an inhmang tha hle.,7,"word_chain,spelling,word_search,tawng_upa,crossword,sentence_builder",
word.ralluaih,ral lu aih,traditional_culture,K7,draft,pending,pending,"Source: Kumtluang Class VII (SCERT Mizoram). VERIFY culture-sensitive: historical headhunting/war-trophy celebration custom, route to human culture reviewer.",a traditional victory celebration involving an enemy's severed head (historical warfare custom),"Hmanlai chuan râl an thah hian a lu an hawn a, an ai (lawm) thin, chumi sawina hi a ni.",Ral lu aih hi hmanlai khawtlang chanchin ah kan hria.,7,"word_chain,spelling,word_search,tawng_upa,crossword",
word.chawnlehlam,chawn leh lâm,traditional_culture,K7,draft,pending,pending,Source: Kumtluang Class VII (SCERT Mizoram). VERIFY culture-sensitive: traditional ceremonial feast/dance custom.,a traditional feast and dance celebration,"Zu leh sa ruaipuiin khawtlang hrai a ngai a, chawng leh lâm bawl hi a ni.",Chawn leh lâm bawlah chuan khaw mi zawng an chen khawm.,7,"word_chain,spelling,word_search,tawng_upa,crossword",
word.kutnivangthla,kûtni vângthla,traditional_culture,K7,draft,pending,pending,Source: Kumtluang Class VII (SCERT Mizoram). VERIFY culture-sensitive: traditional festival calendar/practice.,traditional festival days and calendar,"Kût hun, kût hman ni leh thla sawina hi a ni.",Kûtni vângthla chu Mizote ngaih pawimawh a ni.,7,"word_chain,spelling,word_search,tawng_upa,crossword,sentence_builder",
word.chanvo,chanvo,values,K7,draft,pending,pending,Source: Kumtluang Class VII (SCERT Mizoram).,"fate, destiny, one's lot in life","Mi tan pêk chan, a hun leh a dinhmun hi a ni.",I chanvo pawimawh tak i nei.,7,"word_chain,spelling,word_search,tawng_upa,crossword,sentence_builder",
word.enkawlsak,enkawlsak,verbs,K7,draft,pending,pending,Source: Kumtluang Class VII (SCERT Mizoram).,to manage/oversee on someone's behalf,Mi dang tan thil emaw sum emaw enkawl pui hi a ni.,Ka sum min enkawlsak turin ka duh.,7,"word_chain,spelling,word_search,tawng_upa,crossword,sentence_builder",
word.tikhat,tikhat,idiom,K7,draft,pending,pending,Source: Kumtluang Class VII (SCERT Mizoram).,one-tenth (a fraction),"Thil zat pumhlum aṭanga sem a, hlawm khat hi a ni.",Ka lak chhuahna tikhat ka thlarau atan ka bei.,7,"word_chain,spelling,word_search,tawng_upa,crossword,sentence_builder",
word.titlem,titlem,verbs,K7,draft,pending,pending,Source: Kumtluang Class VII (SCERT Mizoram).,"to reduce, to cut down (spending)",A zat emaw a rei emaw tlem zawk atan siam hi a ni.,I sum sênna titlem rawh.,7,"word_chain,spelling,word_search,tawng_upa,crossword,sentence_builder",
word.peipung,peipung,verbs,K7,draft,pending,pending,Source: Kumtluang Class VII (SCERT Mizoram).,"to multiply, to grow through compounding","A zat a ziah zual, pung deuh deuh hi a ni.",I sum khawl chu peipung turin dah rawh.,7,"word_chain,spelling,word_search,tawng_upa,crossword,sentence_builder",
word.hnar-2,hnâr,verbs,K7,draft,pending,pending,Source: Kumtluang Class VII (SCERT Mizoram). VERIFY possible duplicate: diacritic-variant of existing word 'Hnar' already in corpus — confirm same word or distinct before import.,"to protect, to secure (against loss)",Thil neih chu bo lo tur leh chhiat lo tur atan vênghim hi a ni.,I sum chu hnâr ngheta siam ang che.,7,"word_chain,spelling,word_search,tawng_upa,crossword,sentence_builder",
word.themthiam,themthiam,adjectives,K7,draft,pending,pending,Source: Kumtluang Class VII (SCERT Mizoram).,"skilled, competent, expert",Hna emaw thil emaw ah fim leh thiam hi a ni.,Themthiam zawk tura beih a tul.,7,"word_chain,spelling,word_search,tawng_upa,crossword,sentence_builder",
word.kawrawk,kawrawk,adjectives,K7,draft,pending,pending,Source: Kumtluang Class VII (SCERT Mizoram).,"extremely poor, destitute",In chhung bungrua leh khawsakna eng mah nei mumal loh hi a ni.,Kawrawk taka an khawsa.,7,"word_chain,spelling,word_search,tawng_upa,crossword,sentence_builder",
word.dahkham,dahkham,verbs,K7,draft,pending,pending,Source: Kumtluang Class VII (SCERT Mizoram).,"to pawn, to mortgage something","Pawisa pek tur neih loh vanga thil dang dah, man atan pêk hi a ni.",A puan chu a dahkham ta.,7,"word_chain,spelling,word_search,tawng_upa,crossword,sentence_builder",
word.intlawhpawh,intlawh pawh,verbs,K7,draft,pending,pending,Source: Kumtluang Class VII (SCERT Mizoram).,"to compete with, to rival one another","Inlen pawh, khat leh khat intlawh hi a ni.",Naupangte chuan an intlawh pawh thin.,7,"word_chain,spelling,word_search,tawng_upa,crossword,sentence_builder",
word.hluihlawn,hluihlâwn,verbs,K7,draft,pending,pending,Source: Kumtluang Class VII (SCERT Mizoram).,to neglect/abandon something once used,"Hman duh tawh lo, hnawl a, dah tâwl hi a ni.",A thil hlawm hnawl chu a hluihlâwn ta.,7,"word_chain,spelling,word_search,tawng_upa,crossword,sentence_builder",
word.asarhulai,a sârhû lai,idiom,K7,draft,pending,pending,Source: Kumtluang Class VII (SCERT Mizoram).,"at first, at the very beginning","A tantir, a hlimchhâwng lai hi a ni.",A sârhû lai chuan an hlim em em.,7,"word_chain,spelling,word_search,tawng_upa,crossword,sentence_builder",
word.mihrang,mi hrâng,traditional_culture,K7,draft,pending,pending,Source: Kumtluang Class VII (SCERT Mizoram). VERIFY culture-sensitive: pasaltha/warrior-culture reference.,"a brave hero, a warrior (pasaltha)","Mi huaisen, pasaltha chi hi a ni.",Mi hrâng te chungchang thawnthu kan chhiar thin.,7,"word_chain,spelling,word_search,tawng_upa,crossword,sentence_builder",
word.tham,thâm,adjectives,K7,draft,pending,pending,Source: Kumtluang Class VII (SCERT Mizoram).,"exhausted, depleted, gone","Bo, ral, awm tawh lo hi a ni.",A chak chu a thâm ta.,7,"word_chain,spelling,word_search,tawng_upa,crossword,sentence_builder",
word.pialleikara,piallei kara,traditional_culture,K7,draft,pending,pending,Source: Kumtluang Class VII (SCERT Mizoram). VERIFY culture-sensitive: reference to burial/the grave.,"beneath the earth, in the grave","Lei hnuaia, thlan chhunga awm hi a ni.",Piallei kara chu mitthi te thlan hmun a ni.,7,"word_chain,spelling,word_search,tawng_upa,crossword,sentence_builder",
word.kawrvai,kawrvâi,nature,K7,draft,pending,pending,Source: Kumtluang Class VII (SCERT Mizoram).,"the plains, lowland region","Vai, khawthlang vai, vai ram hi a ni.",Kawrvâi lam atangin bazar thil an rawn kaikhawm thin.,7,"picture_match,spelling,word_search,tawng_upa,crossword,thumal_kawp,sentence_builder",
word.sakhming,sakhming,values,K7,draft,pending,pending,Source: Kumtluang Class VII (SCERT Mizoram).,"fame, renown, reputation",Hming leh chak thlen theih sawina hi a ni.,A sakhming chu ram pum ah a thang.,7,"word_chain,spelling,word_search,tawng_upa,crossword,sentence_builder",
word.lentu,lentu,nature,K7,draft,pending,pending,Source: Kumtluang Class VII (SCERT Mizoram).,"wilderness, uninhabited wild land","Ram ngaw, mi awm lo ram hi a ni.",Lentu ah sazate an awm thin.,7,"picture_match,spelling,word_search,tawng_upa,crossword,thumal_kawp,sentence_builder",
word.chhuihthangval,chhuihthang val,idiom,K7,draft,pending,pending,Source: Kumtluang Class VII (SCERT Mizoram).,a young man in the prime of youth,"Tlangval hun ṭha ber, chak leh hlim laia awm hi a ni.",Chhuihthang val chu a chak em em.,7,"word_chain,spelling,word_search,tawng_upa,crossword,sentence_builder",
word.nghilh,nghilh,verbs,K7,draft,pending,pending,Source: Kumtluang Class VII (SCERT Mizoram).,to forget,"Thil ngaihtuah lote, theihnghilh hi a ni.",Ka thiante hming ka nghilh ngai lo.,7,"word_chain,spelling,word_search,tawng_upa,crossword,sentence_builder",
word.lukham,lukham,tools,K7,draft,pending,pending,Source: Kumtluang Class VII (SCERT Mizoram).,pillow,"Lu ngahna atana siam thil, mit a ihna bawmin hman hi a ni.",Rizai leh lukham chu a hlim hle.,7,"picture_match,spelling,word_search,tawng_upa,crossword,thumal_kawp,sentence_builder",🛏️
word.meizial,meizial,tools,K7,draft,pending,pending,Source: Kumtluang Class VII (SCERT Mizoram).,candle,"Eng siamna thil, a chungah mei a kâng hi a ni.",Zan chuan meizial kan eng.,7,"picture_match,spelling,word_search,tawng_upa,crossword,thumal_kawp,sentence_builder",🕯️
word.inkhualtelemna,inkhualtelemna,tools,K7,draft,pending,pending,Source: Kumtluang Class VII (SCERT Mizoram).,"suitcase, travel bag",Zin laia thil telem atan siam bawm hi a ni.,Zin tur chuan inkhualtelemna kan siam.,7,"picture_match,spelling,word_search,tawng_upa,crossword,thumal_kawp,sentence_builder",🧳
word.pheikhawk,pheikhawk,tools,K7,draft,pending,pending,Source: Kumtluang Class VII (SCERT Mizoram).,"slippers, sandals","Ke silhna, thing emaw rah emaw siam hi a ni.",Pheikhawk silhin kan kal.,7,"picture_match,spelling,word_search,tawng_upa,crossword,thumal_kawp,sentence_builder",🩴
word.tel,têl,tools,K7,draft,pending,pending,"Source: Kumtluang Class VII (SCERT Mizoram). VERIFY spelling-variant: also found as class7:word.tel='têl'(K7), vartian:word.tel='Tel'(TQ0) — confirm distinct words or same word/typo.",ball (a round object used in games),"Rilru dinhmuna siam, kick emaw vah emaw theih thil kawlkawr hi a ni.",Têl vahin kan lawm.,7,"picture_match,spelling,word_search,tawng_upa,crossword,thumal_kawp,sentence_builder",⚽
word.tel-2,Tel,food,TQ0,draft,pending,pending,"Source: Ujaas (Vartian) Part-1, SCERT Mizoram adult literacy primer. VERIFY spelling-variant: also found as class7:word.tel='têl'(K7), vartian:word.tel='Tel'(TQ0) — confirm distinct words or same word/typo.",cooking oil,Tel chu chaw siamna a hman tui bang thil a ni.,"Bêl-ah tel a buak a, a chhang.",1,"picture_match,spelling,word_search,tawng_upa,crossword,thumal_kawp,sentence_builder",🛢️
word.vuakfung,vuakfung,tools,K7,draft,pending,pending,Source: Kumtluang Class VII (SCERT Mizoram).,wheelchair,Ke luang thei lo emaw kal harsa emaw tan tuahna thlifim hmanrua hi a ni.,Vuakfung hmangin sikulah a kal thin.,7,"picture_match,spelling,word_search,tawng_upa,crossword,thumal_kawp,sentence_builder",♿
word.chhiarkawp,chhiarkawp,community,K7,draft,pending,pending,Source: Kumtluang Class VII (SCERT Mizoram).,a study group,Zirlai zawng zawng inrual a lehkha zir chianna pawl hi a ni.,Chhiarkawp ah lehkha kan zir khawm thin.,7,"word_chain,spelling,word_search,tawng_upa,crossword,sentence_builder",📚
word.tialtial,tial tial,idiom,K7,draft,pending,pending,Source: Kumtluang Class VII (SCERT Mizoram).,"gradually, bit by bit","Zawk zawk, tlem tlemin lo chang zel hi a ni.",A ke a chak ve ta tial tial.,7,"word_chain,spelling,word_search,tawng_upa,crossword,sentence_builder",
word.tulhtulh,tulh tulh,idiom,K7,draft,pending,pending,Source: Kumtluang Class VII (SCERT Mizoram).,"gradually, increasingly","Zawk zawk, belh belhin lo chang zel hi a ni.",A thiam nei tam ta tulh tulh.,7,"word_chain,spelling,word_search,tawng_upa,crossword,sentence_builder",
word.zawi,zâwi,verbs,K7,draft,pending,pending,Source: Kumtluang Class VII (SCERT Mizoram).,to drag (a limb while walking),Ke emaw kut emaw a chak lo avanga rethe zawh hi a ni.,A ke a lo zâwi thin.,7,"word_chain,spelling,word_search,tawng_upa,crossword,sentence_builder",
word.piai,piai,verbs,K7,draft,pending,pending,Source: Kumtluang Class VII (SCERT Mizoram).,to wave (a hand gesture),Kut hmangin ai emaw chibai emaw sawina hi a ni.,A hnuhnung berah chuan an rawn piai a.,7,"word_chain,spelling,word_search,tawng_upa,crossword,sentence_builder",👋
word.thothangtha,thothâng tha,idiom,K7,draft,pending,pending,Source: Kumtluang Class VII (SCERT Mizoram).,to act quickly and effectively,"Thil ti nghal zung zung, tuan ṭha taka thawk hi a ni.",Thothâng ṭha takin a hna a thawk zel.,7,"word_chain,spelling,word_search,tawng_upa,crossword,sentence_builder",
word.dimdawi,dimdawi,verbs,K7,draft,pending,pending,Source: Kumtluang Class VII (SCERT Mizoram).,to tend/care for someone thoroughly,"Fimkhur taka enkawl, duat takin ven hi a ni.",A nau chu dimdawi takin a enkawl.,7,"word_chain,spelling,word_search,tawng_upa,crossword,sentence_builder",
word.ngurchuai,ngurchuai,adjectives,K7,draft,pending,pending,Source: Kumtluang Class VII (SCERT Mizoram).,"careless, irresponsible, reckless","Che muang, tuan nei lo, ngaihdan tha lo hi a ni.",Ngurchuai taka thawh chu a tha lo.,7,"word_chain,spelling,word_search,tawng_upa,crossword,sentence_builder",
word.mangnghilh,mangnghilh,verbs,K7,draft,pending,pending,Source: Kumtluang Class VII (SCERT Mizoram).,"to forget completely, absent-minded","Theihnghilh nasa tak, ngaihtuah loh hi a ni.",A hming ka mangnghilh ta.,7,"word_chain,spelling,word_search,tawng_upa,crossword,sentence_builder",
word.chhah,chhah,adjectives,K7,draft,pending,pending,Source: Kumtluang Class VII (SCERT Mizoram). VERIFY: paired opposite of 'zau' (wide) in a grammar list; precise nuance not independently confirmed.,narrow (VERIFY),"A zau lo, tinreng deuh hi a ni.",Kawng chhah zawnga kan kal a har.,7,"word_chain,spelling,word_search,tawng_upa,crossword,sentence_builder",
word.thuhnuai,thu hnuai,idiom,K7,draft,pending,pending,Source: Kumtluang Class VII (SCERT Mizoram).,"the underlying meaning, implication",Thu sawi emaw ziak emaw hnuaia awm ngaihdan hi a ni.,A thu hnuai a chiang lo va.,7,"word_chain,spelling,word_search,tawng_upa,crossword,sentence_builder",
word.mauh,mauh,values,K7,draft,pending,pending,Source: Kumtluang Class VII (SCERT Mizoram).,a heavy burden (metaphorical),Rilru emaw taksa emaw ah phur rit tak hi a ni.,Mauh nasa tak a phur.,7,"word_chain,spelling,word_search,tawng_upa,crossword,sentence_builder",
word.awmkhauh,awmkhauh,adjectives,K7,draft,pending,pending,Source: Kumtluang Class VII (SCERT Mizoram).,"uneasy, uncomfortable","Hlim taka awm theih lo, buai deuh hi a ni.",Rilru a awmkhauh hle.,7,"word_chain,spelling,word_search,tawng_upa,crossword,sentence_builder",
word.inchhirna,inchhirna,values,K7,draft,pending,pending,Source: Kumtluang Class VII (SCERT Mizoram).,"self-reproach, guilt, regret","Mahni thiltihsual avanga insual, tuar hi a ni.",Inchhirna a tam avangin a rilru a buai.,7,"word_chain,spelling,word_search,tawng_upa,crossword,sentence_builder",
word.hlauhlawp,hlau hlawp,idiom,K7,draft,pending,pending,Source: Kumtluang Class VII (SCERT Mizoram).,fear and dread,"Hlauin thin a lâwm lo, ṭih em em hi a ni.",Hlau hlawpin an awm.,7,"word_chain,spelling,word_search,tawng_upa,crossword,sentence_builder",
word.hrekhrek,hrek hrek,idiom,K7,draft,pending,pending,Source: Kumtluang Class VII (SCERT Mizoram).,"trembling, shaking",Hlau emaw ṭih emaw avanga inen theih lo hi a ni.,An inen hrek hrek a.,7,"word_chain,spelling,word_search,tawng_upa,crossword,sentence_builder",
word.tawntawn,tâwn tâwn,idiom,K7,draft,pending,pending,Source: Kumtluang Class VII (SCERT Mizoram).,"repeatedly, over and over",Vawi tam takin thleng zel hi a ni.,A sen tâwn tâwn mai a.,7,"word_chain,spelling,word_search,tawng_upa,crossword,sentence_builder",
word.nawknawk,nawk nawk,idiom,K7,draft,pending,pending,Source: Kumtluang Class VII (SCERT Mizoram).,"again and again, repeatedly",Vawi tam takin tih let zel hi a ni.,An rûkin an insik nawk nawk bawk a.,7,"word_chain,spelling,word_search,tawng_upa,crossword,sentence_builder",
word.nakalai,nâkalai,idiom,K7,draft,pending,pending,Source: Kumtluang Class VII (SCERT Mizoram). VERIFY: precise temporal nuance uncertain.,around that time / the following day,"Chu hun laia awm, a hnuah nichhun tur hi a ni.",Chutih nâkalai chuan a damlo va.,7,"word_chain,spelling,word_search,tawng_upa,crossword,sentence_builder",
word.fartuah,Farṭuah,nature,K7,draft,pending,pending,Source: Kumtluang Class VII (SCERT Mizoram). VERIFY: exact botanical species uncertain.,a wild pear tree species,"Thing chi khat, thla hrang hrangah par leh rah chhuahtu hi a ni.",Farṭuah par chu a mawi hle.,7,"picture_match,spelling,word_search,tawng_upa,crossword,thumal_kawp,sentence_builder",🌳
word.kaina,kaina,nature,K7,draft,pending,pending,Source: Kumtluang Class VII (SCERT Mizoram). VERIFY: nuance inferred from limited context (boundary/edge of a garden).,a garden fence/hedge boundary,"Sumtual emaw huan emaw kim, veng na hi a ni.",Sumtualan kaina ah pangpar an phun.,7,"picture_match,spelling,word_search,tawng_upa,crossword,thumal_kawp,sentence_builder",
word.thatni,thatni,idiom,K7,draft,pending,pending,Source: Kumtluang Class VII (SCERT Mizoram).,"a day of celebration, a joyous event","Inneih ni te, thil lawm ni te hi a ni.",Thatni chu mi zawng an lawm hle.,7,"word_chain,spelling,word_search,tawng_upa,crossword,sentence_builder",
word.lunglairil,lunglai ril,values,K7,draft,pending,pending,Source: Kumtluang Class VII (SCERT Mizoram).,the innermost part of one's heart,"Thinlung chhungril ber, rilru changtu hi a ni.",Lunglai rilah chuan lungawi tak ka nei.,7,"word_chain,spelling,word_search,tawng_upa,crossword,sentence_builder",
word.sakhmel,sakhmel,body_parts,K7,draft,pending,pending,Source: Kumtluang Class VII (SCERT Mizoram).,"face, countenance","Mihring hmêl, hmai hi a ni.",A sakhmel chu a nuam êm êm.,7,"picture_match,spelling,word_search,tawng_upa,crossword,thumal_kawp,sentence_builder",😊
word.hringfate,hring fate,values,K7,draft,pending,pending,Source: Kumtluang Class VII (SCERT Mizoram).,"human beings, all created/living beings","Mihringte, hringnun neih zawng zawng hi a ni.",Hring fate zawng zawng chu Pathianin an siam.,7,"word_chain,spelling,word_search,tawng_upa,crossword,sentence_builder",
word.liang,liang,traditional_culture,K7,draft,pending,pending,Source: Kumtluang Class VII (SCERT Mizoram). VERIFY culture-sensitive: traditional defensive/craft practice.,a defensive wooden barricade around a house,In emaw thlâm emaw chunga do tura ban chhak leh ban thlang hmawra thing phuar khamphei hi a ni.,Ramsa laka vênghim atan liang an siam.,7,"word_chain,spelling,word_search,tawng_upa,crossword,sentence_builder",
word.thlakip,thla kip,idiom,K7,draft,pending,pending,Source: Kumtluang Class VII (SCERT Mizoram).,"every month, monthly","Thla tin, thla apiang hi a ni.",Thla kip a lo pawi thin.,7,"word_chain,spelling,word_search,tawng_upa,crossword,sentence_builder",
word.sahmim,sahmîm,traditional_culture,K7,draft,pending,pending,Source: Kumtluang Class VII (SCERT Mizoram). VERIFY culture-sensitive: traditional craft item.,a blanket/quilt made from animal fur,"Ipte chi khat, savun hmanga siam hi a ni.",Zan a fim chuan sahmîm kan inbuk.,7,"word_chain,spelling,word_search,tawng_upa,crossword,sentence_builder",
word.latui,latui,idiom,K7,draft,pending,pending,Source: Kumtluang Class VII (SCERT Mizoram).,profuse tears mixed with saliva from intense crying/wailing,La kaiha hmuithala la zai inhlûm hi a ni.,An lungngai avangin latui a chhuak.,7,"word_chain,spelling,word_search,tawng_upa,crossword,sentence_builder",
word.khuanghlang,khuang hlâng,traditional_culture,K7,draft,pending,pending,"Source: Kumtluang Class VII (SCERT Mizoram). VERIFY culture-sensitive: khuangchawi ceremonial practice, route to human culture reviewer.",a ceremonial carrying platform for the khuangchawi lead drummer,Khuang chawi nia chhungkaw nu ber muala an zâwna an sêp kânna hlâng hi a ni.,Khuang hlâng chungah an zâwn a.,7,"word_chain,spelling,word_search,tawng_upa,crossword,sentence_builder",
word.saphai,saphâi,traditional_culture,K7,draft,pending,pending,"Source: Kumtluang Class VII (SCERT Mizoram). VERIFY culture-sensitive: khuavang/spirit-folklore creature, route to human culture reviewer.","a spirit-bird, a mythical talking guardian bird","Sava ang mihmelin lang a, thil hriattir thei thlarau chi hi a ni.",Saphâi chuan an unau chu a hriattir.,7,"word_chain,spelling,word_search,tawng_upa,crossword,sentence_builder",
word.ramchhuak,ramchhuak,animals,K7,draft,pending,pending,Source: Kumtluang Class VII (SCERT Mizoram).,wild game emerging from the forest,"Ram sa, thlifima aṭanga lo chhuak ramsa hi a ni.",Ramchhuak hnung chu an zui ve.,7,"picture_match,spelling,word_search,tawng_upa,crossword,thumal_kawp,sentence_builder",
word.vakvai,vakvai,community,K7,draft,pending,pending,Source: Kumtluang Class VII (SCERT Mizoram).,an orphan (a child without parents),"Nu leh pa hlum tawh, en chhungkuate awm lo hi a ni.",Vakvai nau chu mi zawngin an khawngaih.,7,"word_chain,spelling,word_search,tawng_upa,crossword,sentence_builder",
word.retheih,retheih,adjectives,K7,draft,pending,pending,Source: Kumtluang Class VII (SCERT Mizoram).,"poor, poverty-stricken","Bungrua leh sum tlem, khawsak harsa hi a ni.",Retheih êm êm mai a khawsa.,7,"word_chain,spelling,word_search,tawng_upa,crossword,sentence_builder",
word.chhiahhlawh,chhiahhlawh,traditional_culture,K7,draft,pending,pending,"Source: Kumtluang Class VII (SCERT Mizoram). VERIFY culture-sensitive: traditional social/servitude role, route to human culture reviewer.","a servant, hired helper (historical social role)","Mi dang hnena hna thawk pui, man dawngin enkawl hi a ni.",Chhiahhlawh tan chuan an hnathawh pui thin.,7,"word_chain,spelling,word_search,tawng_upa,crossword,sentence_builder",
word.kep,kêp,verbs,K7,draft,pending,pending,Source: Kumtluang Class VII (SCERT Mizoram).,to carry (a baby) on one's back or side,Nau lian lo tan chuan ban emaw hnung emaw ah put hi a ni.,A nau chu a kêp reng.,7,"word_chain,spelling,word_search,tawng_upa,crossword,sentence_builder",👶
word.kawmchar,kawmchâr,nature,K7,draft,pending,pending,Source: Kumtluang Class VII (SCERT Mizoram).,the wall or side of a house,"In pang, a hmâr lam leh a bên lam hi a ni.",Kawmchâr lamah chuan an bahzâr an siam.,7,"picture_match,spelling,word_search,tawng_upa,crossword,thumal_kawp,sentence_builder",
word.pitar,pitar,traditional_culture,K7,draft,pending,pending,"Source: Kumtluang Class VII (SCERT Mizoram). VERIFY culture-sensitive: khuavang/spirit-folklore creature; exact identity (insect vs. small animal) uncertain, route to human culture reviewer.",a small creature associated with khuavang folklore,"Rannung tê deuh, khuavang thawnthu ah sawi thin hi a ni.",Khuavang pitar tê an tih chu an hria.,7,"word_chain,spelling,word_search,tawng_upa,crossword,sentence_builder",
word.dawr-2,Dawr,places,TQ0,draft,pending,pending,"Source: Ujaas (Vartian) Part-1, SCERT Mizoram adult literacy primer. VERIFY possible duplicate: diacritic-variant of existing word 'dâwr' already in corpus — confirm same word or distinct before import.",shop/store,Dawr chu thil zawrh leh lei nan mi an kal theihna hmun a ni.,"Kan khua-ah dawr pakhat a awm a, chumi ah chuan buhfai te an zawrh.",1,"picture_match,spelling,word_search,tawng_upa,crossword,thumal_kawp",🏪
word.mipui,Mipui,people,TQ0,draft,pending,pending,"Source: Ujaas (Vartian) Part-1, SCERT Mizoram adult literacy primer. VERIFY: exact nuance (public vs. crowd) not fully confirmed from context.",the public / a crowd of people,Mipui chu khawtlanga awm mi zawng zawng kan tih a ni.,"Mipui tam tak an lo kal a, biakin chu an khat vek.",1,"picture_match,spelling,word_search,tawng_upa,crossword,thumal_kawp",
word.thenawm-2,Ṭhenawm,people,TQ0,draft,pending,pending,"Source: Ujaas (Vartian) Part-1, SCERT Mizoram adult literacy primer. Book captions this as plural 'Ṭhenawmte'; singular root form 'Ṭhenawm' used here as the canonical vocabulary entry. VERIFY possible duplicate: diacritic-variant of existing word 'thenawm' already in corpus — confirm same word or distinct before import.",neighbour,Ṭhenawm chu kan in bul velah awm mi kan tih a ni.,Kan ṭhenawm te chu mi ṭha tak an ni.,1,"picture_match,spelling,word_search,tawng_upa,crossword,thumal_kawp,sentence_builder",
word.ipte,Ipte,objects,TQ0,draft,pending,pending,"Source: Ujaas (Vartian) Part-1, SCERT Mizoram adult literacy primer. VERIFY: exact craft/weave term should be checked with a fluent speaker.",traditional woven shoulder bag,Ipte chu puan zianga khaih theih thil put nan hman bag a ni.,"A ipte chu a phei ah a ken a, kawng a kal.",1,"picture_match,spelling,word_search,tawng_upa,crossword,thumal_kawp",👜
word.chempui,Chempui,tools,TQ0,draft,pending,pending,"Source: Ujaas (Vartian) Part-1, SCERT Mizoram adult literacy primer. Distinct from the general 'knife' word; this is a larger cutting tool.",large machete,Chempui chu thing tan leh lo hna thawk nan hmang hriam a ni.,Pa chuan chempui hmangin thing a tan.,1,"picture_match,spelling,word_search,tawng_upa,crossword,thumal_kawp,sentence_builder",🔪
word.diar,Diar,clothing,TQ0,draft,pending,pending,"Source: Ujaas (Vartian) Part-1, SCERT Mizoram adult literacy primer. VERIFY: exact style and occasion of wear unconfirmed.",headscarf/turban,Diar chu lu chunga khan theih puan te chi a ni.,Pu chuan a lu-ah diar a khan.,1,"picture_match,spelling,word_search,tawng_upa,crossword,thumal_kawp,sentence_builder",
word.favah,Favah,tools,TQ0,draft,pending,pending,"Source: Ujaas (Vartian) Part-1, SCERT Mizoram adult literacy primer.",sickle,Favah chu hnahthlak leh buh at nan hmang hriam kekre a ni.,Favah hi lo hnaah kan hmang ṭhin.,1,"picture_match,spelling,word_search,tawng_upa,crossword,thumal_kawp,sentence_builder",
word.chi,Chi,food,TQ0,draft,pending,pending,"Source: Ujaas (Vartian) Part-1, SCERT Mizoram adult literacy primer.",salt,"Chi chu chaw ei theihawm nan hman thil, alkhi tak a ni.","Chi tlem kan hnem a, chaw chu a chhang lo.",1,"picture_match,spelling,word_search,tawng_upa,crossword,thumal_kawp",🧂
word.sana,Sana,objects,TQ0,draft,pending,pending,"Source: Ujaas (Vartian) Part-1, SCERT Mizoram adult literacy primer.",gold,"Sana chu man tam tak nei thil, dawnhak siam nan hman a ni.",A pi chuan sana ngun a khaih.,1,"picture_match,spelling,word_search,tawng_upa,crossword,thumal_kawp,sentence_builder",
word.bur,Bur,objects,TQ0,draft,pending,pending,"Source: Ujaas (Vartian) Part-1, SCERT Mizoram adult literacy primer.",jar/glass bottle,"Bur chu thil dah nan hman hriam, ban tur a ni.",Bur chhungah chuan buhfai a dah.,1,"picture_match,spelling,word_search,tawng_upa,crossword,thumal_kawp,sentence_builder",🫙
word.purun,Purun,food,TQ0,draft,pending,pending,"Source: Ujaas (Vartian) Part-1, SCERT Mizoram adult literacy primer.",onion,Purun chu chaw dahna atan hman hnah-a-umzia bul a ni.,"Nu chuan purun a at a, chaw-ah a dah.",1,"picture_match,spelling,word_search,tawng_upa,crossword,thumal_kawp,sentence_builder",🧅
word.leirawhchan,Leirawhchan,objects,TQ0,draft,pending,pending,"Source: Ujaas (Vartian) Part-1, SCERT Mizoram adult literacy primer.",brick,Leirawhchan chu in siam nan hman leia siam thil a ni.,In sak turin leirawhchan tam tak an lak.,1,"picture_match,spelling,word_search,tawng_upa,crossword,thumal_kawp,sentence_builder",🧱
word.fian,Fian,objects,TQ0,draft,pending,pending,"Source: Ujaas (Vartian) Part-1, SCERT Mizoram adult literacy primer.",spoon,Fian chu chaw ei nan hman hriam a ni.,Fian hmangin chaw a ei.,1,"picture_match,spelling,word_search,tawng_upa,crossword,thumal_kawp,sentence_builder",🥄
word.bulbawk,Bulbawk,food,TQ0,draft,pending,pending,"Source: Ujaas (Vartian) Part-1, SCERT Mizoram adult literacy primer. VERIFY: exact species/local variety unconfirmed.",radish,"Bulbawk chu bulah pot thlai rah, ei theih a ni.","Nu chuan bulbawk a lo lak a, a at.",1,"picture_match,spelling,word_search,tawng_upa,crossword,thumal_kawp,sentence_builder",
word.tuthlawh,Tuthlawh,tools,TQ0,draft,pending,pending,"Source: Ujaas (Vartian) Part-1, SCERT Mizoram adult literacy primer.",hammer,Tuthlawh chu thil vuah leh sun nan hman hriam a ni.,Tuthlawh hmangin thîr a vuah.,1,"picture_match,spelling,word_search,tawng_upa,crossword,thumal_kawp,sentence_builder",🔨
word.lehkhachaih,Lehkhachaih,objects,TQ0,draft,pending,pending,"Source: Ujaas (Vartian) Part-1, SCERT Mizoram adult literacy primer.",kite (flying toy),"Lehkhachaih chu paper leh khuang-a siam, van-ah zuang nan hman thil a ni.",Naupang te chuan lehkhachaih an zuang tir.,1,"picture_match,spelling,word_search,tawng_upa,crossword,thumal_kawp,sentence_builder",🪁
word.bel,Bêl,objects,TQ0,draft,pending,pending,"Source: Ujaas (Vartian) Part-1, SCERT Mizoram adult literacy primer.",cooking pot,Bêl chu chaw chhum nan hman thir hriam a ni.,Bêl chhungah tui a ai.,1,"picture_match,spelling,word_search,tawng_upa,crossword,thumal_kawp,sentence_builder",🍲
word.utawk,Utawk,animals,TQ0,draft,pending,pending,"Source: Ujaas (Vartian) Part-1, SCERT Mizoram adult literacy primer.",frog,"Utawk chu tuia awm thei sahuan te, a khuang thin a ni.",Ruah a sur hian utawk an khuang ve tam.,1,"picture_match,spelling,word_search,tawng_upa,crossword,thumal_kawp,sentence_builder",🐸
word.hauhuk,Hauhuk,animals,TQ0,draft,pending,pending,"Source: Ujaas (Vartian) Part-1, SCERT Mizoram adult literacy primer. VERIFY: confirm this is the standard term for hoolock gibbon.",hoolock gibbon,"Hauhuk chu thingah reng reng awm sahuan, a ban hla tak a ni.",Hauhuk chu thing atanga thing lamah a pem ṭhin.,1,"picture_match,spelling,word_search,tawng_upa,crossword,thumal_kawp,sentence_builder",🐒
word.buk,Buk,objects,TQ0,draft,pending,pending,"Source: Ujaas (Vartian) Part-1, SCERT Mizoram adult literacy primer.",notebook/exercise book,Buk chu ziak nan hman phek awm thil a ni.,Zirtirtu chuan buk-ah min ziaktir.,1,"picture_match,spelling,word_search,tawng_upa,crossword,thumal_kawp,sentence_builder",📓
word.zuang,Zuang,verbs,TQ0,draft,pending,pending,"Source: Ujaas (Vartian) Part-1, SCERT Mizoram adult literacy primer.",to jump,"Zuang chu ke hnihin lam atanga chhuak a, thleng chi te a ni.","Naupang chuan a zuang a, tui-ah a tla.",1,"word_chain,spelling,word_search,tawng_upa,crossword,sentence_builder",
word.ngil,Ngil,verbs,TQ0,draft,pending,pending,"Source: Ujaas (Vartian) Part-1, SCERT Mizoram adult literacy primer.",to forget,"Ngil chu thil hre reng lo, theih loh chi a ni.",A hming ka ngil ta.,1,"word_chain,spelling,word_search,tawng_upa,crossword,sentence_builder",
word.chho,Chho,verbs,TQ0,draft,pending,pending,"Source: Ujaas (Vartian) Part-1, SCERT Mizoram adult literacy primer.",to climb/go up,Chho chu hnuaia atanga chunglam lam panna chi a ni.,Thing chunglamah a chho.,1,"word_chain,spelling,word_search,tawng_upa,crossword,sentence_builder",
word.biak,Biak,verbs,TQ0,draft,pending,pending,"Source: Ujaas (Vartian) Part-1, SCERT Mizoram adult literacy primer.",to worship,Biak chu Pathian lam ngaihsakna leh chibai buk chi a ni.,Sunday tin kan biak in kan kal.,1,"word_chain,spelling,word_search,tawng_upa,crossword,sentence_builder",🙏
word.mawza,Mawza,animals,TQ0,draft,pending,pending,"Source: Ujaas (Vartian) Part-1, SCERT Mizoram adult literacy primer.",rabbit,"Mawza chu beng sei nei, hemel taka tlang sahuan a ni.",Mawza chu anṭam a duh hle.,1,"picture_match,spelling,word_search,tawng_upa,crossword,thumal_kawp,sentence_builder",🐰
word.dal,Dal,food,TQ0,draft,pending,pending,"Source: Ujaas (Vartian) Part-1, SCERT Mizoram adult literacy primer.",lentils/pulses,"Dal chu buh chi kai lo, chhum a, ei theih a ni.","Nu chuan dal a chhum a, kan ei.",1,"picture_match,spelling,word_search,tawng_upa,crossword,thumal_kawp,sentence_builder",🫘
word.bahkhawr,Bahkhawr,food,TQ0,draft,pending,pending,"Source: Ujaas (Vartian) Part-1, SCERT Mizoram adult literacy primer.",bread,"Bahkhawr chu buhfai atanga siam, ei theih thil a ni.",Zing tin bahkhawr leh no ka ei ṭhin.,1,"picture_match,spelling,word_search,tawng_upa,crossword,thumal_kawp,sentence_builder",🍞
word.iskut,Iskut,food,TQ0,draft,pending,pending,"Source: Ujaas (Vartian) Part-1, SCERT Mizoram adult literacy primer.",chayote (chow-chow squash),"Iskut chu hnah tampui nei, thlai rah hring a ni.",Nu chuan iskut a chhum.,1,"picture_match,spelling,word_search,tawng_upa,crossword,thumal_kawp,sentence_builder",
word.vaimim,Vaimim,food,TQ0,draft,pending,pending,"Source: Ujaas (Vartian) Part-1, SCERT Mizoram adult literacy primer.",maize/corn,"Vaimim chu buh chi kai lo hrang tak, buhpui a ni.",Vaimim chu kan seh chho ṭhin.,1,"picture_match,spelling,word_search,tawng_upa,crossword,thumal_kawp,sentence_builder",🌽
word.chini,Chini,food,TQ0,draft,pending,pending,"Source: Ujaas (Vartian) Part-1, SCERT Mizoram adult literacy primer.",sugar,"Chini chu tui leh chaw hnem tur hman a, ropa thil a ni.",No-ah chini ka dah ṭhin.,1,"picture_match,spelling,word_search,tawng_upa,crossword,thumal_kawp,sentence_builder",
word.silai,Silai,objects,TQ0,draft,pending,pending,"Source: Ujaas (Vartian) Part-1, SCERT Mizoram adult literacy primer.",gun/rifle,Silai chu sa vak leh venhimna atana hman hriam a ni.,"Pa chuan silai a keng a, ramah a kal.",1,"picture_match,spelling,word_search,tawng_upa,crossword,thumal_kawp,sentence_builder",
word.darthlalang,Darthlalang,nature,TQ0,draft,pending,pending,"Source: Ujaas (Vartian) Part-1, SCERT Mizoram adult literacy primer.",rainbow,"Darthlalang chu ruah zawh hnua van-ah lang, rawng hrang hrang nei a ni.",Ruah a zawh hnuah darthlalang a lang.,1,"picture_match,spelling,word_search,tawng_upa,crossword,thumal_kawp,sentence_builder",🌈
word.mai-2,Mai,food,TQ0,draft,pending,pending,"Source: Ujaas (Vartian) Part-1, SCERT Mizoram adult literacy primer. VERIFY possible duplicate: diacritic-variant of existing word 'mâi' already in corpus — confirm same word or distinct before import.",pumpkin,"Mai chu bul long, rah lian tak nei thlai a ni.","Nu chuan mai a at a, a chhum.",1,"picture_match,spelling,word_search,tawng_upa,crossword,thumal_kawp,sentence_builder",🎃
word.uchang,Uchang,food,TQ0,draft,pending,pending,"Source: Ujaas (Vartian) Part-1, SCERT Mizoram adult literacy primer. VERIFY: exact species/translation unconfirmed; drawn from an isolated phonics word list without image.",a wild fruit or nut (species unverified),Uchang chu ramah cheng thing rah chi a ni.,Naupang te chuan uchang an va lak ṭhin.,1,"picture_match,spelling,word_search,tawng_upa,crossword,thumal_kawp,sentence_builder",
word.perek,Perek,food,TQ0,draft,pending,pending,"Source: Ujaas (Vartian) Part-1, SCERT Mizoram adult literacy primer. VERIFY translation.",edible fern shoot,"Perek chu ramah cheng thing zung, ei theih a ni.","Nu chuan perek a va lak a, a chhum.",1,"picture_match,spelling,word_search,tawng_upa,crossword,thumal_kawp,sentence_builder",🌿
word.tengte,Tengte,food,TQ0,draft,pending,pending,"Source: Ujaas (Vartian) Part-1, SCERT Mizoram adult literacy primer. VERIFY exact species name.",elephant-apple (a sour fruit used in cooking),"Tengte chu a hai thlum thlai rah, chaw thlum siamna atan hman ṭhin a ni.","Nu chuan tengte a chhum a, a hai.",1,"picture_match,spelling,word_search,tawng_upa,crossword,thumal_kawp,sentence_builder",
word.belthleng,Belthleng,food,TQ0,draft,pending,pending,"Source: Ujaas (Vartian) Part-1, SCERT Mizoram adult literacy primer. VERIFY exact identification.",a leafy vegetable from the pumpkin/squash vine family,"Belthleng chu hnah ei theih, mai zung atanga chhuak a ni.",Nu chuan belthleng a chhum.,1,"picture_match,spelling,word_search,tawng_upa,crossword,thumal_kawp,sentence_builder",
word.thirbel,Thirbel,objects,TQ0,draft,pending,pending,"Source: Ujaas (Vartian) Part-1, SCERT Mizoram adult literacy primer. VERIFY exact distinction from plain 'bêl'.",metal cooking pot,Thirbel chu thir-a siam bêl a ni.,Thirbel-ah chaw a chhum.,1,"picture_match,spelling,word_search,tawng_upa,crossword,thumal_kawp,sentence_builder",
word.tuium,Tui um,objects,TQ0,draft,pending,pending,"Source: Ujaas (Vartian) Part-1, SCERT Mizoram adult literacy primer. VERIFY compound spelling/usage.",water pot/jar,Tui um chu tui dah nan hman thil a ni.,Tui um chu tuikhurah a khai.,1,"picture_match,spelling,word_search,tawng_upa,crossword,thumal_kawp,sentence_builder",🏺
word.chana,Chana,food,TQ0,draft,pending,pending,"Source: Ujaas (Vartian) Part-1, SCERT Mizoram adult literacy primer.",chickpeas,"Chana chu chi hrang, chhum leh ei theih a ni.",Nu chuan chana a chhum.,1,"picture_match,spelling,word_search,tawng_upa,crossword,thumal_kawp,sentence_builder",
word.chawtani,Chawtani,objects,TQ0,draft,pending,pending,"Source: Ujaas (Vartian) Part-1, SCERT Mizoram adult literacy primer. VERIFY: meaning inferred from a book riddle ('ha ka nei a, mi ka seh thei lo' = 'I have teeth but cannot bite'); not fully confirmed.",comb,Chawtani chu sam chikna atan hman thil a ni.,Chawtani hmangin a sam a chik.,1,"picture_match,spelling,word_search,tawng_upa,crossword,thumal_kawp,sentence_builder",
word.berul,Berul,objects,TQ0,draft,pending,pending,"Source: Ujaas (Vartian) Part-1, SCERT Mizoram adult literacy primer. VERIFY exact meaning and traditional usage.",a gourd used as a water container,"Berul chu berul thlai a kang tirin, tui dah nan hman a ni.",Sialah tui chu berul-ah an dah ṭhin.,1,"picture_match,spelling,word_search,tawng_upa,crossword,thumal_kawp,sentence_builder",
word.zikhlum,Zikhlum,food,TQ0,draft,pending,pending,"Source: Ujaas (Vartian) Part-1, SCERT Mizoram adult literacy primer. VERIFY strongly: drawn from an isolated phonics list without image or further context.",a leafy vegetable (exact species unverified),Zikhlum chu hnah ei theih chi pakhat a ni.,Nu chuan zikhlum a chhum.,1,"picture_match,spelling,word_search,tawng_upa,crossword,thumal_kawp,sentence_builder",
word.phengphehlep-2,Phengphehlep,food,TQ0,draft,pending,pending,"Source: Ujaas (Vartian) Part-1, SCERT Mizoram adult literacy primer. VERIFY strongly: appears in a kitchen-items word list (p.46); exact identification not confirmed. VERIFY possible duplicate: diacritic-variant of existing word 'phêngphehlep' already in corpus — confirm same word or distinct before import.",a kitchen/food item (exact identification unverified),Phengphehlep chu chaw dahna atan hman thil chi pakhat a ni.,"A hming ka hre chiang famkim lo, mahse chaw dahna a hman ṭhin tih ka hria.",1,"picture_match,spelling,word_search,tawng_upa,crossword,thumal_kawp",
word.chhuatphah,Chhuatphah,food,TQ0,draft,pending,pending,"Source: Ujaas (Vartian) Part-1, SCERT Mizoram adult literacy primer. VERIFY strongly: appears in a kitchen-items word list (p.46); exact identification not confirmed.",a kitchen/food item (exact identification unverified),Chhuatphah chu chaw siamna-ah hman thil chi pakhat a ni.,A hming ka hre chiang famkim lo.,1,"picture_match,spelling,word_search,tawng_upa,crossword,thumal_kawp,sentence_builder",
word.kawtthler,Kawtthler,places,TQ0,draft,pending,pending,"Source: Ujaas (Vartian) Part-1, SCERT Mizoram adult literacy primer. VERIFY: image on p.4 shows a cluster of houses/shops; exact translation not confirmed.",a cluster of shops/houses (village row); exact sense unverified,Kawtthler chu in leh dawr tam tak khata awm hmun a ni.,Kawtthler-ah dawr hrang hrang an awm.,1,"picture_match,spelling,word_search,tawng_upa,crossword,thumal_kawp,sentence_builder",
word.emping,Emping,objects,TQ0,draft,pending,pending,"Source: Ujaas (Vartian) Part-1, SCERT Mizoram adult literacy primer. VERIFY: exact form/use (basket vs. hat) unconfirmed.",a woven bamboo container or hat (exact form unverified),"Emping chu mau-a siam, thil put emawa khan theih thil a ni.",Emping chu tui hnuaiah min khan sak ṭhin.,1,"picture_match,spelling,word_search,tawng_upa,crossword,thumal_kawp,sentence_builder",
word.thingkung,Thingkung,nature,TQ0,draft,pending,pending,"Source: Ujaas (Vartian) Part-1, SCERT Mizoram adult literacy primer.",tree trunk/stump,"Thingkung chu thing hnuaipui, a bul a ni.",Thingkung chunga chuan naupang te an ṭhu.,1,"picture_match,spelling,word_search,tawng_upa,crossword,thumal_kawp,sentence_builder",🪵
word.chhang,Chhang,food,TQ0,draft,pending,pending,"Source: Ujaas (Vartian) Part-1, SCERT Mizoram adult literacy primer. VERIFY strongly: appears beside 'vaimim' (maize) in a spelling drill list; could instead be a different part of speech, not confirmed as this noun sense.",a type of grain or crop (exact species unverified),"Chhang chu buh chi pakhat a ni tih ka hria, mahse a chiang famkim lo.",Chhang chu lo-ah kan tuh ṭhin.,1,"picture_match,spelling,word_search,tawng_upa,crossword,thumal_kawp,sentence_builder",
word.lawngpar,Lawngpar,nature,TQ0,draft,pending,pending,"Source: Ujaas (Vartian) Part-1, SCERT Mizoram adult literacy primer. VERIFY strongly.",a flowering plant (exact species unverified),Lawngpar chu pangpar chi pakhat a ni.,Lawngpar chu a rawng a ṭha hle.,1,"picture_match,spelling,word_search,tawng_upa,crossword,thumal_kawp,sentence_builder",🌸
word.fu-2,Fu,food,TQ0,draft,pending,pending,"Source: Ujaas (Vartian) Part-1, SCERT Mizoram adult literacy primer. VERIFY: may overlap with the separately-known word 'fû' (chaff/husk); this book's diacritic is unclear, please confirm exact meaning. VERIFY possible duplicate: diacritic-variant of existing word 'fû' already in corpus — confirm same word or distinct before import.",flour,"Fu chu buhfai vuah chhehin siam, chaw siamna a hman thil a ni.",Nu chuan fu hmangin bahkhawr a siam.,1,"picture_match,spelling,word_search,tawng_upa,crossword,thumal_kawp,sentence_builder",
word.nawlhbawk,Nawlhbawk,objects,TQ0,draft,pending,pending,"Source: Ujaas (Vartian) Part-1, SCERT Mizoram adult literacy primer. VERIFY exact spelling.",matchstick,Nawlhbawk chu mei kap nan hman thil a ni.,Nawlhbawk hmangin mei a kap.,1,"picture_match,spelling,word_search,tawng_upa,crossword,thumal_kawp,sentence_builder",
word.zawngte-2,Zâwngte,animals,TQ0,draft,pending,pending,"Source: Ujaas (Vartian) Part-1, SCERT Mizoram adult literacy primer. VERIFY: distinguish from the verb 'zawng' (to search); confirm this is the standard noun for monkey. VERIFY possible duplicate: diacritic-variant of existing word 'zawngte' already in corpus — confirm same word or distinct before import.",monkey,"Zâwngte chu thingah reng reng awm, kut leh ke hmanga pem chi sahuan a ni.",Zâwngte chu thing atanga thing lamah an pem.,1,"picture_match,spelling,word_search,tawng_upa,crossword,thumal_kawp,sentence_builder",🐵
word.hlimhla,Hlimhla,nature,TQ0,draft,pending,pending,"Source: Ujaas (Vartian) Part-1, SCERT Mizoram adult literacy primer. VERIFY heavily: meaning inferred only from a riddle answer ('ka zui reng che a, mahse min khawih thei lo' = 'I always follow you but you cannot catch me'); could plausibly mean 'shadow' but this is not confirmed and may be wrong.","possibly ""shadow"" (uncertain; inferred from a riddle)","Hlimhla an sawi dan chuan mi zui reng a, khawih theih a ni lo.",Ni a chhuak hian ka hlimhla a lo lang.,1,"word_chain,spelling,word_search,tawng_upa,crossword,sentence_builder",
word.intihhlimna,Intihhlimna,places,TQ0,draft,pending,pending,"Source: Ujaas (Vartian) Part-1, SCERT Mizoram adult literacy primer. VERIFY exact scope (activity vs. place).",entertainment/amusement (fairground activities),Intihhlimna chu lawmna leh hlimna siamna atana thil tih a ni.,Kut ni chuan intihhlimna hmun kan pan ṭhin.,1,"picture_match,spelling,word_search,tawng_upa,crossword,thumal_kawp,sentence_builder",🎡
word.pipu,Pipu,objects,TQ0,draft,pending,pending,"Source: Ujaas (Vartian) Part-1, SCERT Mizoram adult literacy primer.",swing (playground equipment),Pipu chu naupang ten an insawi nan hman puitling hriam a ni.,Naupang te chuan pipu an insawi.,1,"picture_match,spelling,word_search,tawng_upa,crossword,thumal_kawp,sentence_builder",
word.lirthei,Lirthei,objects,TQ0,draft,pending,pending,"Source: Ujaas (Vartian) Part-1, SCERT Mizoram adult literacy primer. VERIFY exact scope (car specifically vs. vehicle generally).",vehicle/car (generic term),"Lirthei chu kawngah lam theih thil siam, mi leh thil chawi thei a ni.",Lirthei chuan kawngah a lam.,1,"picture_match,spelling,word_search,tawng_upa,crossword,thumal_kawp,sentence_builder",🚗
word.inawmlemna,Inawmlemna,objects,TQ0,draft,pending,pending,"Source: Ujaas (Vartian) Part-1, SCERT Mizoram adult literacy primer.",toys,Inawmlemna chu naupang ten an insawi nan hman thil te a ni.,Naupang chuan a inawmlemna te chu a hmangaih hle.,1,"picture_match,spelling,word_search,tawng_upa,crossword,thumal_kawp,sentence_builder",🧸
word.tawlailir,Tawlailir,objects,TQ0,draft,pending,pending,"Source: Ujaas (Vartian) Part-1, SCERT Mizoram adult literacy primer. VERIFY exact type of ride.",swing/seesaw ride,"Tawlailir chu insawi nan hman puitling, tui chunga khan pahnih insawi thei chi a ni.",Naupang te chuan tawlailirah an insawi.,1,"picture_match,spelling,word_search,tawng_upa,crossword,thumal_kawp,sentence_builder",
word.aurinna,Au rinna,objects,TQ0,draft,pending,pending,"Source: Ujaas (Vartian) Part-1, SCERT Mizoram adult literacy primer. VERIFY exact scope (microphone vs. megaphone/loudspeaker).",microphone or loudspeaker,Au rinna chu aw thlen chhoh nan hman thil a ni.,Zirtirtu chuan au rinna hmangin thu a hril.,1,"picture_match,spelling,word_search,tawng_upa,crossword,thumal_kawp,sentence_builder",🎤
word.dakbawm,Dak bawm,objects,TQ0,draft,pending,pending,"Source: Ujaas (Vartian) Part-1, SCERT Mizoram adult literacy primer.",postbox,"Dak bawm chu lehkhathawn dah nan hman bawm, kawng kama dah tak a ni.",Lehkhathawn chu dak bawm-ah ka dah.,1,"picture_match,spelling,word_search,tawng_upa,crossword,thumal_kawp,sentence_builder",📮
word.dakin,Dak in,places,TQ0,draft,pending,pending,"Source: Ujaas (Vartian) Part-1, SCERT Mizoram adult literacy primer.",post office,Dak in chu lehkhathawn hrilhfiah leh thawn theihna hmun a ni.,Dak in-ah lehkhathawn ka thawn.,1,"picture_match,spelling,word_search,tawng_upa,crossword,thumal_kawp,sentence_builder",🏤
word.zawrhna,Zawrhna,places,TQ0,draft,pending,pending,"Source: Ujaas (Vartian) Part-1, SCERT Mizoram adult literacy primer. VERIFY: this is a productive suffix root seen in the compound 'Thei zawrhna' (fruit stall) rather than a standalone labelled word; confirm standalone usage.","a selling place (stall/shop, root word)",Zawrhna chu thil zawrh theihna hmun a ni.,Thei zawrhna-ah theihai kan lei.,1,"word_chain,spelling,word_search,tawng_upa,crossword,sentence_builder",
word.kawi,Kawi,objects,TQ0,draft,pending,pending,"Source: Ujaas (Vartian) Part-1, SCERT Mizoram adult literacy primer. VERIFY strongly: image shows small black stones/lumps; exact meaning unconfirmed.",charcoal or a dark stone (exact meaning unverified),"Kawi an tih chu lung dum emaw mei-al chi pakhat a ni tih ka hria, mahse a chiang famkim lo.",Kawi hi mei kapna atan an hman ṭhin.,1,"picture_match,spelling,word_search,tawng_upa,crossword,thumal_kawp,sentence_builder",
