candidate_id,canonical_form,seed_category,tq_level,status,language_review,learning_review,notes,english_gloss,meaning_mizo,example_mizo,difficulty,game_modes,emoji
word.khuang,khuang,culture-instrument,TQ7,draft,pending,pending,Source: Kumtluang Class VII (SCERT Mizoram),drum,"Mizote rimawi hmanrua, vuak chi, hnathawh leh biak inah hman ṭhin.",Kum kal khuang hi chai laiin an vuak ṭhin.,7,"word_chain,picture_match,spelling,word_search,tawng_upa,crossword,thumal_kawp,sentence_builder",🥁
word.khuangpui,khuangpui,culture-instrument,TQ7,draft,pending,pending,Source: Kumtluang Class VII (SCERT Mizoram),big drum,"Khuang chi zinga a lian ber, khuangtê nen an danglam.",Khuangpui aw hi khawpui puiah an hria thei ṭhin.,7,"word_chain,picture_match,spelling,word_search,tawng_upa,crossword,thumal_kawp,sentence_builder",🥁
word.khuangte,khuangtê,culture-instrument,TQ7,draft,pending,pending,Source: Kumtluang Class VII (SCERT Mizoram),small drum,"Khuang chi te, khuangpui aiin a tê zawk.",Naupangte hian khuangtê an vuak thiam thin.,7,"word_chain,picture_match,spelling,word_search,tawng_upa,crossword,thumal_kawp,sentence_builder",🥁
word.khuanglai,khuanglai,culture-instrument,TQ7,draft,pending,pending,Source: Kumtluang Class VII (SCERT Mizoram),medium-sized drum,"Khuang chi khat, khuangpui leh khuangtê zawnga a zatna a awm.",Khuanglai hi a aw a duai hle.,7,"word_chain,picture_match,spelling,word_search,tawng_upa,crossword,thumal_kawp,sentence_builder",🥁
word.dar,dâr,culture-instrument,TQ7,draft,pending,pending,Source: Kumtluang Class VII (SCERT Mizoram),gong (flat metal disc instrument),"Thir hmanga siam rimawi hmanrua, tumin an tum ṭhin.",Chatuan dâr hi Mizote hmanraw langsar tak a ni.,7,"word_chain,picture_match,spelling,word_search,tawng_upa,crossword,thumal_kawp,sentence_builder",🔔
word.darkhuang,darkhuang,culture-instrument,TQ7,draft,pending,pending,Source: Kumtluang Class VII (SCERT Mizoram),large gong,"Dâr chi zinga a lian ber, khuang nen an vuak ve ṭhin.",Darkhuang aw hi a chak hle.,7,"word_chain,picture_match,spelling,word_search,tawng_upa,crossword,thumal_kawp,sentence_builder",🔔
word.darbu,darbu,culture-instrument,TQ7,draft,pending,pending,Source: Kumtluang Class VII (SCERT Mizoram),a type of small gong,"Dâr chi khat, darkhuang aiin a tê zawk.",Darbu hi an tum tel ṭhin.,7,"word_chain,spelling,word_search,tawng_upa,crossword,sentence_builder",
word.bengbung,bengbung,culture-instrument,TQ7,draft,pending,pending,Source: Kumtluang Class VII (SCERT Mizoram),bamboo clapper percussion,"Thing emaw banrêk emaw hmanga siam, khawna ri siam tura hman.",Zaia lawmna atan bengbung an hman ṭhin.,7,"word_chain,spelling,word_search,tawng_upa,crossword,sentence_builder",
word.talhkuang,talhkuang,culture-instrument,TQ7,draft,pending,pending,Source: Kumtluang Class VII (SCERT Mizoram),a bamboo percussion instrument,Bengbung ang bawka thing hmanga siam khawn rimawi.,Talhkuang hi bengbung ang bawk a ni.,7,"word_chain,spelling,word_search,tawng_upa,crossword,sentence_builder",
word.seki,seki,culture-instrument,TQ7,draft,pending,pending,Source: Kumtluang Class VII (SCERT Mizoram),buffalo-horn wind instrument,Sechal ki hmanga siam khawn rik hmanrua.,Seki chu a khawn rik hian mite an hria thin.,7,"word_chain,picture_match,spelling,word_search,tawng_upa,crossword,thumal_kawp",📯
word.rawchhem,rawchhem,culture-instrument,TQ7,draft,pending,pending,Source: Kumtluang Class VII (SCERT Mizoram),Mizo reed wind instrument (bagpipe-like),"Ham chi khat, khawn hmanga khawn thin.",Rawchhem khawn ri hi a duai tak a ni.,7,"word_chain,spelling,word_search,tawng_upa,crossword,sentence_builder",
word.tumphit,tumphît,culture-instrument,TQ7,draft,pending,pending,Source: Kumtluang Class VII (SCERT Mizoram),a bamboo flute,"Ham chi khat, khawn hmanga a aw chhuak.",Tumphît khawn ri chu a nuam hle.,7,"word_chain,spelling,word_search,tawng_upa,crossword,sentence_builder",
word.phenglawng,phênglâwng,culture-instrument,TQ7,draft,pending,pending,Source: Kumtluang Class VII (SCERT Mizoram),a wind (flute) instrument,"Ham chi khat, khawn hmanga hman.",Phênglâwng hi a khawn dan a har lo.,7,"word_chain,spelling,word_search,tawng_upa,crossword,sentence_builder",
word.buhkuang,buhkuang,culture-instrument,TQ7,draft,pending,pending,Source: Kumtluang Class VII (SCERT Mizoram),hollow bamboo tube instrument,"Ham chi khat, khawn rimawi atan hman.",Buhkuang aw hi a duai tak a ni.,7,"word_chain,spelling,word_search,tawng_upa,crossword,sentence_builder",
word.hnahtum,hnahtum,culture-instrument,TQ7,draft,pending,pending,Source: Kumtluang Class VII (SCERT Mizoram),leaf whistle,Hnah hmanga siam khawn thei rimawi.,Naupangte hian hnahtum khawn an duh hle.,7,"word_chain,spelling,word_search,tawng_upa,crossword,sentence_builder",
word.tingtang,tingṭang,culture-instrument,TQ7,draft,pending,pending,Source: Kumtluang Class VII (SCERT Mizoram),traditional bow-stringed instrument,"Hrui nei rimawi hmanrua, chi thum zingah pakhat a ni.",Tunlai naupangte tam tak chuan tingṭang tumdan an hre lo tawh.,7,"word_chain,spelling,word_search,tawng_upa,crossword",🎻
word.lemlawi,lemlawi,culture-instrument,TQ7,draft,pending,pending,Source: Kumtluang Class VII (SCERT Mizoram),a traditional bow-stringed instrument,"Hrui nei rimawi hmanrua, hmeichhia chauhvin an tum ṭhin.",Lemlawi tum hi a duai êm êm.,7,"word_chain,spelling,word_search,tawng_upa,crossword,sentence_builder",
word.khuangchawi,khuangchawi,culture-tradition,TQ7,draft,pending,pending,"Source: Kumtluang Class VII (SCERT Mizoram). VERIFY: culture-sensitive, route to human culture reviewer.",grand community honor-feast,"Mizote hmanlai khawtlang chawimawina lian tak, hausakna leh thiamna a ngaih tel.",Khuangchawi hi an khua puia a lian ber a ni ang.,7,"word_chain,spelling,word_search,tawng_upa,crossword",
word.nungcha,nungcha,nature-wildlife,TQ7,draft,pending,pending,Source: Kumtluang Class VII (SCERT Mizoram),"wildlife, living creature","Ram leh tuia awm chi hrang hrang, hringnun nei thil.",Nungcha chi hrang hrang kan ramah an awm.,7,"word_chain,spelling,word_search,tawng_upa,crossword,sentence_builder",
word.ramsa,ramsa,nature-wildlife,TQ7,draft,pending,pending,Source: Kumtluang Class VII (SCERT Mizoram),wild animal,Ramah awm sa emaw ran emaw.,Ramsa chu ramhnuaia awm mumal a ni.,7,"word_chain,picture_match,spelling,word_search,tawng_upa,crossword,thumal_kawp,sentence_builder",🦌
word.sazu,sazu,nature-wildlife,TQ7,draft,pending,pending,Source: Kumtluang Class VII (SCERT Mizoram),deer,"Ramhnuaia awm sa chi khat, a ke lam a tlanna ṭha.",Sazu chu a tlanna a chak hle.,7,"word_chain,picture_match,spelling,word_search,tawng_upa,crossword,thumal_kawp,sentence_builder",🦌
word.rul,rûl,nature-wildlife,TQ7,draft,pending,pending,Source: Kumtluang Class VII (SCERT Mizoram),snake,"Ke nei lo, lei chunga vak ran chi khat.",Rûl chu ramhnuaiah kan hmu ṭhin.,7,"word_chain,picture_match,spelling,word_search,tawng_upa,crossword,thumal_kawp,sentence_builder",🐍
word.mu,mû,nature-wildlife,TQ7,draft,pending,pending,Source: Kumtluang Class VII (SCERT Mizoram),hawk / eagle,"Sava chi khat, tuar chungah leng zel a, ran a man ṭhin.",Mû chu tuar chunga leng ṭhin sava a ni.,7,"word_chain,picture_match,spelling,word_search,tawng_upa,crossword,thumal_kawp,sentence_builder",🦅
word.sakei,sakei,nature-wildlife,TQ7,draft,pending,pending,Source: Kumtluang Class VII (SCERT Mizoram),tiger / leopard,"Ramhnuaia awm sa hlauhawm tak, sa dang a phatsan ṭhin.",Sakei chu ram lianah an awm ṭhin.,7,"word_chain,picture_match,spelling,word_search,tawng_upa,crossword,thumal_kawp,sentence_builder",🐅
word.changpatin,changpâtin,nature-wildlife,TQ7,draft,pending,pending,Source: Kumtluang Class VII (SCERT Mizoram),chameleon,A vun a danglamin thil danga ang a nih theih ran tê.,Changpâtin chu a vun a dang thei famkim êm êm.,7,"word_chain,picture_match,spelling,word_search,tawng_upa,crossword,thumal_kawp",
word.hreuh,hreuh,nature-wildlife,TQ7,draft,pending,pending,Source: Kumtluang Class VII (SCERT Mizoram),nest,Sava emaw ran emaw awmna tur siam.,Sava chuan thingzâr chunga hreuh a siam.,7,"word_chain,spelling,word_search,tawng_upa,crossword,sentence_builder",🪹
word.chhungril,chhungril,nature-wildlife,TQ7,draft,pending,pending,Source: Kumtluang Class VII (SCERT Mizoram),"burrow, den",Ram lei nuaia siam awmna khur.,Sazu emaw ramsa emaw chuan chhungril an nei ṭhin.,7,"word_chain,spelling,word_search,tawng_upa,crossword,sentence_builder",
word.bahra,bahra,culture-animal,TQ7,draft,pending,pending,Source: Kumtluang Class VII (SCERT Mizoram),goat,"In vela vuak ṭhin ran, sa an ei thei.",Kan bahra hi zing tinin an lai ṭhin.,7,"word_chain,picture_match,spelling,word_search,tawng_upa,crossword,thumal_kawp,sentence_builder",🐐
word.changelasawibelang,changêla sâwi bêl ang,idiom,TQ7,draft,pending,pending,Source: Kumtluang Class VII (SCERT Mizoram),to stubbornly refuse to change one's stance,"Duhthu ang maiin thu insual lo, a ngaih dan aṭanga hnawt thei lo.",A pa chu changêla sâwi bêl ang a nih avangin engmah kan hril thei lo.,7,"word_chain,spelling,word_search,tawng_upa,crossword",
word.fanghmanoei,fanghma no ei,idiom,TQ7,draft,pending,pending,Source: Kumtluang Class VII (SCERT Mizoram),to spend recklessly (splurge),Naktuk ngaihtuah lovin sum leh pai hman chhuah zel.,Sum a neih apiangin fanghma no ei ang a mamawh a leibawk zel.,7,"word_chain,spelling,word_search,tawng_upa,crossword",
word.hnunglamamitneiang,hnung lama mit nei ang,idiom,TQ7,draft,pending,pending,Source: Kumtluang Class VII (SCERT Mizoram),to have foresight (lit. eyes at the back),"A tawp thil thleng dawn hre lova, hmalam ngaihtuah thiam tihna.",Kan pi leh pute chu hnung lama mit nei ang an ni.,7,"word_chain,spelling,word_search,tawng_upa,crossword",
word.khuangcherbo,khuangcher bo,idiom,TQ7,draft,pending,pending,Source: Kumtluang Class VII (SCERT Mizoram),to become confused / lose composure,Rilru buai avanga engmah hriat theih loh ang danga awm.,Chhiatna a thlen chuan khuangcher bo ang a lo ni ta.,7,"word_chain,spelling,word_search,tawng_upa,crossword",
word.laikingfaneih,laiking fa neih,idiom,TQ7,draft,pending,pending,"Source: Kumtluang Class VII (SCERT Mizoram). VERIFY: culture-sensitive, route to human culture reviewer.",to have a child out of wedlock,Nupui pasal loh laia fa neih.,Khawtlangin laiking fa neih chu an rin duh lo.,7,"word_chain,spelling,word_search,tawng_upa,crossword,sentence_builder",
word.thiamna,thiamna,abstract-value,TQ7,draft,pending,pending,Source: Kumtluang Class VII (SCERT Mizoram),"skill, expertise",Thil siam theihna leh hriatna.,A thiamna avangin an chhungkuo ei tur an nei ve zel.,7,"word_chain,spelling,word_search,tawng_upa,crossword",
word.rinawmna,rinawmna,abstract-value,TQ7,draft,pending,pending,Source: Kumtluang Class VII (SCERT Mizoram),"trustworthiness, honesty",Sawi tawh thu leh thu chah hi taimain zawmna.,Rinawmna nei mi chu mi zawng zawngin an hmangaih ṭhin.,7,"word_chain,spelling,word_search,tawng_upa,crossword",
word.dikna,dikna,abstract-value,TQ7,draft,pending,pending,Source: Kumtluang Class VII (SCERT Mizoram),"righteousness, correctness",Thil dik taka tih emaw sawi emaw.,Dikna zawng chu nun that a ni.,7,"word_chain,spelling,word_search,tawng_upa,crossword,sentence_builder",
word.vanneihna,vanneihna,abstract-value,TQ7,draft,pending,pending,Source: Kumtluang Class VII (SCERT Mizoram),"fortune, luck",Beisei lo taka thil ṭha thleng.,A vanneihna avangin lawmman a dawng ta.,7,"word_chain,spelling,word_search,tawng_upa,crossword,sentence_builder",
word.hlimna,hlimna,abstract-value,TQ7,draft,pending,pending,Source: Kumtluang Class VII (SCERT Mizoram),"joy, happiness",Lungawi tak nun hmangna.,Kan chhungkuoah hlimna a lo awm ṭhin.,7,"word_chain,spelling,word_search,tawng_upa,crossword,sentence_builder",
word.thianghlimna,thianghlimna,abstract-value,TQ7,draft,pending,pending,Source: Kumtluang Class VII (SCERT Mizoram),"purity, cleanliness of heart","Rilru leh nun a chhia lo, thil ṭha zawng ngaihna.",Thianghlimna hi hnam tinin an duh a ni.,7,"word_chain,spelling,word_search,tawng_upa,crossword,sentence_builder",
word.sualna,sualna,abstract-value,TQ7,draft,pending,pending,Source: Kumtluang Class VII (SCERT Mizoram),"sin, wrongdoing",Dik lo tih emaw sawi emaw.,Sualna zawng chu tuar tur a lo ni ṭhin.,7,"word_chain,spelling,word_search,tawng_upa,crossword,sentence_builder",
word.huaina,huaina,abstract-value,TQ7,draft,pending,pending,Source: Kumtluang Class VII (SCERT Mizoram),"dignity, greatness of character",Mi zahawm leh thusawi taka awm dan.,A huaina avangin mite'n an ngaipawimawh a.,7,"word_chain,spelling,word_search,tawng_upa,crossword,sentence_builder",
word.remna,remna,abstract-value,TQ7,draft,pending,pending,Source: Kumtluang Class VII (SCERT Mizoram),"peace, reconciliation",Inhmelhrei lo taka awm inawmna.,Hmelma leh remna kan zawng tlat a ngai.,7,"word_chain,spelling,word_search,tawng_upa,crossword,sentence_builder",
word.enthla,enthla,abstract-action,TQ7,draft,pending,pending,Source: Kumtluang Class VII (SCERT Mizoram),"to test, examine",Mi thiamna emaw dikna emaw hriat tura sim.,Zirtirtuin naupangte an enthla ṭhin.,7,"word_chain,spelling,word_search,tawng_upa,crossword,sentence_builder",
word.inthlahna,inthlahna,abstract-noun,TQ7,draft,pending,pending,Source: Kumtluang Class VII (SCERT Mizoram),"competition, contest",Tu chak zawk nge tih hriat tura inelna.,Inthlahna hian mite thiamna a puang chhuak ṭhin.,7,"word_chain,spelling,word_search,tawng_upa,crossword,sentence_builder",
word.insik,insik,abstract-emotion,TQ7,draft,pending,pending,Source: Kumtluang Class VII (SCERT Mizoram),"shyness, embarrassment","Mi hmaah awm a har, zak dan.",Naupang tam takin an insik ṭhin sikul thar an lut hun chuan.,7,"word_chain,spelling,word_search,tawng_upa,crossword",
word.fuih,fuih,abstract-action,TQ7,draft,pending,pending,Source: Kumtluang Class VII (SCERT Mizoram),"to persuade, coax",Mi rilru danglamtir tura thu sawi.,A u chuan a fapa chu lehkha zir tura a fuih ṭhin.,7,"word_chain,spelling,word_search,tawng_upa,crossword",
word.thawipik,thaw ipik,abstract-value,TQ7,draft,pending,pending,Source: Kumtluang Class VII (SCERT Mizoram),"laziness, procrastination","Hna tih hmasak lo, tuk lai zawnga ngâm zel.",Thaw ipik avangin homework a zo ve lo.,7,"word_chain,spelling,word_search,tawng_upa,crossword,sentence_builder",
word.thawhrah,thawh rah,abstract-noun,TQ7,draft,pending,pending,Source: Kumtluang Class VII (SCERT Mizoram),the fruit/result of one's effort,Hna thawk atanga chhuah lawmman emaw hmasawnna emaw.,Zirna nasa taka an thawh rah chu pass tihna a ni.,7,"word_chain,spelling,word_search,tawng_upa,crossword",
word.suangtuah,suangtuah,abstract-action,TQ7,draft,pending,pending,Source: Kumtluang Class VII (SCERT Mizoram),"to plan, scheme",Thil tih hmasaa rilru siam ṭhin.,A malsawmna dawng nan a suangtuah zel.,7,"word_chain,spelling,word_search,tawng_upa,crossword,sentence_builder",
word.lungkham,lungkham,abstract-emotion,TQ7,draft,pending,pending,Source: Kumtluang Class VII (SCERT Mizoram),"sorrow, worry","Rilru natna, ngaihdan hahdam lohna.",A pi damlo avangin lungkham a lo ni.,7,"word_chain,spelling,word_search,tawng_upa,crossword,sentence_builder",
word.phurrit,phur rit,abstract-noun,TQ7,draft,pending,pending,Source: Kumtluang Class VII (SCERT Mizoram),"heavy responsibility, burden",Tuar tur emaw thawk tur emaw a rit taka awm.,Naupang enkawlna hi nu leh pa phur rit a ni.,7,"word_chain,spelling,word_search,tawng_upa,crossword",
word.tawpintai,tawpintai,abstract-emotion,TQ7,draft,pending,pending,Source: Kumtluang Class VII (SCERT Mizoram),regret,Thil tih sual avanga rilru natna.,"Zirna a hnawlin, tawpintai chungin a chang ta.",7,"word_chain,spelling,word_search,tawng_upa,crossword,sentence_builder",
word.chi-ai,chi-ai,abstract-emotion,TQ7,draft,pending,pending,Source: Kumtluang Class VII (SCERT Mizoram),"shame, embarrassment",Mi hmaah zahthlak taka awm dan.,A sual avangin chi-ai a ti hle a.,7,"word_chain,spelling,word_search,tawng_upa,crossword,sentence_builder",
word.hlauthawng,hlauthawng,abstract-emotion,TQ7,draft,pending,pending,Source: Kumtluang Class VII (SCERT Mizoram),"startled, panicked",Thil chhuak lo ngaihtuah lova hriatin lau taka awm.,Aw ngir lien a hriat veleh a hlauthawng ta.,7,"word_chain,spelling,word_search,tawng_upa,crossword,sentence_builder",
word.hrehawm,hrehawm,abstract-value,TQ7,draft,pending,pending,Source: Kumtluang Class VII (SCERT Mizoram),"difficult, hard (hardship)",Tuar duan a har taka awm dan.,Nun hi hrehawm ni ila kan chhel thei ngai lo.,7,"word_chain,spelling,word_search,tawng_upa,crossword",
word.malsawmna,malsawmna,abstract-noun,TQ7,draft,pending,pending,Source: Kumtluang Class VII (SCERT Mizoram),blessing,Pathian hnena chhuak thil ṭha.,Malsawmna dil hi dawn changin hre thiam a ngai.,7,"word_chain,spelling,word_search,tawng_upa,crossword,sentence_builder",🙏
word.hlawhtling,hlawhtling,abstract-value,TQ7,draft,pending,pending,Source: Kumtluang Class VII (SCERT Mizoram),success,Duhthusam thlen theihna.,Nasa taka zir chuan hlawhtling ang che.,7,"word_chain,spelling,word_search,tawng_upa,crossword,sentence_builder",🏆
word.hlawhchham,hlawhchham,abstract-value,TQ7,draft,pending,pending,Source: Kumtluang Class VII (SCERT Mizoram),failure,Duhthusam thlen theih lohna.,Tih hmasak lo avangin hlawhchham a ni ta.,7,"word_chain,spelling,word_search,tawng_upa,crossword,sentence_builder",
word.chawimawi,chawimawi,abstract-action,TQ7,draft,pending,pending,Source: Kumtluang Class VII (SCERT Mizoram),"to honor, congratulate",Mi thiltih ṭha chungah lawmna leh zahawmna lantirna.,Sikulin naupang rinawm ber chu an chawimawi.,7,"word_chain,spelling,word_search,tawng_upa,crossword,sentence_builder",
word.dawklak,dawklak,abstract-value,TQ7,draft,pending,pending,Source: Kumtluang Class VII (SCERT Mizoram),"addiction, harmful habit","Thil tih emaw hman emaw châk zel, insûm theih loh.",Zu leh drug dawklak chu hlawhtling atan a ṭul lo.,7,"word_chain,spelling,word_search,tawng_upa,crossword",
word.intlakral,intlak ral,abstract-action,TQ7,draft,pending,pending,Source: Kumtluang Class VII (SCERT Mizoram),to compare oneself with others,Mahni leh mi dang thil sum hmang ral.,Intlak ral hian rilru a ti buai ṭhin.,7,"word_chain,spelling,word_search,tawng_upa,crossword,sentence_builder",
word.ngawlvei,ngawlvei,abstract-value,TQ7,draft,pending,pending,Source: Kumtluang Class VII (SCERT Mizoram),"careless, reckless",Ngaihtuah lova thil tih zel.,Ngawlvei taka kalpui hian hlauhawm thei a ni.,7,"word_chain,spelling,word_search,tawng_upa,crossword,sentence_builder",
word.vanduaithlak,vanduaithlâk,abstract-value,TQ7,draft,pending,pending,"Source: Kumtluang Class VII (SCERT Mizoram). VERIFY: culture-sensitive, route to human culture reviewer.","unfortunate, disadvantaged",Harsatna emaw natna emaw avanga thil that tak awm lo.,Vanduaithlâk mite tanpuina kan tum tlat a ngai.,7,"word_chain,spelling,word_search,tawng_upa,crossword,sentence_builder",
word.beihpui,beihpui,abstract-action,TQ7,draft,pending,pending,Source: Kumtluang Class VII (SCERT Mizoram),"to help, assist",Mi harsatna nei ṭanpui.,Ruth-i chuan a thiante chu chhiarkawp beihpui ṭhin.,7,"word_chain,spelling,word_search,tawng_upa,crossword,sentence_builder",
word.duhthusam,duhthusam,abstract-noun,TQ7,draft,pending,pending,Source: Kumtluang Class VII (SCERT Mizoram),"ambition, aspiration",Hmalama thlen duh thil.,Naupangte duhthusam chu zirna hian a puitling thei ṭhin.,7,"word_chain,spelling,word_search,tawng_upa,crossword,sentence_builder",
word.hausakna,hausakna,abstract-noun,TQ7,draft,pending,pending,Source: Kumtluang Class VII (SCERT Mizoram),"wealth, riches",Sum leh pai emaw ro emaw tam taka neih.,Hausakna neih hi thawh rim a ṭul.,7,"word_chain,spelling,word_search,tawng_upa,crossword,sentence_builder",
word.riltam,rilṭam,abstract-emotion,TQ7,draft,pending,pending,"Source: Kumtluang Class VII (SCERT Mizoram). VERIFY: culture-sensitive, route to human culture reviewer.","jealousy, envy",Mi dang neih emaw hlawhtling emaw avanga rilru buai.,Rilṭam avangin an unau inhmelhrei ta.,7,"word_chain,spelling,word_search,tawng_upa,crossword,sentence_builder",
word.nghawng,nghawng,abstract-noun,TQ7,draft,pending,pending,Source: Kumtluang Class VII (SCERT Mizoram),"influence, effect",Thil emaw thu emaw hian a chuahtir dang thil.,Zu ngawl chuan nghawng a nei tak zet.,7,"word_chain,spelling,word_search,tawng_upa,crossword,sentence_builder",
word.khuallian,khual lian,abstract-noun,TQ7,draft,pending,pending,Source: Kumtluang Class VII (SCERT Mizoram),"important guest, dignitary",Zahawm taka lawm tur khual.,Sikul kalpuinaah khual lian an lo kal ṭhin.,7,"word_chain,spelling,word_search,tawng_upa,crossword,sentence_builder",
word.kamhlei,kam hlei,abstract-value,TQ7,draft,pending,pending,Source: Kumtluang Class VII (SCERT Mizoram),lacking self-restraint,"Insûm theih loh, châk zawng zawng ti mai.",Kam hlei taka chaw ei chu a châk lo.,7,"word_chain,spelling,word_search,tawng_upa,crossword,sentence_builder",
word.danglam,danglam,abstract-quality,TQ7,draft,pending,pending,Source: Kumtluang Class VII (SCERT Mizoram),"different, unusual, special",Mi dang emaw thil dang emaw ang lo.,A nih dan hi mi danglam a ni.,7,"word_chain,spelling,word_search,tawng_upa,crossword,sentence_builder",
word.thiltihtheihna,thiltihtheihna,abstract-noun,TQ7,draft,pending,pending,Source: Kumtluang Class VII (SCERT Mizoram),"ability, capacity",Thil tih thei dan leh finna.,A thiltihtheihna hi mi tam takin an hriat.,7,"word_chain,spelling,word_search,tawng_upa,crossword,sentence_builder",
word.zirna,zirna,abstract-noun,TQ7,draft,pending,pending,Source: Kumtluang Class VII (SCERT Mizoram),"education, learning",Lehkha zir leh thil hriat belhchhah zelna.,Zirna hian mi nun a hmasawntir ṭhin.,7,"word_chain,picture_match,spelling,word_search,tawng_upa,crossword,thumal_kawp,sentence_builder",📚
word.sumkhawl,sum khawl,abstract-noun,TQ7,draft,pending,pending,Source: Kumtluang Class VII (SCERT Mizoram),savings,Hun hnua hman tura sum vawng.,Sum khawl hi hmasawnna atan a pawimawh.,7,"word_chain,spelling,word_search,tawng_upa,crossword,sentence_builder",
word.hrilhfiahtu,hrilhfiahtu,grammar-term,TQ7,draft,pending,pending,Source: Kumtluang Class VII (SCERT Mizoram),adjective (descriptive word),Noun leh pronoun hrilh fiahtu thu.,'Mawi' tih hi hrilhfiahtu (adjective) a ni.,7,"word_chain,spelling,word_search,tawng_upa,crossword,sentence_builder",
word.kawhhmuhtu,kawhhmuhtu,grammar-term,TQ7,draft,pending,pending,Source: Kumtluang Class VII (SCERT Mizoram),demonstrative marker,Thil kawk emaw tarlan emaw nan hman thu.,'He' leh 'chu' hi kawhhmuhtu an ni.,7,"word_chain,spelling,word_search,tawng_upa,crossword,sentence_builder",
word.thangvan,thangvan,nature,TQ7,draft,pending,pending,Source: Kumtluang Class VII (SCERT Mizoram),sky,Chung lam ka en apiang.,Thangvan a var hian ni tur a lang.,7,"word_chain,picture_match,spelling,word_search,tawng_upa,crossword,thumal_kawp,sentence_builder",🌌
word.tuipui,tuipui,nature,TQ7,draft,pending,pending,Source: Kumtluang Class VII (SCERT Mizoram),"ocean, sea","Tui pui tak, ram bik lo.",Tuipui hi kan Mizoramin a hmun a nei lo.,7,"word_chain,picture_match,spelling,word_search,tawng_upa,crossword,thumal_kawp,sentence_builder",🌊
word.khawmual,khawmual,nature,TQ7,draft,pending,pending,Source: Kumtluang Class VII (SCERT Mizoram),"hills, mountains",Lei sang tak leh tlang zawng zawng.,Khawmual hnuaiah kan khua a awm.,7,"word_chain,picture_match,spelling,word_search,tawng_upa,crossword,thumal_kawp,sentence_builder",⛰️
word.thli,thli,nature,TQ7,draft,pending,pending,Source: Kumtluang Class VII (SCERT Mizoram),wind,A hmuh theih lo mahse a hriat theih rimawi.,Thli chuan thingpuite a nghuap sak ṭhin.,7,"word_chain,picture_match,spelling,word_search,tawng_upa,crossword,thumal_kawp,sentence_builder",🍃
word.ruah,ruah,nature,TQ7,draft,pending,pending,Source: Kumtluang Class VII (SCERT Mizoram),rain,Vana aṭanga tui chhuak.,Vau thla chuan ruah a nghah lo tam ṭhin.,7,"word_chain,picture_match,spelling,word_search,tawng_upa,crossword,thumal_kawp,sentence_builder",🌧️
word.pangpar,pangpar,nature,TQ7,draft,pending,pending,Source: Kumtluang Class VII (SCERT Mizoram),"flower, blossom",Thing emaw pâr emaw a mawi taka chuak.,Vau thing hi a pangpar hi a mawi hle.,7,"word_chain,picture_match,spelling,word_search,tawng_upa,crossword,thumal_kawp,sentence_builder",🌸
word.nimin,nimin,grammar-time,TQ7,draft,pending,pending,Source: Kumtluang Class VII (SCERT Mizoram),yesterday,Ni tawpa liam tawh hun.,Nimin khan sikulah ka kal a.,7,"word_chain,spelling,word_search,tawng_upa,crossword,sentence_builder",
word.vawiin,vawiin,grammar-time,TQ7,draft,pending,pending,Source: Kumtluang Class VII (SCERT Mizoram),today,Tunlai ni.,Vawiin hian ka thiante ka hmuh dawn a ni.,7,"word_chain,spelling,word_search,tawng_upa,crossword,sentence_builder",
word.naktuk,naktuk,grammar-time,TQ7,draft,pending,pending,Source: Kumtluang Class VII (SCERT Mizoram),tomorrow,Ni hnu lo thleng dawn.,Naktuk chu kan exam a ni dawn a.,7,"word_chain,spelling,word_search,tawng_upa,crossword,sentence_builder",
word.dan,dan,abstract-noun,TQ7,draft,pending,pending,Source: Kumtluang Class VII (SCERT Mizoram),"law, rule, custom",Kalphung emaw thu remchang emaw siam.,Sikul dan zawm chu a pawimawh.,7,"word_chain,spelling,word_search,tawng_upa,crossword,sentence_builder",
word.zirtirtu,zirtirtu,school,TQ7,draft,pending,pending,Source: Kumtluang Class VII (SCERT Mizoram),teacher,Naupang zirtir tu mi.,Zirtirtu chu kan zahawm a ngai.,7,"word_chain,picture_match,spelling,word_search,tawng_upa,crossword,thumal_kawp,sentence_builder",👩‍🏫
word.zirlai,zirlai,school,TQ7,draft,pending,pending,Source: Kumtluang Class VII (SCERT Mizoram),lesson,Sikula zir tur thu emaw thil emaw.,He zirlai hi a har hle a.,7,"word_chain,picture_match,spelling,word_search,tawng_upa,crossword,thumal_kawp,sentence_builder",📖
word.inbiakna,inbiakna,abstract-noun,TQ7,draft,pending,pending,Source: Kumtluang Class VII (SCERT Mizoram),"conversation, dialogue",Mi pahnih emaw tam zawk emaw inzawtin thu sawi inpahnihna.,Kan inbiakna hi a rei tawk lo.,7,"word_chain,spelling,word_search,tawng_upa,crossword,sentence_builder",
word.tuikhur,tuikhur,nature,TQ7,draft,pending,pending,Source: Kumtluang Class VII (SCERT Mizoram),spring (water source),Lei hnuaia tui chhuak hmun.,Kan khua tuikhur hi a fim hle.,7,"word_chain,picture_match,spelling,word_search,tawng_upa,crossword,thumal_kawp,sentence_builder",💧
word.innei,innei,abstract-action,TQ7,draft,pending,pending,Source: Kumtluang Class VII (SCERT Mizoram),to marry,Nupui pasal nih tura inṭhen.,Kum tam an inhmuh hnu chuan an innei ta.,7,"word_chain,spelling,word_search,tawng_upa,crossword,sentence_builder",
word.hruai,hruai,abstract-action,TQ7,draft,pending,pending,Source: Kumtluang Class VII (SCERT Mizoram),"to lead, guide",Mi emaw thil emaw kalpui tura hmalak.,A pa chuan sikulah min hruai ṭhin.,7,"word_chain,spelling,word_search,tawng_upa,crossword,sentence_builder",
word.thla,thla,nature,TQ7,draft,pending,pending,Source: Kumtluang Class VII (SCERT Mizoram),wing,Sava emaw thlawhawk emaw a leng theihna hmanraw.,Sava chuan a thla hman a leng.,7,"word_chain,picture_match,spelling,word_search,tawng_upa,crossword,thumal_kawp,sentence_builder",🪽
word.khung,khung,abstract-action,TQ7,draft,pending,pending,Source: Kumtluang Class VII (SCERT Mizoram),"to cover, enclose",Thil emaw mi emaw chung ah dah/khup.,Bur chhung an khung a.,7,"word_chain,spelling,word_search,tawng_upa,crossword,sentence_builder",
word.parawl,parawl,culture-literature,TQ7,draft,pending,pending,Source: Kumtluang Class VII (SCERT Mizoram),"legend, myth","Hmanlai thawnthu, chhiar leh sawi zui zui thin thu.",Sichangneii chanchin chu parawl a ni.,7,"word_chain,spelling,word_search,tawng_upa,crossword,sentence_builder",
word.inbuan,inbuan,culture-sport,TQ7,draft,pending,pending,"Source: Kumtluang Class VII (SCERT Mizoram). VERIFY: culture-sensitive, route to human culture reviewer.",Mizo traditional wrestling,"Mizote hmanlai infiam chi, ban leh puan hmanga inzawh.",Kutpui khawvel puiah inbuan an infiam ṭhin.,7,"word_chain,picture_match,spelling,word_search,tawng_upa,crossword,thumal_kawp,sentence_builder",🤼
word.infiam,infiam,sport,TQ7,draft,pending,pending,Source: Kumtluang Class VII (SCERT Mizoram),"game, sport, competition",Chak leh thiam zawk hriat tura inzawh.,Naupangte hi infiam an duh hle.,7,"word_chain,picture_match,spelling,word_search,tawng_upa,crossword,thumal_kawp,sentence_builder",⚽
word.zui,zui,sport-action,TQ7,draft,pending,pending,Source: Kumtluang Class VII (SCERT Mizoram),"to hold, grip (in a match)",Kut leh ban hmanga khap/vawn.,Inbuan infiamah an zui dan chu a har hle.,7,"word_chain,spelling,word_search,tawng_upa,crossword,sentence_builder",
word.thlam,thlâm,culture-object,TQ7,draft,pending,pending,Source: Kumtluang Class VII (SCERT Mizoram),a field watch-hut,Loah an chuan zawnga siam thing in tê.,Loneite chuan thlâm siamin ramsate an ven ṭhin.,7,"word_chain,picture_match,spelling,word_search,tawng_upa,crossword,thumal_kawp,sentence_builder",🛖
word.hringei,hringei,culture-object,TQ7,draft,pending,pending,Source: Kumtluang Class VII (SCERT Mizoram),scarecrow,Sava leh ramsa hlauhtir tura mihring dawn siam.,Loah hringei siamin sava an hlauhtir ṭhin.,7,"word_chain,picture_match,spelling,word_search,tawng_upa,crossword,thumal_kawp,sentence_builder",
word.vahchap,vahchap,culture-object,TQ7,draft,pending,pending,Source: Kumtluang Class VII (SCERT Mizoram),bird-scaring noise device for fields,"Thli hian ri a siamtir a, sava hlauhtir tura loah dah.",Vahchap chu thli tlin apiangin a ri ṭhin.,7,"word_chain,spelling,word_search,tawng_upa,crossword,sentence_builder",
word.kaiten,kaiṭên,culture-object,TQ7,draft,pending,pending,Source: Kumtluang Class VII (SCERT Mizoram),a notched-log ladder,Thing puma kawtchhuah nan an siam kaite.,In kalna tur kaiṭên chu an siam ṭhin.,7,"word_chain,picture_match,spelling,word_search,tawng_upa,crossword,thumal_kawp,sentence_builder",🪜
word.leikapui,leikapui,culture-object,TQ7,draft,pending,pending,Source: Kumtluang Class VII (SCERT Mizoram),a large cane storage basket,Za emaw ban emaw hmanga siam bung lian.,Leikapui chuan buh emaw thil emaw an dah ṭhin.,7,"word_chain,picture_match,spelling,word_search,tawng_upa,crossword,thumal_kawp,sentence_builder",🧺
word.puanrin,puanrin,culture-object,TQ7,draft,pending,pending,"Source: Kumtluang Class VII (SCERT Mizoram). VERIFY: culture-sensitive, route to human culture reviewer.",decorative border pattern on traditional cloth,Puan hmâr lama a timawi tura siam rin.,Puanrin mawi tak an nei ṭhin.,7,"word_chain,spelling,word_search,tawng_upa,crossword,sentence_builder",
word.mim,mîm,nature-food,TQ7,draft,pending,pending,Source: Kumtluang Class VII (SCERT Mizoram),"maize, corn","Lova chin thil, a rah fang wheat ang deuh.",Mîm hi kan lo a tam.,7,"word_chain,picture_match,spelling,word_search,tawng_upa,crossword,thumal_kawp,sentence_builder",🌽
word.sih,sih,culture-object,TQ7,draft,pending,pending,Source: Kumtluang Class VII (SCERT Mizoram),bamboo fish trap,"Tui hnaa dah ṭhin, sa leh rûl an lut ṭhin.",Ramhnuaia tuiah sih an dah ṭhin.,7,"word_chain,spelling,word_search,tawng_upa,crossword,sentence_builder",
word.hnahthial,hnahthial,nature-plant,TQ7,draft,pending,pending,Source: Kumtluang Class VII (SCERT Mizoram),a medicinal leaf plant,"Ramhnuaia awm thing tê, thil fun tura hman.",Hnahthial hi damdawi atan an hman ṭhin.,7,"word_chain,spelling,word_search,tawng_upa,crossword,sentence_builder",
word.khuavang,khuavang,culture-folklore,TQ7,draft,pending,pending,"Source: Kumtluang Class VII (SCERT Mizoram). VERIFY: culture-sensitive, route to human culture reviewer.",nature spirit / deity of old Mizo belief,"Hmanlaia Mizoten an ring hmâ thil, hringnun leh thlarau nei ni ang ngaihna.",Thawnthu ho zingah khuavang tih thu chu a awm tam.,7,"word_chain,spelling,word_search,tawng_upa,crossword",
word.zangkhua,zângkhua,culture-folklore,TQ7,draft,pending,pending,"Source: Kumtluang Class VII (SCERT Mizoram). VERIFY: culture-sensitive, route to human culture reviewer.",the Great Bear constellation,"Arsi chi khat, van chunga hmuh theih.",Zan lian khan zângkhua kan en ve ṭhin.,7,"word_chain,spelling,word_search,tawng_upa,crossword,sentence_builder",
word.thingtuluang,thingtuluang,culture-folklore,TQ7,draft,pending,pending,"Source: Kumtluang Class VII (SCERT Mizoram). VERIFY: culture-sensitive, route to human culture reviewer.",a magical rooster in Mizo folktale,"Thawnthu zinga arpa mit thei nei, thu sawi thei ngaihna.",Thawnthu chuan thingtuluang hi mit nei arpa ang deuhin a sawi.,7,"word_chain,spelling,word_search,tawng_upa,crossword",
word.puichhuah,puichhuah,culture-tradition,TQ7,draft,pending,pending,"Source: Kumtluang Class VII (SCERT Mizoram). VERIFY: culture-sensitive, route to human culture reviewer.",ritual release of an animal in mourning custom,Mi thih hnua a nu duhsak taka thlawn ran (VERIFY exact ritual meaning).,Puichhuah dan chu khawtlang zawng zawngin an hriat ngai lo.,7,"word_chain,spelling,word_search,tawng_upa,crossword",
word.var,var,adjective-color,TQ7,draft,pending,pending,Source: Kumtluang Class VII (SCERT Mizoram),"white, bright",Sakhmel emaw thil emaw eng taka awm.,A puan chu a var hle.,7,"word_chain,picture_match,spelling,word_search,tawng_upa,crossword,thumal_kawp,sentence_builder",⚪
word.sen,sen,adjective-color,TQ7,draft,pending,pending,Source: Kumtluang Class VII (SCERT Mizoram),red,"Sakhmel chi khat, thisen ang deuh.",Pangpar sen hi a mawi a.,7,"word_chain,picture_match,spelling,word_search,tawng_upa,crossword,thumal_kawp,sentence_builder",🔴
word.hring,hring,adjective-quality,TQ7,draft,pending,pending,Source: Kumtluang Class VII (SCERT Mizoram),"green, unripe, fresh",A fin lo emaw a hring rah emaw.,Thlai hring chu a châk lo bik.,7,"word_chain,picture_match,spelling,word_search,tawng_upa,crossword,thumal_kawp,sentence_builder",🟢
word.pawl,pawl,adjective-color,TQ7,draft,pending,pending,Source: Kumtluang Class VII (SCERT Mizoram),yellow,"Sakhmel chi khat, ni ang deuh.",Pâr pawl chu a mawi ve.,7,"word_chain,picture_match,spelling,word_search,tawng_upa,crossword,thumal_kawp,sentence_builder",🟡
word.tial,tial,adjective-quality,TQ7,draft,pending,pending,Source: Kumtluang Class VII (SCERT Mizoram),"spotted, striped",A sakhmel chunga vek emaw hnak emaw a nei.,Sakei chu a vun a tial.,7,"word_chain,spelling,word_search,tawng_upa,crossword,sentence_builder",
word.lian,lian,adjective-size,TQ7,draft,pending,pending,Source: Kumtluang Class VII (SCERT Mizoram),"big, great",A zat a tam emaw a puk a lian emaw.,In lian tak an nei.,7,"word_chain,spelling,word_search,tawng_upa,crossword,sentence_builder",
word.mawi,mawi,adjective-quality,TQ7,draft,pending,pending,Source: Kumtluang Class VII (SCERT Mizoram),beautiful,En nuam taka awm.,He nula hi a mawi hle.,7,"word_chain,spelling,word_search,tawng_upa,crossword,sentence_builder",
word.nalh,nalh,adjective-quality,TQ7,draft,pending,pending,Source: Kumtluang Class VII (SCERT Mizoram),"pleasant, delicious",Ei emaw thil emaw a châk taka awm.,Chaw hi a nalh hle.,7,"word_chain,spelling,word_search,tawng_upa,crossword,sentence_builder",
word.sei,sei,adjective-size,TQ7,draft,pending,pending,Source: Kumtluang Class VII (SCERT Mizoram),long,A zau lam a rei.,Hrui sei tak an hman.,7,"word_chain,spelling,word_search,tawng_upa,crossword,sentence_builder",
word.tawi,tawi,adjective-size,TQ7,draft,pending,pending,Source: Kumtluang Class VII (SCERT Mizoram),short (length),A zau lam a rei lo.,Puan tawi tak a silh.,7,"word_chain,spelling,word_search,tawng_upa,crossword,sentence_builder",
word.sang,sang,adjective-size,TQ7,draft,pending,pending,Source: Kumtluang Class VII (SCERT Mizoram),"tall, high",A chung lam a rei.,Thing sang tak a awm.,7,"word_chain,spelling,word_search,tawng_upa,crossword,sentence_builder",
word.hniam,hniam,adjective-size,TQ7,draft,pending,pending,Source: Kumtluang Class VII (SCERT Mizoram),"short, low",A chung lam a rei lo.,Pawn hniam tak an siam.,7,"word_chain,spelling,word_search,tawng_upa,crossword,sentence_builder",
word.hla,hla,adjective-distance,TQ7,draft,pending,pending,Source: Kumtluang Class VII (SCERT Mizoram),far,"A hla, in hnai lo.",Sikul hi kan in aṭangin a hla.,7,"word_chain,spelling,word_search,tawng_upa,crossword,sentence_builder",
word.hnai,hnai,adjective-distance,TQ7,draft,pending,pending,Source: Kumtluang Class VII (SCERT Mizoram),near,In hlat lo.,Bawrhsap in chu kan in a hnai.,7,"word_chain,spelling,word_search,tawng_upa,crossword,sentence_builder",
word.huaisen,huaisen,adjective-quality,TQ7,draft,pending,pending,Source: Kumtluang Class VII (SCERT Mizoram),brave,Hlauh lo taka thil ṭha lo pawh tihtheih.,Pasaltha chu a huaisen hle.,7,"word_chain,spelling,word_search,tawng_upa,crossword,sentence_builder",
word.taima,taima,adjective-quality,TQ7,draft,pending,pending,Source: Kumtluang Class VII (SCERT Mizoram),"diligent, hardworking",Hna thawk a châk taka thawk zel.,Zirlaite chu taima taka an zir tul a ni.,7,"word_chain,spelling,word_search,tawng_upa,crossword,sentence_builder",
word.nuam,nuam,adjective-quality,TQ7,draft,pending,pending,Source: Kumtluang Class VII (SCERT Mizoram),"enjoyable, fun",Lawm leh hlim taka awm.,Infiam hi a nuam hle.,7,"word_chain,spelling,word_search,tawng_upa,crossword,sentence_builder",
word.lungngai,lungngai,adjective-emotion,TQ7,draft,pending,pending,Source: Kumtluang Class VII (SCERT Mizoram),"sad, lonely","Rilru a buai a, khawsak har.",A thiante chuan a lungngai ṭhin.,7,"word_chain,spelling,word_search,tawng_upa,crossword,sentence_builder",
word.lum,lum,adjective-temperature,TQ7,draft,pending,pending,Source: Kumtluang Class VII (SCERT Mizoram),hot,"A sûr a sang, a chak.",Tui lum chu ka dawn duh lo.,7,"word_chain,spelling,word_search,tawng_upa,crossword,sentence_builder",
word.vawt,vâwt,adjective-temperature,TQ7,draft,pending,pending,Source: Kumtluang Class VII (SCERT Mizoram),cold,A sûr a sang lo.,Thli vâwt hian a châm hle.,7,"word_chain,spelling,word_search,tawng_upa,crossword,sentence_builder",
word.zim,zim,adjective-quality,TQ7,draft,pending,pending,Source: Kumtluang Class VII (SCERT Mizoram),"quiet, calm",Ri emaw buai emaw a awm lo.,Zan lai chu a zim hle.,7,"word_chain,spelling,word_search,tawng_upa,crossword,sentence_builder",
word.zau,zau,adjective-size,TQ7,draft,pending,pending,Source: Kumtluang Class VII (SCERT Mizoram),"wide, spacious",A pin lam a tam.,In zau tak an nei.,7,"word_chain,spelling,word_search,tawng_upa,crossword,sentence_builder",
word.dawih,dawih,adjective-quality,TQ7,draft,pending,pending,Source: Kumtluang Class VII (SCERT Mizoram),"stingy, miserly","Thil pe duh lo, insem châk lo.",Mi dawih chu mi tam takin an hria ṭhin.,7,"word_chain,spelling,word_search,tawng_upa,crossword,sentence_builder",
word.bengsikangaihtuah,beng sika ngaihtuah,idiom,TQ7,draft,pending,pending,Source: Kumtluang Class VII (SCERT Mizoram),to think something over carefully,Ngun taka rilru hman a ngaihtuah dan.,Thil pawimawh siam hmain beng sika ngaihtuah a ngai.,7,"word_chain,spelling,word_search,tawng_upa,crossword,sentence_builder",
word.belchhungsa,bêl chhung sa,idiom,TQ7,draft,pending,pending,Source: Kumtluang Class VII (SCERT Mizoram),a private/secret matter,"Mi tam takin hria lova, mahni chhungril thu.","Chu chu an chhungkuo bêl chhung sa a ni, kan chhen ngai lo.",7,"word_chain,spelling,word_search,tawng_upa,crossword",
word.sialsir,sialsîr,nature-wildlife,TQ7,draft,pending,pending,Source: Kumtluang Class VII (SCERT Mizoram),a type of deer (sambar-like),"Ramhnuaia awm sa chi khat, sazu leh a inang.",Sialsîr chu ramhnuai thûk zawngah an awm ṭhin.,7,"word_chain,picture_match,spelling,word_search,tawng_upa,crossword,thumal_kawp,sentence_builder",🦌
word.tohlawt,tohlâwt,culture-object,TQ7,draft,pending,pending,Source: Kumtluang Class VII (SCERT Mizoram),a large flat stone slab,"Lung pha tak, hmun rem takah dah thei.",Tohlâwt chu lampuiah tlangvalten an dah ṭhin.,7,"word_chain,spelling,word_search,tawng_upa,crossword,sentence_builder",
word.khawimu,khawimû,nature-wildlife,TQ7,draft,pending,pending,Source: Kumtluang Class VII (SCERT Mizoram),a noisy flying insect (wasp-like),"Khuai chi khat, a leng laiin ri a chhuah ṭhin.",Khawimû aw chu a hriat lek a har lo.,7,"word_chain,spelling,word_search,tawng_upa,crossword,sentence_builder",
word.chawmnu,chawmnu,nature-wildlife,TQ7,draft,pending,pending,Source: Kumtluang Class VII (SCERT Mizoram),a cave-dwelling predatory bird,"Chhungrila awm sava chi khat, zana leng ṭhin.",Chawmnu chu zanah kan hriat theih ṭhin.,7,"word_chain,spelling,word_search,tawng_upa,crossword,sentence_builder",
word.dawhthleng,dawhthlêng,abstract-value,TQ7,draft,pending,pending,Source: Kumtluang Class VII (SCERT Mizoram),"lazy, slovenly (person)","Hna thawk duh lo, thil tha lo a châk.",Dawhthlêng mi chu thawh rim a ṭul.,7,"word_chain,spelling,word_search,tawng_upa,crossword,sentence_builder",
word.khuanhmasa,khuan hmasa,culture-tradition,TQ7,draft,pending,pending,"Source: Kumtluang Class VII (SCERT Mizoram). VERIFY: culture-sensitive, route to human culture reviewer.",the first ceremonial post/bamboo set when building a house,In sa laia hmasa taka phun bâl.,Khuan hmasa phun hi Mizo in siam dan pakhat a ni.,7,"word_chain,spelling,word_search,tawng_upa,crossword",
word.insum,insûm,abstract-value,TQ7,draft,pending,pending,Source: Kumtluang Class VII (SCERT Mizoram),"self-control, restraint",Mahni châkna khap thei dan.,Insûm nei lo chuan dawklak a chang thei.,7,"word_chain,spelling,word_search,tawng_upa,crossword,sentence_builder",
word.ngaimawh,ngaimawh,abstract-emotion,TQ7,draft,pending,pending,Source: Kumtluang Class VII (SCERT Mizoram),"pity, sympathy",Mi harsatna tawktu chunga rilru natna.,Zu ngawl mi chu ngaimawh a awm hle.,7,"word_chain,spelling,word_search,tawng_upa,crossword,sentence_builder",
word.sumpung,sum pung,abstract-noun,TQ7,draft,pending,pending,Source: Kumtluang Class VII (SCERT Mizoram),"interest, growth of money",Sum khawl atanga tam belh zel.,Sum khawl chuan sum pung a nei ṭhin.,7,"word_chain,spelling,word_search,tawng_upa,crossword,sentence_builder",
word.thawhchhuah,thawh chhuah,abstract-noun,TQ7,draft,pending,pending,Source: Kumtluang Class VII (SCERT Mizoram),"income, effort put in",Hna thawk atanga dawng.,A thawh chhuah hi a chunga a hman ṭhin.,7,"word_chain,spelling,word_search,tawng_upa,crossword,sentence_builder",
word.tam,tam,adjective-quantity,TQ7,draft,pending,pending,Source: Kumtluang Class VII (SCERT Mizoram),"many, much",A zat a sang.,Mi tam takin infiam an duh.,7,"word_chain,spelling,word_search,tawng_upa,crossword,sentence_builder",
word.tlem,tlêm,adjective-quantity,TQ7,draft,pending,pending,Source: Kumtluang Class VII (SCERT Mizoram),"few, little",A zat a lo tlem.,Sum tlêm chauh a nei.,7,"word_chain,spelling,word_search,tawng_upa,crossword,sentence_builder",
word.pahnih,pahnih,adjective-number,TQ7,draft,pending,pending,Source: Kumtluang Class VII (SCERT Mizoram),two,A zat pahnih.,Fanu pahnih an nei.,7,"word_chain,spelling,word_search,tawng_upa,crossword,sentence_builder",
word.pathum,pathum,adjective-number,TQ7,draft,pending,pending,Source: Kumtluang Class VII (SCERT Mizoram),three,A zat pathum.,Zirlai pathum an zir tawh.,7,"word_chain,spelling,word_search,tawng_upa,crossword,sentence_builder",
word.siar,siâr,verbs,K7,draft,pending,pending,Source: Kumtluang Class VII (SCERT Mizoram).,"to shine, gleam","Eng emaw thil a var hle a, a êng lâr taka lang tihna a ni.",Kum lo chhuk hian arsi te chu tha takin an siâr.,7,"word_chain,spelling,word_search,tawng_upa,crossword",✨
word.hmatiang,hmatiang,adjectives,K7,draft,pending,pending,"Source: Kumtluang Class VII (SCERT Mizoram). VERIFY: directional suffix word, exact nuance uncertain outside grammar context.",in this manner/direction (directional word),"""-tiang"" tawi hmang, kawng emaw dan sawina a ni.","Hmatiang hian kal ang che, chumi hnuah i lo pan thei ang.",7,"word_chain,spelling,word_search,tawng_upa,crossword",
word.tiamthu,tiamthu,values,K7,draft,pending,pending,Source: Kumtluang Class VII (SCERT Mizoram).,"a promise, a vow",Mi pakhat chuan a tih tur emaw a chhawn tur emaw a sawi tlat hi tiamthu a ni.,Ka thiante hnenah lehkha ka zir ve zel tur ka tiamthu a ni.,7,"word_chain,spelling,word_search,tawng_upa,crossword",🤝
word.sirva-2,sîrva,animals,K7,draft,pending,pending,Source: Kumtluang Class VII (SCERT Mizoram). VERIFY: exact bird species uncertain; glossed generically as a small bird. VERIFY possible duplicate: diacritic-variant of existing word 'sirva' already in corpus — confirm same word or distinct before import.,a small bird species,"Sava chi tê deuh, ram leh khua vela awm thin hi a ni.",Zing tinah sîrva chu kan in hnuaiah a lo hla thin.,7,"picture_match,spelling,word_search,tawng_upa,crossword,thumal_kawp",🐦
word.lunglai,lunglai,values,K7,draft,pending,pending,Source: Kumtluang Class VII (SCERT Mizoram).,"heart, mind, soul (poetic)","Mihring rilru leh thinlung awmna hmun, a ngaihtuahna leh a hlimna/lungngaina awmna hi a ni.",Ka lunglai chu lawmna nen a khat.,7,"word_chain,spelling,word_search,tawng_upa,crossword,sentence_builder",
word.chunglum,chunglûm,nature,K7,draft,pending,pending,Source: Kumtluang Class VII (SCERT Mizoram).,"zenith, the sun's highest point at midday","Ni chu vân chunga a chungpen lam a thlen hun, sun a tam ber hun a ni.",Chunglûm a lo thleng hian ni chu a sa hle.,7,"picture_match,spelling,word_search,tawng_upa,crossword,thumal_kawp",☀️
word.mahriakin,mah riakin,idiom,K7,draft,pending,pending,Source: Kumtluang Class VII (SCERT Mizoram).,"by oneself, on one's own accord","Mahni te chauhvin, ṭanpuina reng reng nei lovin tih hi a ni.",Mah riakin ka hna ka thawk zo thei ang.,7,"word_chain,spelling,word_search,tawng_upa,crossword,sentence_builder",
word.chharsak,chharsak,verbs,K7,draft,pending,pending,Source: Kumtluang Class VII (SCERT Mizoram).,"to give away, hand over to someone","Thil neih chu mi dangte hnenah pêk a, dah lo hi a ni.",A hlau avangin a thil chu mi hnenah a chharsak ta a.,7,"word_chain,spelling,word_search,tawng_upa,crossword",
word.zaktheilo,zak thei lo,idiom,K7,draft,pending,pending,Source: Kumtluang Class VII (SCERT Mizoram).,"shameless, without shame",Thil dik lo ti pawhin zahna nei lo hi a ni.,Zak thei lo takin dâwt thu a sawi zel.,7,"word_chain,spelling,word_search,tawng_upa,crossword,sentence_builder",
word.lawmman,lawmman,values,K7,draft,pending,pending,Source: Kumtluang Class VII (SCERT Mizoram).,"a reward, a prize","Thil ṭha tih avanga pêk theih thil, hlawhtlinna atana pêk hi a ni.",Zirna hlawhtlin avangin lawmman ka dawng.,7,"word_chain,spelling,word_search,tawng_upa,crossword,sentence_builder",🏆
word.hreipui,hreipui,tools,K7,draft,pending,pending,Source: Kumtluang Class VII (SCERT Mizoram).,a large axe / hatchet,Thing tan atana hman naute aia lian zawk hrei chi hi a ni.,Hreipui hmangin pa chuan thing a tan.,7,"picture_match,spelling,word_search,tawng_upa,crossword,thumal_kawp,sentence_builder",🪓
word.chinghne,chinghne,animals,K7,draft,pending,pending,Source: Kumtluang Class VII (SCERT Mizoram). VERIFY: exact species (wolf vs jackal) uncertain in local usage.,wolf (a wild canine predator),"Ram sa chi khat, hnam ramsa ei tumtu leh beram delh thin hi a ni.","Chinghne chu ramhnuaiah a lo lang ta a, beramte an hlau em em.",7,"picture_match,spelling,word_search,tawng_upa,crossword,thumal_kawp",🐺
word.beram,beram,animals,K7,draft,pending,pending,Source: Kumtluang Class VII (SCERT Mizoram).,sheep,"Vawk ang bawk, sam bawmin a khu, ei atana enkawl ramsa hi a ni.",Beram tam takin tlangah an fan.,7,"picture_match,spelling,word_search,tawng_upa,crossword,thumal_kawp,sentence_builder",🐑
word.berampu,berampu,community,K7,draft,pending,pending,Source: Kumtluang Class VII (SCERT Mizoram).,"a shepherd, one who tends sheep","Beram enkawltu, an hlawhtlinna leh dinhmun tan mawhphurtu hi a ni.",Berampu chuan a beramte chu tlang a lam a.,7,"word_chain,spelling,word_search,tawng_upa,crossword,sentence_builder",🧑‍🌾
word.enkawltu,enkawltu,community,K7,draft,pending,pending,Source: Kumtluang Class VII (SCERT Mizoram).,"a caretaker, one who tends or watches over",Mi dang emaw ramsa emaw tan mawhphurin enkawl reng thei tu hi a ni.,Naupang enkawltu chu a hnathawh ah a rinawm hle.,7,"word_chain,spelling,word_search,tawng_upa,crossword,sentence_builder",
word.hliam,hliam,body_parts,K7,draft,pending,pending,Source: Kumtluang Class VII (SCERT Mizoram).,"a wound, an injury",Taksa emaw thil emaw chunga hliam a lo chhuah hi a ni.,Kal laiin ka hliam a natdawk a.,7,"picture_match,spelling,word_search,tawng_upa,crossword,thumal_kawp,sentence_builder",🩹
word.hnutchhiah,hnutchhiah,nature,K7,draft,pending,pending,Source: Kumtluang Class VII (SCERT Mizoram).,"footprint, track",Kal veleh awmna ram/lei chungah a lo awm ke hmuh hi a ni.,Sakei hnutchhiah kawng ah kan hmu.,7,"picture_match,spelling,word_search,tawng_upa,crossword,thumal_kawp,sentence_builder",👣
word.tuar,tuar,verbs,K7,draft,pending,pending,Source: Kumtluang Class VII (SCERT Mizoram).,"to endure, to suffer",Hrehawmna emaw natna emaw a hip lai chuan chhel lova awm reng hi a ni.,Zirna nasat a nih pawhin ka tuar zel ang.,7,"word_chain,spelling,word_search,tawng_upa,crossword,sentence_builder",
word.seh-2,seh,verbs,K7,draft,pending,pending,Source: Kumtluang Class VII (SCERT Mizoram).,to slaughter/butcher (an animal),"Ramsa thah a, sa ei atan siam hi a ni.",Kut piang niah chuan an beram an seh thin.,7,"word_chain,spelling,word_search,tawng_upa,crossword,sentence_builder",
word.lehchhawng,lehchhawng,nature,K7,draft,pending,pending,Source: Kumtluang Class VII (SCERT Mizoram).,food chain (ecological term),"Ramsa/ranghmang khat leh khat inzawmna, khat chuan khat a ei thin dan hi a ni.",Lehchhawng a bo chuan ram huam pumpui a tihchhia thei.,7,"picture_match,spelling,word_search,tawng_upa,crossword,thumal_kawp",
word.hnawksak,hnawksak,verbs,K7,draft,pending,pending,Source: Kumtluang Class VII (SCERT Mizoram).,"to harm, to endanger someone",Mi dang tan hlauhawm emaw pai lohna emaw tichhuah hi a ni.,Ram sual siam chuan mihring a hnawksak thei.,7,"word_chain,spelling,word_search,tawng_upa,crossword,sentence_builder",
word.inringtawn,inring tawn,values,K7,draft,pending,pending,Source: Kumtluang Class VII (SCERT Mizoram).,"mutual interdependence, relying on one another","Khat leh khat aninawm ela awm thei lova, inzawm zel hi a ni.",Ramhuamin an inring tawn theuh a ni.,7,"word_chain,spelling,word_search,tawng_upa,crossword,sentence_builder",
word.sazuk-2,sazuk,animals,K7,draft,pending,pending,Source: Kumtluang Class VII (SCERT Mizoram). VERIFY: exact deer species uncertain.,a deer species,"Sazuk chi khat, tlang leh ram ah awm thin, tlan chak takzet hi a ni.",Sazuk chu a tlan chakzia avangin man harsa em em.,7,"picture_match,spelling,word_search,tawng_upa,crossword,thumal_kawp",🦌
word.hnapkhawn,hnapkhâwn,animals,K7,draft,pending,pending,Source: Kumtluang Class VII (SCERT Mizoram).,snail,"Ran chi khat, khu bawmin a khu, a kal a het em em hi a ni.",Hnapkhâwn chu a kal het em em.,7,"picture_match,spelling,word_search,tawng_upa,crossword,thumal_kawp,sentence_builder",🐌
word.mungek,mungek,animals,K7,draft,pending,pending,Source: Kumtluang Class VII (SCERT Mizoram).,falcon (a bird of prey),"Sava chi khat, a lêng chak leh a tlan chak hi a ni.",Mungek chu vânlêngin a lian hle.,7,"picture_match,spelling,word_search,tawng_upa,crossword,thumal_kawp,sentence_builder",🦅
word.hnim-2,hnim,nature,K7,draft,pending,pending,Source: Kumtluang Class VII (SCERT Mizoram).,grass (plant eaten by animals),"Lova ram a chhuak, sazate ei thin, hnah tê deuh nei hi a ni.",Beram te chuan hnim an ei thin.,7,"picture_match,spelling,word_search,tawng_upa,crossword,thumal_kawp,sentence_builder",🌱
word.savate,savate,animals,K7,draft,pending,pending,Source: Kumtluang Class VII (SCERT Mizoram).,"small animals, small creatures","Ramsa tê deuh te, thlai a ei ve thei ho hi a ni.",Savate hian thlai an ei ve thin.,7,"picture_match,spelling,word_search,tawng_upa,crossword,thumal_kawp,sentence_builder",
word.khau-2,khâu,animals,K7,draft,pending,pending,Source: Kumtluang Class VII (SCERT Mizoram). VERIFY: exact species/local usage uncertain. VERIFY possible duplicate: diacritic-variant of existing word 'khau' already in corpus — confirm same word or distinct before import.,caterpillar,"Rüng chi khat, thlai hnah ei chi hi a ni.",Khâu hian phaia hnah tam tak a ei.,7,"picture_match,spelling,word_search,tawng_upa,crossword,thumal_kawp,sentence_builder",🐛
word.mulukawlh,mulukawlh,animals,K7,draft,pending,pending,Source: Kumtluang Class VII (SCERT Mizoram).,owl,"Sava chi khat, zan lamah lêng a, mi eng zawng chu a ei bo thin hi a ni.",Mulukawlh chu zanah a au thin.,7,"picture_match,spelling,word_search,tawng_upa,crossword,thumal_kawp,sentence_builder",🦉
word.choak-2,choâk,animals,K7,draft,pending,pending,Source: Kumtluang Class VII (SCERT Mizoram). VERIFY: spelling could also be rendered chôk.,hawk (a bird of prey),"Sava chi khat, sa tê deuh ei thin, a mit fim hi a ni.",Choâk chu vân aṭangin a en chho thin.,7,"picture_match,spelling,word_search,tawng_upa,crossword,thumal_kawp,sentence_builder",🦅
word.bal-2,bâl,values,K7,draft,pending,pending,Source: Kumtluang Class VII (SCERT Mizoram). VERIFY: context-specific meaning (blemish/stain); word can also mean numbness elsewhere. VERIFY possible duplicate: diacritic-variant of existing word 'Bal' already in corpus — confirm same word or distinct before import.,"a stain, blemish",Thil chunga awm chhe leh felfai lo tihna hi a ni.,Puan chunga bâl a lo awm.,7,"word_chain,spelling,word_search,tawng_upa,crossword,sentence_builder",
word.pawlhtu,pawlhtu,values,K7,draft,pending,pending,Source: Kumtluang Class VII (SCERT Mizoram).,"a deceiver, one who misleads",Mi dang thu diklo hriltirin kal awng danglam tihtu hi a ni.,Pawlhtu chu mi an ring lo ngei ang.,7,"word_chain,spelling,word_search,tawng_upa,crossword,sentence_builder",
word.dawt-2,dâwt,verbs,K7,draft,pending,pending,Source: Kumtluang Class VII (SCERT Mizoram).,"to accuse, to blame (someone)",Mi pakhat chungah sual emaw thil suala tih emaw phawrh hi a ni.,Dik lo lovin mi dâwt hi a tha lo.,7,"word_chain,spelling,word_search,tawng_upa,crossword,sentence_builder",
word.haider,hai der,idiom,K7,draft,pending,pending,Source: Kumtluang Class VII (SCERT Mizoram).,"excess, exaggeration","A dik aia hai zâwk, itawm loh tihna hi a ni.",Hai der duh lohin dik takin sawi ang che.,7,"word_chain,spelling,word_search,tawng_upa,crossword,sentence_builder",
word.chapo,chapo,adjectives,K7,draft,pending,pending,Source: Kumtluang Class VII (SCERT Mizoram).,"strict, harsh, cruel","Mi chungah chhel lovin, chak takin tih tumna hi a ni.",Chapo takin naupangte chu a enkawl.,7,"word_chain,spelling,word_search,tawng_upa,crossword,sentence_builder",
word.sichangneii,sichangneii,traditional_culture,K7,draft,pending,pending,"Source: Kumtluang Class VII (SCERT Mizoram). VERIFY culture-sensitive: khuavang/spirit-folklore figure, route to human culture reviewer.",a fairy/spirit maiden of folklore,"Tuikam leh ram ṭha tak lamah awm thin, khuavang ang mihring hmelin lang thin thlarau hi a ni.",Thawnthu ah Sichangneii chanchin kan chhiar thin.,7,"word_chain,spelling,word_search,tawng_upa,crossword,sentence_builder",
word.kangvar,kângvâr,traditional_culture,K7,draft,pending,pending,Source: Kumtluang Class VII (SCERT Mizoram). VERIFY culture-sensitive: traditional craft/lighting practice.,a traditional pine-wood torch used for light,"Thing kâng hmangin siam, zan lama eng atana hman thil hi a ni.",Hmanlai mite chuan kângvâr in in hnuaiah an eng ṭha thin.,7,"word_chain,spelling,word_search,tawng_upa,crossword",🔥
word.rapchung,rapchung,traditional_culture,K7,draft,pending,pending,Source: Kumtluang Class VII (SCERT Mizoram). VERIFY culture-sensitive: traditional agricultural craft practice.,a deep pit dug for parching/roasting paddy,Buh hâk tumin tapchhak thuka siam kua hi a ni.,Rapchung ah buh an hâk thin.,7,"word_chain,spelling,word_search,tawng_upa,crossword,sentence_builder",
word.phulraw,phûlraw,food,K7,draft,pending,pending,Source: Kumtluang Class VII (SCERT Mizoram). VERIFY: exact plant identification uncertain.,a type of gourd used as a container,"Raw chi khat, a châng chu thil dahna atan hman hi a ni.",Phûlraw chu tui dahna atan an hman thin.,7,"picture_match,spelling,word_search,tawng_upa,crossword,thumal_kawp,sentence_builder",
word.chang-2,chang,body_parts,K7,draft,pending,pending,Source: Kumtluang Class VII (SCERT Mizoram).,the crest/comb of a bird,Arpa emaw sava emaw lu chunga a chhuak sen tê hi a ni.,Arpa chang chu a sen hle.,7,"picture_match,spelling,word_search,tawng_upa,crossword,thumal_kawp,sentence_builder",🐓
word.hlothlo,hlothlo,nature,K7,draft,pending,pending,Source: Kumtluang Class VII (SCERT Mizoram).,weeds that choke crops,"Lova buh leh thlai diptu, an hnim tihfai thei hi a ni.","Hlothlo tam takin buhlo a nei a, phunna a har.",7,"picture_match,spelling,word_search,tawng_upa,crossword,thumal_kawp",
word.aruhlangin,a ruh langin,idiom,K7,draft,pending,pending,Source: Kumtluang Class VII (SCERT Mizoram).,"openly, straightforwardly, bluntly","Chiang takin, pehhel emaw ngaihdan chhungril emaw awm lovin sawi hi a ni.",A ruh langin ka rilru ka sawi chhuak ta ang.,7,"word_chain,spelling,word_search,tawng_upa,crossword",
word.chhulkhatkual,chhûl khat kual,idiom,K7,draft,pending,pending,Source: Kumtluang Class VII (SCERT Mizoram).,siblings from the same mother,Nu pakhat hrin fate zawng zawng hi a ni.,Chhûl khat kual an nih avangin an inrilru lo tlangpui thin.,7,"word_chain,spelling,word_search,tawng_upa,crossword",
word.chhungtlai,chhung tlai,idiom,K7,draft,pending,pending,Source: Kumtluang Class VII (SCERT Mizoram).,"to eat one's fill, enough for one meal","Chaw ei a khap tak, vawi khat chaw eiah kham tak hi a ni.",Chhung tlai takin kan ei tawh.,7,"word_chain,spelling,word_search,tawng_upa,crossword,sentence_builder",🍚
word.intuithlar,intuithlar,values,K7,draft,pending,pending,Source: Kumtluang Class VII (SCERT Mizoram).,"to become estranged, distant from once-close people","Inchhungkhat vawng, thian leh chhungte nen inmihran hi a ni.",Nun changin an intuithlar ta.,7,"word_chain,spelling,word_search,tawng_upa,crossword,sentence_builder",
word.awmnikham,awmni kham,traditional_culture,K7,draft,pending,pending,"Source: Kumtluang Class VII (SCERT Mizoram). VERIFY culture-sensitive: death/mourning-related community custom, route to human culture reviewer.",a village day of rest declared due to death or a major event,Mitthi emaw pawimawh dang emaw awm avanga khawtlang huapin hna thawk lova awm ni hi a ni.,Khaw chuan mitthi avangin awmni kham an chin.,7,"word_chain,spelling,word_search,tawng_upa,crossword,sentence_builder",
word.khuavangrikhamsa,khuavang ri kham sa,traditional_culture,K7,draft,pending,pending,"Source: Kumtluang Class VII (SCERT Mizoram). VERIFY culture-sensitive: khuavang/spirit-folklore belief, route to human culture reviewer.",an eerie sound in the mountains believed to be a spirit's voice,Tlang dung emaw kawr emaw inrina tur remchang awm sa hi a ni.,Zanah tlang ah khuavang ri kham sa an hria.,7,"word_chain,spelling,word_search,tawng_upa,crossword,sentence_builder",
word.luang,luang,verbs,K7,draft,pending,pending,Source: Kumtluang Class VII (SCERT Mizoram).,"to flood, to overflow (of a river)",Tui emaw lui emaw a chung lam thleng chhuak hi a ni.,Ruah tam avangin lui a luang.,7,"word_chain,spelling,word_search,tawng_upa,crossword,sentence_builder",🌊
word.nasatna,nasatna,values,K7,draft,pending,pending,Source: Kumtluang Class VII (SCERT Mizoram).,"danger, calamity, severe disaster",Thil hlauhawm leh chhiatna nasa tak thleng hi a ni.,Nasatna a lo thleng chuan mite an inhlawh.,7,"word_chain,spelling,word_search,tawng_upa,crossword,sentence_builder",
word.phalhauh,phalhauh,verbs,K7,draft,pending,pending,Source: Kumtluang Class VII (SCERT Mizoram). VERIFY: precise nuance inferred from limited context.,to readily consent/allow,"Ngun tak takin phal, dûm dâm lo phal hi a ni.",A pa chuan a phalhauh lo.,7,"word_chain,spelling,word_search,tawng_upa,crossword,sentence_builder",
word.huai,huai,traditional_culture,K7,draft,pending,pending,"Source: Kumtluang Class VII (SCERT Mizoram). VERIFY culture-sensitive: khuavang/spirit-folklore belief, route to human culture reviewer.",a guardian spirit believed to inhabit a mountain or place,"Ram emaw tlang emaw chunga awm ngaiha thlarau, mite ring hi a ni.",Reiêk tlang huai an ti thin.,7,"word_chain,spelling,word_search,tawng_upa,crossword,sentence_builder",
word.ramhuai,ramhuai,traditional_culture,K7,draft,pending,pending,"Source: Kumtluang Class VII (SCERT Mizoram). VERIFY culture-sensitive: khuavang/spirit-folklore belief, route to human culture reviewer.",a forest/wild spirit,Ram emaw thlifim emaw chunga awm ngaiha thlarau hi a ni.,Ramhuai chungchang thawnthu kan hria.,7,"word_chain,spelling,word_search,tawng_upa,crossword,sentence_builder",
word.chenchilhtu,chenchilhtu,traditional_culture,K7,draft,pending,pending,Source: Kumtluang Class VII (SCERT Mizoram). VERIFY culture-sensitive: khuavang/spirit-folklore belief; exact nuance uncertain.,a caretaker/guardian spirit of a place,Hmun emaw thing emaw vengtu leh chenpuitu ngaiha thlarau hi a ni.,Thing hlui chu chenchilhtu nei niin an ring.,7,"word_chain,spelling,word_search,tawng_upa,crossword,sentence_builder",
word.vengtu-2,vengtu,community,K7,draft,pending,pending,"Source: Kumtluang Class VII (SCERT Mizoram). VERIFY spelling-variant: also found as class2:word.vengtu='vêngtu'(K2), class7:word.vengtu='vengtu'(K7) — confirm distinct words or same word/typo.","a guardian, watcher, protector","Mi emaw hmun emaw enkawl a, vênghim tu hi a ni.",Kan khaw vengtu an awm.,7,"word_chain,spelling,word_search,tawng_upa,crossword,sentence_builder",🛡️
word.hlum,hlum,verbs,K7,draft,pending,pending,Source: Kumtluang Class VII (SCERT Mizoram).,"to die, to perish (esp. violently)","Hringnun a bo, a thi hi a ni.",Sual chu tlan lohin a hlum ta a.,7,"word_chain,spelling,word_search,tawng_upa,crossword,sentence_builder",
word.chuanchung,chuan chung,nature,K7,draft,pending,pending,Source: Kumtluang Class VII (SCERT Mizoram).,the highest/topmost part of a village or region,"Khua emaw ram emaw khâm, a chung lam hlâwm hi a ni.","Chuan chung lamah kan din a, khua kan enfiah.",7,"picture_match,spelling,word_search,tawng_upa,crossword,thumal_kawp,sentence_builder",
word.bawhbel,bawhbel,traditional_culture,K7,draft,pending,pending,Source: Kumtluang Class VII (SCERT Mizoram). VERIFY culture-sensitive: traditional zawlbûk architecture practice.,a large log placed at a zawlbûk entrance one must climb over,"Zawlbûk luhna kawng bulah dah, luh apiang bawh liam tur thing pum hi a ni.",Naupang zawlbûkah luh tan chuan bawhbel an bawh liam thin.,7,"word_chain,spelling,word_search,tawng_upa,crossword",
word.sut-2,sût,traditional_culture,K7,draft,pending,pending,Source: Kumtluang Class VII (SCERT Mizoram). VERIFY culture-sensitive: traditional architecture/craft practice. VERIFY possible duplicate: diacritic-variant of existing word 'sut' already in corpus — confirm same word or distinct before import.,the ridge support beam in a traditional Mizo house,"In chunga thing tlawn kham ban dotu, in tlûng dotu hi a ni.",In siam khan sût tha takin an siam ngai.,7,"word_chain,spelling,word_search,tawng_upa,crossword,sentence_builder",
word.tapchepsut,tap chep sût,traditional_culture,K7,draft,pending,pending,Source: Kumtluang Class VII (SCERT Mizoram). VERIFY culture-sensitive: traditional zawlbûk architecture practice.,the support posts near a zawlbûk's hearth/fireplace area,Zawlbûk chhuata mei tuahna tap sir tawna sût dingte hi a ni.,Tap chep sût kaihah zawlbûk mite an chen ngun.,7,"word_chain,spelling,word_search,tawng_upa,crossword,sentence_builder",
word.bahzar,bahzâr,traditional_culture,K7,draft,pending,pending,Source: Kumtluang Class VII (SCERT Mizoram). VERIFY culture-sensitive: traditional architecture tied to zawlbûk/chief's house.,a raised wooden platform along a wall (zawlbûk or chief's house),Zawlbûk emaw lal in emaw kawmchâr lama chhuat sang bik siam hi a ni.,Bahzâr ah zawlbûk mite an chen thin.,7,"word_chain,spelling,word_search,tawng_upa,crossword,sentence_builder",
word.dawvan,dawvân,traditional_culture,K7,draft,pending,pending,Source: Kumtluang Class VII (SCERT Mizoram). VERIFY culture-sensitive: traditional architecture tied to zawlbûk/chief's house.,a raised wooden platform (synonym of bahzâr),Bahzâr ang bawka lal in emaw zawlbûk emaw kawmchâr lama siam chhuat sang bik hi a ni.,"Dawvân ah an chen a, an thlaruk hlim em em.",7,"word_chain,spelling,word_search,tawng_upa,crossword",
word.awkpaka,âwkpakâ,traditional_culture,K7,draft,pending,pending,Source: Kumtluang Class VII (SCERT Mizoram). VERIFY culture-sensitive: traditional zawlbûk architecture detail.,the gap between railing bars of a bahzâr platform,Zawlbûk bahzâr bang hmâwr inkâr a âwng hi a ni.,Âwkpakâah chuan naupangte an ke an insawn lut fo thin.,7,"word_chain,spelling,word_search,tawng_upa,crossword",
word.beisei,beisei,values,K7,draft,pending,pending,Source: Kumtluang Class VII (SCERT Mizoram).,"hope, expectation",Thil ṭha lo chhuak dawn tih ngaihtuahna hi a ni.,Ka ram atan beisei nasa tak ka nei.,7,"word_chain,spelling,word_search,tawng_upa,crossword,sentence_builder",
word.zalen,zalên,values,K7,draft,pending,pending,Source: Kumtluang Class VII (SCERT Mizoram).,"freedom, independence","Mi dang thuneihna hnuaia awm loh, mahni put put theihna hi a ni.",Kan ram hi zalên tak a ni.,7,"word_chain,spelling,word_search,tawng_upa,crossword,sentence_builder",🕊️
word.tihmingchhet,tihmingchhet,values,K7,draft,pending,pending,Source: Kumtluang Class VII (SCERT Mizoram).,"to disgrace, to bring shame to one's name",Mi hming emaw hnam hming emaw chhiatna hmuh a tihchhiatu hi a ni.,Sual thawh chuan mahni tihmingchhet a ni.,7,"word_chain,spelling,word_search,tawng_upa,crossword,sentence_builder",
word.rawngbawl,rawngbawl,values,K7,draft,pending,pending,Source: Kumtluang Class VII (SCERT Mizoram).,"to serve, to take care of (a duty)","Mi dang emaw ram emaw tan hna thawk a, enkawl hi a ni.",Ram kan rawngbawl tur a ni.,7,"word_chain,spelling,word_search,tawng_upa,crossword,sentence_builder",
word.hum,hum,verbs,K7,draft,pending,pending,Source: Kumtluang Class VII (SCERT Mizoram).,"to protect, to guard, to defend",Hlauhawm emaw hmêlma emaw laka vênghim hi a ni.,Kan ram kan hum ang.,7,"word_chain,spelling,word_search,tawng_upa,crossword,sentence_builder",🛡️
word.tihkian,tihkian,verbs,K7,draft,pending,pending,Source: Kumtluang Class VII (SCERT Mizoram).,"to correct, to fix, to rectify",Thil suala emaw dik loh emaw dik takah siam let hi a ni.,Thil dik lo kan tihkian tur a ni.,7,"word_chain,spelling,word_search,tawng_upa,crossword,sentence_builder",
word.taihmakna-2,taihmâkna,values,K7,draft,pending,pending,Source: Kumtluang Class VII (SCERT Mizoram). VERIFY possible duplicate: diacritic-variant of existing word 'taihmakna' already in corpus — confirm same word or distinct before import.,"diligence, perseverance, hard work","Hlauhawm lovin, taima leh chak takin thawk zel hi a ni.",Taihmâkna avangin hlawhtlinna a chang.,7,"word_chain,spelling,word_search,tawng_upa,crossword,sentence_builder",
word.tanpuitu,tanpuitu,community,K7,draft,pending,pending,Source: Kumtluang Class VII (SCERT Mizoram).,"a helper, one who assists",Mi dang harsatna hip laiin ṭanpui thin tu hi a ni.,Tanpuitu tha kan awm chuan hna kan thawh nual.,7,"word_chain,spelling,word_search,tawng_upa,crossword,sentence_builder",🤝
word.khawlkhawm,khawl khâwm,values,K7,draft,pending,pending,Source: Kumtluang Class VII (SCERT Mizoram).,"accumulated wealth, earnings",Hna thawh atanga sum leh pai lâk khâwm hi a ni.,Khawl khâwm rêng rêngin mihring dam a ring a phal lo.,7,"word_chain,spelling,word_search,tawng_upa,crossword",
word.chhekkhawm,chhêk khâwm,values,K7,draft,pending,pending,Source: Kumtluang Class VII (SCERT Mizoram).,to gather/hoard through wrongful means,Dik lo takin thil emaw sum emaw chelh khâwm hi a ni.,Chhêk khâwm thil chu a hlawhtlin ngai lo.,7,"word_chain,spelling,word_search,tawng_upa,crossword,sentence_builder",
word.benbel,benbel,verbs,K7,draft,pending,pending,Source: Kumtluang Class VII (SCERT Mizoram).,to lend out generously,Mi dang tan thil emaw hmun emaw in leh lo hman theihna atan pêk hi a ni.,Ka in leh lo mi hnenah ka benbel thin.,7,"word_chain,spelling,word_search,tawng_upa,crossword,sentence_builder",
word.hlohna,hlohna,values,K7,draft,pending,pending,Source: Kumtluang Class VII (SCERT Mizoram).,"loss, defeat","Thil neih emaw beihna emaw a bo, hlawhchham hi a ni.",Match kan hlohna a tam.,7,"word_chain,spelling,word_search,tawng_upa,crossword,sentence_builder",
word.kaihruaitu,kaihruaitu,values,K7,draft,pending,pending,Source: Kumtluang Class VII (SCERT Mizoram).,"a guide, a guiding principle",Kawng dik lam atan hruaitu emaw dan pawimawh emaw hi a ni.,Rinawmna hi ka nun kaihruaitu a ni.,7,"word_chain,spelling,word_search,tawng_upa,crossword,sentence_builder",
word.chhepsual,chhep sual,idiom,K7,draft,pending,pending,Source: Kumtluang Class VII (SCERT Mizoram).,"to make a misstep, to err in action","Kal emaw thawh emaw a sual, dik lo takin tih hi a ni.",Ka ke ka chhep sual lovin ka nun kan tum ang.,7,"word_chain,spelling,word_search,tawng_upa,crossword",
word.rukruk,rûkrûk,values,K7,draft,pending,pending,Source: Kumtluang Class VII (SCERT Mizoram).,"corruption, dishonesty, bribery",Sum leh pai duhamna avanga dan bawhchhia hi a ni.,Rûkrûk avangin ram nun a tichhia thei.,7,"word_chain,spelling,word_search,tawng_upa,crossword,sentence_builder",
word.hnamhmel,hnam hmêl,idiom,K7,draft,pending,pending,Source: Kumtluang Class VII (SCERT Mizoram).,"national image, reputation","Hnam mizia leh a chak sawina, mite hriatna hi a ni.",Kan thil tih dan chuan hnam hmêl a tichhia thei.,7,"word_chain,spelling,word_search,tawng_upa,crossword",
word.beidawnna,beidawnna,values,K7,draft,pending,pending,Source: Kumtluang Class VII (SCERT Mizoram).,"despair, hopelessness","Beisei bo taka awm, ṭha lo ngaih avang mangang hi a ni.",Beidawnna chu duhthusam a ni lo.,7,"word_chain,spelling,word_search,tawng_upa,crossword,sentence_builder",
word.chirhdum,chirhdûm,nature,K7,draft,pending,pending,Source: Kumtluang Class VII (SCERT Mizoram).,"a deep pit, abyss","Lei chhunga chhak thuk tak, êng loh hmun hi a ni.",Beidawnna chirhdûmah tla lo tur chuan i beiseina tha ve rawh.,7,"picture_match,spelling,word_search,tawng_upa,crossword,thumal_kawp",
word.luahtu,luahtu,values,K7,draft,pending,pending,Source: Kumtluang Class VII (SCERT Mizoram).,"a conqueror, one who seizes by force",Mi dang ram emaw thil emaw chak leh lakin lakpui tu hi a ni.,Ram luahtu chu mahni chak ringawtin an rin.,7,"word_chain,spelling,word_search,tawng_upa,crossword,sentence_builder",
word.inpumkhatna-2,inpumkhatna,values,K7,draft,pending,pending,Source: Kumtluang Class VII (SCERT Mizoram).,"unity, solidarity","Mi tam takin rilru leh thiltih dinhmun khat taka awm, inzawm hi a ni.",Inpumkhatna avangin hlawhtlinna a chang thin.,7,"word_chain,spelling,word_search,tawng_upa,crossword,sentence_builder",🤝
word.rawk,rawk,verbs,K7,draft,pending,pending,Source: Kumtluang Class VII (SCERT Mizoram).,"to lose (something one owns), to be bereft","Thil neih emaw hausakna emaw a bo, laksak hi a ni.",Sual leh thil chhia thawh chuan ka rawk mai ang.,7,"word_chain,spelling,word_search,tawng_upa,crossword",
word.thlahthlam,thlahthlam,verbs,K7,draft,pending,pending,Source: Kumtluang Class VII (SCERT Mizoram).,"to neglect, to fail to care for","Thil emaw mi emaw ngaihsak lo, humhalh lo hi a ni.",Ram thlahthlam chu a tha lo.,7,"word_chain,spelling,word_search,tawng_upa,crossword,sentence_builder",
word.mahnikutke,mahni kutke,idiom,K7,draft,pending,pending,Source: Kumtluang Class VII (SCERT Mizoram).,"self-reliance, one's own capability","Mahni chakna leh theihna, mi dang zawn lova awm hi a ni.",Mahni kutke chakin hlawhtling ka chak.,7,"word_chain,spelling,word_search,tawng_upa,crossword,sentence_builder",
word.lukhawng,lukhâwng,values,K7,draft,pending,pending,Source: Kumtluang Class VII (SCERT Mizoram).,final/ultimate profit or gain,Thil siam emaw hna thawh emaw tawpa hlawkna hi a ni.,Lukhâwng tak chu mi dangte tan pawimawhna a ni.,7,"word_chain,spelling,word_search,tawng_upa,crossword,sentence_builder",
word.thlawn,thlâwn,idiom,K7,draft,pending,pending,Source: Kumtluang Class VII (SCERT Mizoram).,"instead of, in place of",Thil dang emaw mi dang emaw zawn ah dah hi a ni.,A lo thlâwn deuhvin thil ṭha ka thawk ang.,7,"word_chain,spelling,word_search,tawng_upa,crossword,sentence_builder",
word.kuttlinglo,kut tling lo,idiom,K7,draft,pending,pending,Source: Kumtluang Class VII (SCERT Mizoram).,not achieved through honest effort,"Dik taka thawh chhuah ni lo, lâk khâwm emaw duhamna emaw hmang hi a ni.",Kut tling lo hausakna chu a rei lo va bo ang.,7,"word_chain,spelling,word_search,tawng_upa,crossword",
word.hut,hût,adjectives,K7,draft,pending,pending,Source: Kumtluang Class VII (SCERT Mizoram).,"unfit, spoiled, ill-gotten","Ei tlâk lo, chhia leh dik loh hi a ni.",Hût taka lak khâwm sum chuan hlim a pe thei lo.,7,"word_chain,spelling,word_search,tawng_upa,crossword",
word.bengbel,bêngbel,verbs,K7,draft,pending,pending,Source: Kumtluang Class VII (SCERT Mizoram).,to secure/store something firmly,"In sa dah, chhia lo tur leh boral lo tur atan dah hi a ni.",Ka thil chu bêngbel takin ka dah.,7,"word_chain,spelling,word_search,tawng_upa,crossword,sentence_builder",
word.uchuak,uchuak,adjectives,K7,draft,pending,pending,Source: Kumtluang Class VII (SCERT Mizoram).,"excessive, beyond what is appropriate","Awm tawk aia nasa zâwk, itawm lo hi a ni.",Uchuak taka a chhûk hlawhtling lo vang.,7,"word_chain,spelling,word_search,tawng_upa,crossword,sentence_builder",
word.hmaitimawk,hmai timâwk,idiom,K7,draft,pending,pending,Source: Kumtluang Class VII (SCERT Mizoram).,to disgrace/tarnish one's reputation,"Hming tichhia, timualpho hi a ni.",Sual thawh chuan mahni hmai timâwk a ni.,7,"word_chain,spelling,word_search,tawng_upa,crossword,sentence_builder",
word.tlabal,tlabal,adjectives,K7,draft,pending,pending,Source: Kumtluang Class VII (SCERT Mizoram).,"bad, evil, wicked","Thil chhia, a chhe lai deuh hi a ni.",Tlabal taka thawh chu mi tan a tha lo.,7,"word_chain,spelling,word_search,tawng_upa,crossword,sentence_builder",
word.rambua,ram bua,idiom,K7,draft,pending,pending,Source: Kumtluang Class VII (SCERT Mizoram).,"a troubled, impoverished land","Ram thlawhbua, thing leh mau umumal loh, hausak lo hi a ni.",Ram bua ah mite an nun harsa hle.,7,"word_chain,spelling,word_search,tawng_upa,crossword,sentence_builder",
word.dingchang,dingchang,verbs,K7,draft,pending,pending,Source: Kumtluang Class VII (SCERT Mizoram).,"to stand firm, to be stable/successful","Hlawhtling a, dingchhuak thei hi a ni.",Taihmâkna avangin a dingchang ta.,7,"word_chain,spelling,word_search,tawng_upa,crossword,sentence_builder",
word.phuhru,phuhru,verbs,K7,draft,pending,pending,Source: Kumtluang Class VII (SCERT Mizoram).,"to burden, to be a load on someone","Mi dang mamawh tihsak a, hnawh phurtu hi a ni.",Mahni tuar tur mi dang phuhru chu a tha lo.,7,"word_chain,spelling,word_search,tawng_upa,crossword",
word.nunrawn,nunrâwn,values,K7,draft,pending,pending,Source: Kumtluang Class VII (SCERT Mizoram).,"livelihood, sustenance","Nun kaltir theihna, chaw leh thil neih hi a ni.",A nunrâwn atan hna a thawk zel.,7,"word_chain,spelling,word_search,tawng_upa,crossword,sentence_builder",
word.nihlawh,nihlawh,values,K7,draft,pending,pending,Source: Kumtluang Class VII (SCERT Mizoram).,"loss, deficiency","Thil neih emaw beihna emaw a tlem, harsatna hi a ni.",Sum nihlawh chuan a chhungkuate a buai thei.,7,"word_chain,spelling,word_search,tawng_upa,crossword,sentence_builder",
word.hlen,hlen,verbs,K7,draft,pending,pending,Source: Kumtluang Class VII (SCERT Mizoram).,"to increase, to extend, to add to",A zat emaw a rei emaw belh zual hi a ni.,Kan hausakna kan hlen zel a tul.,7,"word_chain,spelling,word_search,tawng_upa,crossword,sentence_builder",
word.thuam,thuam,tools,K7,draft,pending,pending,Source: Kumtluang Class VII (SCERT Mizoram).,"equipment, gear",Hna thawh emaw kal emaw atana mamawh thil hrang hrang hi a ni.,Zin thuam kan buatsaih tawh a ni.,7,"picture_match,spelling,word_search,tawng_upa,crossword,thumal_kawp,sentence_builder",
word.thangthar-2,thangthar,community,K7,draft,pending,pending,"Source: Kumtluang Class VII (SCERT Mizoram). VERIFY spelling-variant: also found as class4:word.thangthar='ṭhangthar'(K4), class7:word.thangthar='thangthar'(K7) — confirm distinct words or same word/typo.","youth, the young generation","Naupang leh tlangval hnathar chi, khawtlang atana thar chhuak hi a ni.",Thangthar chuan ram hmasawnna an bei tul.,7,"word_chain,spelling,word_search,tawng_upa,crossword,sentence_builder",🧑
word.chhiatni-2,chhiatni,idiom,K7,draft,pending,pending,Source: Kumtluang Class VII (SCERT Mizoram).,"a day of misfortune, a day of disaster","Vanduaina lo thlen ni, thil chhe chhuak ni hi a ni.",Chhiatni a lo thleng loh atan kan innghah tul.,7,"word_chain,spelling,word_search,tawng_upa,crossword,sentence_builder",
word.run-2,rûn,nature,K7,draft,pending,pending,Source: Kumtluang Class VII (SCERT Mizoram).,"house, dwelling place","Mi chenna in, chhawmna hmun hi a ni.",Chhak leh thlang rûn tinah virthli a lêng vel.,7,"picture_match,spelling,word_search,tawng_upa,crossword,thumal_kawp,sentence_builder",🏠
word.thinglenbuang,thinglenbuang,nature,K7,draft,pending,pending,Source: Kumtluang Class VII (SCERT Mizoram).,a large tree/tree trunk,"Thing kung lian tak, ram huamah din reng hi a ni.",Thinglenbuang chungah sava an in hnuai thin.,7,"picture_match,spelling,word_search,tawng_upa,crossword,thumal_kawp,sentence_builder",🌳
word.siahthing,siahthing,nature,K7,draft,pending,pending,Source: Kumtluang Class VII (SCERT Mizoram). VERIFY: exact tree species uncertain.,a type of large tree,"Thing kung chi khat, ram huamah awm thin hi a ni.",Siahthing hnuaiah kan hmun a nuam.,7,"picture_match,spelling,word_search,tawng_upa,crossword,thumal_kawp,sentence_builder",
word.thlangkawrthli,thlangkawr thli,nature,K7,draft,pending,pending,Source: Kumtluang Class VII (SCERT Mizoram).,wind blowing from the mountain pass or west,Kawr ruam lam aṭanga thli rawn tleh/thaw hi a ni.,Thlangkawr thli chu a var hle.,7,"picture_match,spelling,word_search,tawng_upa,crossword,thumal_kawp,sentence_builder",
word.inchhawk,inchhawk,nature,K7,draft,pending,pending,Source: Kumtluang Class VII (SCERT Mizoram).,ocean waves surging/crashing,Tuifawn intan bung nghuat nghuat hi a ni.,Tuipui a inchhawk chuan a rim a nasa hle.,7,"picture_match,spelling,word_search,tawng_upa,crossword,thumal_kawp,sentence_builder",🌊
word.nghawrdim,nghawr dim,idiom,K7,draft,pending,pending,Source: Kumtluang Class VII (SCERT Mizoram).,"a hollow, melancholy feeling","Nghawr nghing, thin tithawng tihna hi a ni.",Nghawr dim rilru nen a khaw a en zel.,7,"word_chain,spelling,word_search,tawng_upa,crossword,sentence_builder",
word.ruang,ruang,traditional_culture,K7,draft,pending,pending,Source: Kumtluang Class VII (SCERT Mizoram). VERIFY culture-sensitive: reference to a dead body/death context.,"a corpse, dead body","Mihring thi tawh, taksa awm chhun hi a ni (chang khat).",Ruang chu an phum a.,7,"word_chain,spelling,word_search,tawng_upa,crossword,sentence_builder",
word.kawlvirthli,kawl virthli,nature,K7,draft,pending,pending,Source: Kumtluang Class VII (SCERT Mizoram). 🍃,"a gentle, pleasant breeze",Thli fim leh nuam takin thaw hi a ni.,Kawl virthli chu a nuam hle.,7,"picture_match,spelling,word_search,tawng_upa,crossword,thumal_kawp,sentence_builder",
word.ruangdamna,ruang damna,idiom,K7,draft,pending,pending,Source: Kumtluang Class VII (SCERT Mizoram).,something that restores/revives the body,"Taksa tihahdamtu, hriselna atan ṭha hi a ni.",Damdawi hi ruang damna a ni thin.,7,"word_chain,spelling,word_search,tawng_upa,crossword,sentence_builder",
word.chhak,chhak,nature,K7,draft,pending,pending,Source: Kumtluang Class VII (SCERT Mizoram).,east (direction),"Ni chhuah lam, kim hrang khat hi a ni.",Chhak lam aṭangin ni a chhuak.,7,"picture_match,spelling,word_search,tawng_upa,crossword,thumal_kawp,sentence_builder",🧭
word.thlang,thlang,nature,K7,draft,pending,pending,Source: Kumtluang Class VII (SCERT Mizoram). VERIFY: 'thlang' more commonly means hillside; here paired with chhak (east) to mean west.,"west (direction, in this context)","Ni tlâk lam, chhak kim laka awm hi a ni.",Thlang lam aṭangin ni a tlâk.,7,"picture_match,spelling,word_search,tawng_upa,crossword,thumal_kawp,sentence_builder",
word.hleitling,hleitling,adjectives,K7,draft,pending,pending,Source: Kumtluang Class VII (SCERT Mizoram). VERIFY culture-sensitive: traditional wrestling attire.,"loose and baggy, oversized (of clothing)","Puan lian leh hrawl, ke tak lo hi a ni.",Inbuan turin puan hleitling an ven thin.,7,"word_chain,spelling,word_search,tawng_upa,crossword,sentence_builder",
word.insuknawr,insuknawr,traditional_culture,K7,draft,pending,pending,Source: Kumtluang Class VII (SCERT Mizoram). VERIFY culture-sensitive: traditional wrestling custom; exact nuance inferred from context.,to warm up/loosen up the body before a match,"Taksa in nawr a, tumte hmasa ah insik siam hi a ni.",Inbuan hmasak an insuknawr ṭhin.,7,"word_chain,spelling,word_search,tawng_upa,crossword,sentence_builder",
word.inchhawn,inchhawn,traditional_culture,K7,draft,pending,pending,Source: Kumtluang Class VII (SCERT Mizoram). VERIFY culture-sensitive: traditional wrestling challenge custom; exact nuance uncertain.,to challenge one another to a match,Mi pahnih inbuan tumin inko/insawi hi a ni.,Tlangval pahnih chu an inchhawn a.,7,"word_chain,spelling,word_search,tawng_upa,crossword,sentence_builder",
word.indaikhalh,indaikhalh,traditional_culture,K7,draft,pending,pending,Source: Kumtluang Class VII (SCERT Mizoram). VERIFY culture-sensitive: traditional wrestling technique.,to sweep or trip an opponent's leg (wrestling technique),"Inbuan laiin doral ke chhep chhawn a, tlu tir hi a ni.",A thiam zawk chuan a daikhalh leh nge nge thin.,7,"word_chain,spelling,word_search,tawng_upa,crossword",
word.zualko,zualko,traditional_culture,K7,draft,pending,pending,"Source: Kumtluang Class VII (SCERT Mizoram). VERIFY culture-sensitive: death/mourning-related community custom; exact nuance uncertain, route to human culture reviewer.",a customary practice/announcement associated with death,Mitthi thu hriattirna atana khawtlang zinga siam dan hi a ni.,Zualko thu an hriatin mitthi chhungte an lainat pui.,7,"word_chain,spelling,word_search,tawng_upa,crossword,sentence_builder",
word.inphawi,inphawi,traditional_culture,K7,draft,pending,pending,Source: Kumtluang Class VII (SCERT Mizoram). VERIFY culture-sensitive: traditional wrestling challenge custom.,to make a formal challenge/pledge for a match,Inbuan tum ni tur ngun taka insawi/inko hi a ni.,Inban phawi tih hi inphawi tihna a ni.,7,"word_chain,spelling,word_search,tawng_upa,crossword,sentence_builder",
word.kawtchhuah,kawtchhuah,traditional_culture,K7,draft,pending,pending,Source: Kumtluang Class VII (SCERT Mizoram). VERIFY: nuance inferred from limited context.,a formal public first appearance (coming-out),"A hmasa berah khalh chhuah a, mi tan intar lan hi a ni.",Tlangval thar chu an kawtchhuah zel thin.,7,"word_chain,spelling,word_search,tawng_upa,crossword,sentence_builder",
word.tlangau,tlangau,traditional_culture,K7,draft,pending,pending,Source: Kumtluang Class VII (SCERT Mizoram). VERIFY culture-sensitive: traditional community announcement practice.,"a village crier, a traditional town announcer","Khaw thu hriattir tumin au a, chhuak sung sung hi a ni.",Tlangau chuan khaw mite hnenah thu a puang.,7,"word_chain,spelling,word_search,tawng_upa,crossword,sentence_builder",
word.ramri,ramri,nature,K7,draft,pending,pending,Source: Kumtluang Class VII (SCERT Mizoram).,"boundary, border","Ram khat leh ram dang inkâr, mêl hriat theih hi a ni.",Ramri pel lo tûr chuan fîm takin i kal tul ang.,7,"picture_match,spelling,word_search,tawng_upa,crossword,thumal_kawp",
word.sapan,sa pan,tools,K7,draft,pending,pending,Source: Kumtluang Class VII (SCERT Mizoram).,an animal trap or snare,Ramsa man atana siam thil hi a ni.,Sa pan ah sazuk a lo man.,7,"picture_match,spelling,word_search,tawng_upa,crossword,thumal_kawp,sentence_builder",
word.sulsutu,sûlsutu,traditional_culture,K7,draft,pending,pending,Source: Kumtluang Class VII (SCERT Mizoram). VERIFY culture-sensitive: traditional hunting/lighting practice; exact nuance uncertain.,"a torch-bearer, one who carries a pine torch","Sûl (kâng thing) hmangin eng siamtu, hunga zin lamtu hi a ni.",Sûlsutu chu an hnuhnung berah an zui.,7,"word_chain,spelling,word_search,tawng_upa,crossword,sentence_builder",
word.chaldar,chaldâr,body_parts,K7,draft,pending,pending,"Source: Kumtluang Class VII (SCERT Mizoram). VERIFY: exact anatomical meaning uncertain, inferred from hunting context.",a vital/critical spot on the body,Taksa chunga thlen chhuak tur hmun pawimawh tak hi a ni.,Rawthla chu a chaldârah a lo kap.,7,"picture_match,spelling,word_search,tawng_upa,crossword,thumal_kawp,sentence_builder",
word.tiaupho,tiaupho,animals,K7,draft,pending,pending,Source: Kumtluang Class VII (SCERT Mizoram).,foam/froth from an animal's mouth,Ramsa kaa lo chhuak fim/chhu hi a ni.,A hlau em avangin sazu chu a tiaupho a lo chhuak.,7,"picture_match,spelling,word_search,tawng_upa,crossword,thumal_kawp",
word.tluklohrimnam,tluk loh rim nam,idiom,K7,draft,pending,pending,Source: Kumtluang Class VII (SCERT Mizoram). VERIFY: nuance inferred from limited context.,an unusually powerful or unmistakable smell,"A rim tluk loh, hriat theih tur hi a ni.",Ramhuai lêng chuan tluk loh rim nam a chhuak thin.,7,"word_chain,spelling,word_search,tawng_upa,crossword",
word.kaizaveng,kaiza veng,idiom,K7,draft,pending,pending,Source: Kumtluang Class VII (SCERT Mizoram). VERIFY: nuance inferred from limited context.,"rear guards, those watching the flank of a group",Pawl hnuhnung lam vengtute hi a ni.,Kaiza veng chu an rawn thlengin hlauhawm an hria.,7,"word_chain,spelling,word_search,tawng_upa,crossword,sentence_builder",
word.insaseng,insaseng,verbs,K7,draft,pending,pending,Source: Kumtluang Class VII (SCERT Mizoram).,"to defend oneself, to fend for oneself","Mahni ven, hlauhawm laka insik hi a ni.",Hliam avangin a insaseng thei ta lo.,7,"word_chain,spelling,word_search,tawng_upa,crossword,sentence_builder",
word.hahip,hahip,verbs,K7,draft,pending,pending,Source: Kumtluang Class VII (SCERT Mizoram). VERIFY: nuance inferred from limited context.,to recount a story with amazement/awe,Thawnthu emaw huaisenna emaw mak takin sawi zel hi a ni.,A huaizia chu hahipin an sawi thin.,7,"word_chain,spelling,word_search,tawng_upa,crossword,sentence_builder",
word.kawlkhuang,kâwlkhuang,traditional_culture,K7,draft,pending,pending,Source: Kumtluang Class VII (SCERT Mizoram). VERIFY culture-sensitive: traditional musical instrument.,a type of traditional drum,"Khuang chi khat, chai leh in laka hman hi a ni.",Kâwlkhuang chu khuang chi pakhat a ni.,7,"word_chain,spelling,word_search,tawng_upa,crossword,sentence_builder",
word.darmang,darmang,traditional_culture,K7,draft,pending,pending,Source: Kumtluang Class VII (SCERT Mizoram). VERIFY culture-sensitive: traditional musical instrument.,a type of small traditional gong/cymbal,"Dâr chi khat, man leh mual atan hman hi a ni.",Darmang chu dâr chi hrang hrangte zinga pakhat a ni.,7,"word_chain,spelling,word_search,tawng_upa,crossword",
word.mautawtawrawt,mau tawtawrawt,traditional_culture,K7,draft,pending,pending,Source: Kumtluang Class VII (SCERT Mizoram). VERIFY culture-sensitive: traditional musical instrument.,a bamboo wind/percussion instrument,Mau hmangin siam rimawi hmanrua hi a ni.,Mau tawtawrawt chu chai laiin an tum thin.,7,"word_chain,spelling,word_search,tawng_upa,crossword,sentence_builder",
word.tuiumdar,tuiumdâr,traditional_culture,K7,draft,pending,pending,Source: Kumtluang Class VII (SCERT Mizoram). VERIFY culture-sensitive: traditional musical instrument.,a traditional single-string musical instrument,"Hrui nei chi rimawi hmanrua, indopui bakah an ngainâ hi a ni.",Tuiumdâr tumin an hla an sa thin.,7,"word_chain,spelling,word_search,tawng_upa,crossword,sentence_builder",
word.manlehmual,man leh mual,traditional_culture,K7,draft,pending,pending,"Source: Kumtluang Class VII (SCERT Mizoram). VERIFY culture-sensitive: traditional marriage custom, route to human culture reviewer.",traditional bride price/dowry payment,"Inneihna man, nula man atana pêk hi a ni.",Man leh mual chu an inhmang tha hle.,7,"word_chain,spelling,word_search,tawng_upa,crossword,sentence_builder",
word.ralluaih,ral lu aih,traditional_culture,K7,draft,pending,pending,"Source: Kumtluang Class VII (SCERT Mizoram). VERIFY culture-sensitive: historical headhunting/war-trophy celebration custom, route to human culture reviewer.",a traditional victory celebration involving an enemy's severed head (historical warfare custom),"Hmanlai chuan râl an thah hian a lu an hawn a, an ai (lawm) thin, chumi sawina hi a ni.",Ral lu aih hi hmanlai khawtlang chanchin ah kan hria.,7,"word_chain,spelling,word_search,tawng_upa,crossword",
word.chawnlehlam,chawn leh lâm,traditional_culture,K7,draft,pending,pending,Source: Kumtluang Class VII (SCERT Mizoram). VERIFY culture-sensitive: traditional ceremonial feast/dance custom.,a traditional feast and dance celebration,"Zu leh sa ruaipuiin khawtlang hrai a ngai a, chawng leh lâm bawl hi a ni.",Chawn leh lâm bawlah chuan khaw mi zawng an chen khawm.,7,"word_chain,spelling,word_search,tawng_upa,crossword",
word.kutnivangthla,kûtni vângthla,traditional_culture,K7,draft,pending,pending,Source: Kumtluang Class VII (SCERT Mizoram). VERIFY culture-sensitive: traditional festival calendar/practice.,traditional festival days and calendar,"Kût hun, kût hman ni leh thla sawina hi a ni.",Kûtni vângthla chu Mizote ngaih pawimawh a ni.,7,"word_chain,spelling,word_search,tawng_upa,crossword,sentence_builder",
word.chanvo,chanvo,values,K7,draft,pending,pending,Source: Kumtluang Class VII (SCERT Mizoram).,"fate, destiny, one's lot in life","Mi tan pêk chan, a hun leh a dinhmun hi a ni.",I chanvo pawimawh tak i nei.,7,"word_chain,spelling,word_search,tawng_upa,crossword,sentence_builder",
word.enkawlsak,enkawlsak,verbs,K7,draft,pending,pending,Source: Kumtluang Class VII (SCERT Mizoram).,to manage/oversee on someone's behalf,Mi dang tan thil emaw sum emaw enkawl pui hi a ni.,Ka sum min enkawlsak turin ka duh.,7,"word_chain,spelling,word_search,tawng_upa,crossword,sentence_builder",
word.tikhat,tikhat,idiom,K7,draft,pending,pending,Source: Kumtluang Class VII (SCERT Mizoram).,one-tenth (a fraction),"Thil zat pumhlum aṭanga sem a, hlawm khat hi a ni.",Ka lak chhuahna tikhat ka thlarau atan ka bei.,7,"word_chain,spelling,word_search,tawng_upa,crossword,sentence_builder",
word.titlem,titlem,verbs,K7,draft,pending,pending,Source: Kumtluang Class VII (SCERT Mizoram).,"to reduce, to cut down (spending)",A zat emaw a rei emaw tlem zawk atan siam hi a ni.,I sum sênna titlem rawh.,7,"word_chain,spelling,word_search,tawng_upa,crossword,sentence_builder",
word.peipung,peipung,verbs,K7,draft,pending,pending,Source: Kumtluang Class VII (SCERT Mizoram).,"to multiply, to grow through compounding","A zat a ziah zual, pung deuh deuh hi a ni.",I sum khawl chu peipung turin dah rawh.,7,"word_chain,spelling,word_search,tawng_upa,crossword,sentence_builder",
word.hnar-2,hnâr,verbs,K7,draft,pending,pending,Source: Kumtluang Class VII (SCERT Mizoram). VERIFY possible duplicate: diacritic-variant of existing word 'Hnar' already in corpus — confirm same word or distinct before import.,"to protect, to secure (against loss)",Thil neih chu bo lo tur leh chhiat lo tur atan vênghim hi a ni.,I sum chu hnâr ngheta siam ang che.,7,"word_chain,spelling,word_search,tawng_upa,crossword,sentence_builder",
word.themthiam,themthiam,adjectives,K7,draft,pending,pending,Source: Kumtluang Class VII (SCERT Mizoram).,"skilled, competent, expert",Hna emaw thil emaw ah fim leh thiam hi a ni.,Themthiam zawk tura beih a tul.,7,"word_chain,spelling,word_search,tawng_upa,crossword,sentence_builder",
word.kawrawk,kawrawk,adjectives,K7,draft,pending,pending,Source: Kumtluang Class VII (SCERT Mizoram).,"extremely poor, destitute",In chhung bungrua leh khawsakna eng mah nei mumal loh hi a ni.,Kawrawk taka an khawsa.,7,"word_chain,spelling,word_search,tawng_upa,crossword,sentence_builder",
word.dahkham,dahkham,verbs,K7,draft,pending,pending,Source: Kumtluang Class VII (SCERT Mizoram).,"to pawn, to mortgage something","Pawisa pek tur neih loh vanga thil dang dah, man atan pêk hi a ni.",A puan chu a dahkham ta.,7,"word_chain,spelling,word_search,tawng_upa,crossword,sentence_builder",
word.intlawhpawh,intlawh pawh,verbs,K7,draft,pending,pending,Source: Kumtluang Class VII (SCERT Mizoram).,"to compete with, to rival one another","Inlen pawh, khat leh khat intlawh hi a ni.",Naupangte chuan an intlawh pawh thin.,7,"word_chain,spelling,word_search,tawng_upa,crossword,sentence_builder",
word.hluihlawn,hluihlâwn,verbs,K7,draft,pending,pending,Source: Kumtluang Class VII (SCERT Mizoram).,to neglect/abandon something once used,"Hman duh tawh lo, hnawl a, dah tâwl hi a ni.",A thil hlawm hnawl chu a hluihlâwn ta.,7,"word_chain,spelling,word_search,tawng_upa,crossword,sentence_builder",
word.asarhulai,a sârhû lai,idiom,K7,draft,pending,pending,Source: Kumtluang Class VII (SCERT Mizoram).,"at first, at the very beginning","A tantir, a hlimchhâwng lai hi a ni.",A sârhû lai chuan an hlim em em.,7,"word_chain,spelling,word_search,tawng_upa,crossword,sentence_builder",
word.mihrang,mi hrâng,traditional_culture,K7,draft,pending,pending,Source: Kumtluang Class VII (SCERT Mizoram). VERIFY culture-sensitive: pasaltha/warrior-culture reference.,"a brave hero, a warrior (pasaltha)","Mi huaisen, pasaltha chi hi a ni.",Mi hrâng te chungchang thawnthu kan chhiar thin.,7,"word_chain,spelling,word_search,tawng_upa,crossword,sentence_builder",
word.tham,thâm,adjectives,K7,draft,pending,pending,Source: Kumtluang Class VII (SCERT Mizoram).,"exhausted, depleted, gone","Bo, ral, awm tawh lo hi a ni.",A chak chu a thâm ta.,7,"word_chain,spelling,word_search,tawng_upa,crossword,sentence_builder",
word.pialleikara,piallei kara,traditional_culture,K7,draft,pending,pending,Source: Kumtluang Class VII (SCERT Mizoram). VERIFY culture-sensitive: reference to burial/the grave.,"beneath the earth, in the grave","Lei hnuaia, thlan chhunga awm hi a ni.",Piallei kara chu mitthi te thlan hmun a ni.,7,"word_chain,spelling,word_search,tawng_upa,crossword,sentence_builder",
word.kawrvai,kawrvâi,nature,K7,draft,pending,pending,Source: Kumtluang Class VII (SCERT Mizoram).,"the plains, lowland region","Vai, khawthlang vai, vai ram hi a ni.",Kawrvâi lam atangin bazar thil an rawn kaikhawm thin.,7,"picture_match,spelling,word_search,tawng_upa,crossword,thumal_kawp,sentence_builder",
word.sakhming,sakhming,values,K7,draft,pending,pending,Source: Kumtluang Class VII (SCERT Mizoram).,"fame, renown, reputation",Hming leh chak thlen theih sawina hi a ni.,A sakhming chu ram pum ah a thang.,7,"word_chain,spelling,word_search,tawng_upa,crossword,sentence_builder",
word.lentu,lentu,nature,K7,draft,pending,pending,Source: Kumtluang Class VII (SCERT Mizoram).,"wilderness, uninhabited wild land","Ram ngaw, mi awm lo ram hi a ni.",Lentu ah sazate an awm thin.,7,"picture_match,spelling,word_search,tawng_upa,crossword,thumal_kawp,sentence_builder",
word.chhuihthangval,chhuihthang val,idiom,K7,draft,pending,pending,Source: Kumtluang Class VII (SCERT Mizoram).,a young man in the prime of youth,"Tlangval hun ṭha ber, chak leh hlim laia awm hi a ni.",Chhuihthang val chu a chak em em.,7,"word_chain,spelling,word_search,tawng_upa,crossword,sentence_builder",
word.nghilh,nghilh,verbs,K7,draft,pending,pending,Source: Kumtluang Class VII (SCERT Mizoram).,to forget,"Thil ngaihtuah lote, theihnghilh hi a ni.",Ka thiante hming ka nghilh ngai lo.,7,"word_chain,spelling,word_search,tawng_upa,crossword,sentence_builder",
word.lukham,lukham,tools,K7,draft,pending,pending,Source: Kumtluang Class VII (SCERT Mizoram).,pillow,"Lu ngahna atana siam thil, mit a ihna bawmin hman hi a ni.",Rizai leh lukham chu a hlim hle.,7,"picture_match,spelling,word_search,tawng_upa,crossword,thumal_kawp,sentence_builder",🛏️
word.meizial,meizial,tools,K7,draft,pending,pending,Source: Kumtluang Class VII (SCERT Mizoram).,candle,"Eng siamna thil, a chungah mei a kâng hi a ni.",Zan chuan meizial kan eng.,7,"picture_match,spelling,word_search,tawng_upa,crossword,thumal_kawp,sentence_builder",🕯️
word.inkhualtelemna,inkhualtelemna,tools,K7,draft,pending,pending,Source: Kumtluang Class VII (SCERT Mizoram).,"suitcase, travel bag",Zin laia thil telem atan siam bawm hi a ni.,Zin tur chuan inkhualtelemna kan siam.,7,"picture_match,spelling,word_search,tawng_upa,crossword,thumal_kawp,sentence_builder",🧳
word.pheikhawk,pheikhawk,tools,K7,draft,pending,pending,Source: Kumtluang Class VII (SCERT Mizoram).,"slippers, sandals","Ke silhna, thing emaw rah emaw siam hi a ni.",Pheikhawk silhin kan kal.,7,"picture_match,spelling,word_search,tawng_upa,crossword,thumal_kawp,sentence_builder",🩴
word.tel,têl,tools,K7,draft,pending,pending,"Source: Kumtluang Class VII (SCERT Mizoram). VERIFY spelling-variant: also found as class7:word.tel='têl'(K7), vartian:word.tel='Tel'(TQ0) — confirm distinct words or same word/typo.",ball (a round object used in games),"Rilru dinhmuna siam, kick emaw vah emaw theih thil kawlkawr hi a ni.",Têl vahin kan lawm.,7,"picture_match,spelling,word_search,tawng_upa,crossword,thumal_kawp,sentence_builder",⚽
word.vuakfung,vuakfung,tools,K7,draft,pending,pending,Source: Kumtluang Class VII (SCERT Mizoram).,wheelchair,Ke luang thei lo emaw kal harsa emaw tan tuahna thlifim hmanrua hi a ni.,Vuakfung hmangin sikulah a kal thin.,7,"picture_match,spelling,word_search,tawng_upa,crossword,thumal_kawp,sentence_builder",♿
word.chhiarkawp,chhiarkawp,community,K7,draft,pending,pending,Source: Kumtluang Class VII (SCERT Mizoram).,a study group,Zirlai zawng zawng inrual a lehkha zir chianna pawl hi a ni.,Chhiarkawp ah lehkha kan zir khawm thin.,7,"word_chain,spelling,word_search,tawng_upa,crossword,sentence_builder",📚
word.tialtial,tial tial,idiom,K7,draft,pending,pending,Source: Kumtluang Class VII (SCERT Mizoram).,"gradually, bit by bit","Zawk zawk, tlem tlemin lo chang zel hi a ni.",A ke a chak ve ta tial tial.,7,"word_chain,spelling,word_search,tawng_upa,crossword,sentence_builder",
word.tulhtulh,tulh tulh,idiom,K7,draft,pending,pending,Source: Kumtluang Class VII (SCERT Mizoram).,"gradually, increasingly","Zawk zawk, belh belhin lo chang zel hi a ni.",A thiam nei tam ta tulh tulh.,7,"word_chain,spelling,word_search,tawng_upa,crossword,sentence_builder",
word.zawi,zâwi,verbs,K7,draft,pending,pending,Source: Kumtluang Class VII (SCERT Mizoram).,to drag (a limb while walking),Ke emaw kut emaw a chak lo avanga rethe zawh hi a ni.,A ke a lo zâwi thin.,7,"word_chain,spelling,word_search,tawng_upa,crossword,sentence_builder",
word.piai,piai,verbs,K7,draft,pending,pending,Source: Kumtluang Class VII (SCERT Mizoram).,to wave (a hand gesture),Kut hmangin ai emaw chibai emaw sawina hi a ni.,A hnuhnung berah chuan an rawn piai a.,7,"word_chain,spelling,word_search,tawng_upa,crossword,sentence_builder",👋
word.thothangtha,thothâng tha,idiom,K7,draft,pending,pending,Source: Kumtluang Class VII (SCERT Mizoram).,to act quickly and effectively,"Thil ti nghal zung zung, tuan ṭha taka thawk hi a ni.",Thothâng ṭha takin a hna a thawk zel.,7,"word_chain,spelling,word_search,tawng_upa,crossword,sentence_builder",
word.dimdawi,dimdawi,verbs,K7,draft,pending,pending,Source: Kumtluang Class VII (SCERT Mizoram).,to tend/care for someone thoroughly,"Fimkhur taka enkawl, duat takin ven hi a ni.",A nau chu dimdawi takin a enkawl.,7,"word_chain,spelling,word_search,tawng_upa,crossword,sentence_builder",
word.ngurchuai,ngurchuai,adjectives,K7,draft,pending,pending,Source: Kumtluang Class VII (SCERT Mizoram).,"careless, irresponsible, reckless","Che muang, tuan nei lo, ngaihdan tha lo hi a ni.",Ngurchuai taka thawh chu a tha lo.,7,"word_chain,spelling,word_search,tawng_upa,crossword,sentence_builder",
word.mangnghilh,mangnghilh,verbs,K7,draft,pending,pending,Source: Kumtluang Class VII (SCERT Mizoram).,"to forget completely, absent-minded","Theihnghilh nasa tak, ngaihtuah loh hi a ni.",A hming ka mangnghilh ta.,7,"word_chain,spelling,word_search,tawng_upa,crossword,sentence_builder",
word.chhah,chhah,adjectives,K7,draft,pending,pending,Source: Kumtluang Class VII (SCERT Mizoram). VERIFY: paired opposite of 'zau' (wide) in a grammar list; precise nuance not independently confirmed.,narrow (VERIFY),"A zau lo, tinreng deuh hi a ni.",Kawng chhah zawnga kan kal a har.,7,"word_chain,spelling,word_search,tawng_upa,crossword,sentence_builder",
word.thuhnuai,thu hnuai,idiom,K7,draft,pending,pending,Source: Kumtluang Class VII (SCERT Mizoram).,"the underlying meaning, implication",Thu sawi emaw ziak emaw hnuaia awm ngaihdan hi a ni.,A thu hnuai a chiang lo va.,7,"word_chain,spelling,word_search,tawng_upa,crossword,sentence_builder",
word.mauh,mauh,values,K7,draft,pending,pending,Source: Kumtluang Class VII (SCERT Mizoram).,a heavy burden (metaphorical),Rilru emaw taksa emaw ah phur rit tak hi a ni.,Mauh nasa tak a phur.,7,"word_chain,spelling,word_search,tawng_upa,crossword,sentence_builder",
word.awmkhauh,awmkhauh,adjectives,K7,draft,pending,pending,Source: Kumtluang Class VII (SCERT Mizoram).,"uneasy, uncomfortable","Hlim taka awm theih lo, buai deuh hi a ni.",Rilru a awmkhauh hle.,7,"word_chain,spelling,word_search,tawng_upa,crossword,sentence_builder",
word.inchhirna,inchhirna,values,K7,draft,pending,pending,Source: Kumtluang Class VII (SCERT Mizoram).,"self-reproach, guilt, regret","Mahni thiltihsual avanga insual, tuar hi a ni.",Inchhirna a tam avangin a rilru a buai.,7,"word_chain,spelling,word_search,tawng_upa,crossword,sentence_builder",
word.hlauhlawp,hlau hlawp,idiom,K7,draft,pending,pending,Source: Kumtluang Class VII (SCERT Mizoram).,fear and dread,"Hlauin thin a lâwm lo, ṭih em em hi a ni.",Hlau hlawpin an awm.,7,"word_chain,spelling,word_search,tawng_upa,crossword,sentence_builder",
word.hrekhrek,hrek hrek,idiom,K7,draft,pending,pending,Source: Kumtluang Class VII (SCERT Mizoram).,"trembling, shaking",Hlau emaw ṭih emaw avanga inen theih lo hi a ni.,An inen hrek hrek a.,7,"word_chain,spelling,word_search,tawng_upa,crossword,sentence_builder",
word.tawntawn,tâwn tâwn,idiom,K7,draft,pending,pending,Source: Kumtluang Class VII (SCERT Mizoram).,"repeatedly, over and over",Vawi tam takin thleng zel hi a ni.,A sen tâwn tâwn mai a.,7,"word_chain,spelling,word_search,tawng_upa,crossword,sentence_builder",
word.nawknawk,nawk nawk,idiom,K7,draft,pending,pending,Source: Kumtluang Class VII (SCERT Mizoram).,"again and again, repeatedly",Vawi tam takin tih let zel hi a ni.,An rûkin an insik nawk nawk bawk a.,7,"word_chain,spelling,word_search,tawng_upa,crossword,sentence_builder",
word.nakalai,nâkalai,idiom,K7,draft,pending,pending,Source: Kumtluang Class VII (SCERT Mizoram). VERIFY: precise temporal nuance uncertain.,around that time / the following day,"Chu hun laia awm, a hnuah nichhun tur hi a ni.",Chutih nâkalai chuan a damlo va.,7,"word_chain,spelling,word_search,tawng_upa,crossword,sentence_builder",
word.fartuah,Farṭuah,nature,K7,draft,pending,pending,Source: Kumtluang Class VII (SCERT Mizoram). VERIFY: exact botanical species uncertain.,a wild pear tree species,"Thing chi khat, thla hrang hrangah par leh rah chhuahtu hi a ni.",Farṭuah par chu a mawi hle.,7,"picture_match,spelling,word_search,tawng_upa,crossword,thumal_kawp,sentence_builder",🌳
word.kaina,kaina,nature,K7,draft,pending,pending,Source: Kumtluang Class VII (SCERT Mizoram). VERIFY: nuance inferred from limited context (boundary/edge of a garden).,a garden fence/hedge boundary,"Sumtual emaw huan emaw kim, veng na hi a ni.",Sumtualan kaina ah pangpar an phun.,7,"picture_match,spelling,word_search,tawng_upa,crossword,thumal_kawp,sentence_builder",
word.thatni,thatni,idiom,K7,draft,pending,pending,Source: Kumtluang Class VII (SCERT Mizoram).,"a day of celebration, a joyous event","Inneih ni te, thil lawm ni te hi a ni.",Thatni chu mi zawng an lawm hle.,7,"word_chain,spelling,word_search,tawng_upa,crossword,sentence_builder",
word.lunglairil,lunglai ril,values,K7,draft,pending,pending,Source: Kumtluang Class VII (SCERT Mizoram).,the innermost part of one's heart,"Thinlung chhungril ber, rilru changtu hi a ni.",Lunglai rilah chuan lungawi tak ka nei.,7,"word_chain,spelling,word_search,tawng_upa,crossword,sentence_builder",
word.sakhmel,sakhmel,body_parts,K7,draft,pending,pending,Source: Kumtluang Class VII (SCERT Mizoram).,"face, countenance","Mihring hmêl, hmai hi a ni.",A sakhmel chu a nuam êm êm.,7,"picture_match,spelling,word_search,tawng_upa,crossword,thumal_kawp,sentence_builder",😊
word.hringfate,hring fate,values,K7,draft,pending,pending,Source: Kumtluang Class VII (SCERT Mizoram).,"human beings, all created/living beings","Mihringte, hringnun neih zawng zawng hi a ni.",Hring fate zawng zawng chu Pathianin an siam.,7,"word_chain,spelling,word_search,tawng_upa,crossword,sentence_builder",
word.liang,liang,traditional_culture,K7,draft,pending,pending,Source: Kumtluang Class VII (SCERT Mizoram). VERIFY culture-sensitive: traditional defensive/craft practice.,a defensive wooden barricade around a house,In emaw thlâm emaw chunga do tura ban chhak leh ban thlang hmawra thing phuar khamphei hi a ni.,Ramsa laka vênghim atan liang an siam.,7,"word_chain,spelling,word_search,tawng_upa,crossword,sentence_builder",
word.thlakip,thla kip,idiom,K7,draft,pending,pending,Source: Kumtluang Class VII (SCERT Mizoram).,"every month, monthly","Thla tin, thla apiang hi a ni.",Thla kip a lo pawi thin.,7,"word_chain,spelling,word_search,tawng_upa,crossword,sentence_builder",
word.sahmim,sahmîm,traditional_culture,K7,draft,pending,pending,Source: Kumtluang Class VII (SCERT Mizoram). VERIFY culture-sensitive: traditional craft item.,a blanket/quilt made from animal fur,"Ipte chi khat, savun hmanga siam hi a ni.",Zan a fim chuan sahmîm kan inbuk.,7,"word_chain,spelling,word_search,tawng_upa,crossword,sentence_builder",
word.latui,latui,idiom,K7,draft,pending,pending,Source: Kumtluang Class VII (SCERT Mizoram).,profuse tears mixed with saliva from intense crying/wailing,La kaiha hmuithala la zai inhlûm hi a ni.,An lungngai avangin latui a chhuak.,7,"word_chain,spelling,word_search,tawng_upa,crossword,sentence_builder",
word.khuanghlang,khuang hlâng,traditional_culture,K7,draft,pending,pending,"Source: Kumtluang Class VII (SCERT Mizoram). VERIFY culture-sensitive: khuangchawi ceremonial practice, route to human culture reviewer.",a ceremonial carrying platform for the khuangchawi lead drummer,Khuang chawi nia chhungkaw nu ber muala an zâwna an sêp kânna hlâng hi a ni.,Khuang hlâng chungah an zâwn a.,7,"word_chain,spelling,word_search,tawng_upa,crossword,sentence_builder",
word.saphai,saphâi,traditional_culture,K7,draft,pending,pending,"Source: Kumtluang Class VII (SCERT Mizoram). VERIFY culture-sensitive: khuavang/spirit-folklore creature, route to human culture reviewer.","a spirit-bird, a mythical talking guardian bird","Sava ang mihmelin lang a, thil hriattir thei thlarau chi hi a ni.",Saphâi chuan an unau chu a hriattir.,7,"word_chain,spelling,word_search,tawng_upa,crossword,sentence_builder",
word.ramchhuak,ramchhuak,animals,K7,draft,pending,pending,Source: Kumtluang Class VII (SCERT Mizoram).,wild game emerging from the forest,"Ram sa, thlifima aṭanga lo chhuak ramsa hi a ni.",Ramchhuak hnung chu an zui ve.,7,"picture_match,spelling,word_search,tawng_upa,crossword,thumal_kawp,sentence_builder",
word.vakvai,vakvai,community,K7,draft,pending,pending,Source: Kumtluang Class VII (SCERT Mizoram).,an orphan (a child without parents),"Nu leh pa hlum tawh, en chhungkuate awm lo hi a ni.",Vakvai nau chu mi zawngin an khawngaih.,7,"word_chain,spelling,word_search,tawng_upa,crossword,sentence_builder",
word.retheih,retheih,adjectives,K7,draft,pending,pending,Source: Kumtluang Class VII (SCERT Mizoram).,"poor, poverty-stricken","Bungrua leh sum tlem, khawsak harsa hi a ni.",Retheih êm êm mai a khawsa.,7,"word_chain,spelling,word_search,tawng_upa,crossword,sentence_builder",
word.chhiahhlawh,chhiahhlawh,traditional_culture,K7,draft,pending,pending,"Source: Kumtluang Class VII (SCERT Mizoram). VERIFY culture-sensitive: traditional social/servitude role, route to human culture reviewer.","a servant, hired helper (historical social role)","Mi dang hnena hna thawk pui, man dawngin enkawl hi a ni.",Chhiahhlawh tan chuan an hnathawh pui thin.,7,"word_chain,spelling,word_search,tawng_upa,crossword,sentence_builder",
word.kep,kêp,verbs,K7,draft,pending,pending,Source: Kumtluang Class VII (SCERT Mizoram).,to carry (a baby) on one's back or side,Nau lian lo tan chuan ban emaw hnung emaw ah put hi a ni.,A nau chu a kêp reng.,7,"word_chain,spelling,word_search,tawng_upa,crossword,sentence_builder",👶
word.kawmchar,kawmchâr,nature,K7,draft,pending,pending,Source: Kumtluang Class VII (SCERT Mizoram).,the wall or side of a house,"In pang, a hmâr lam leh a bên lam hi a ni.",Kawmchâr lamah chuan an bahzâr an siam.,7,"picture_match,spelling,word_search,tawng_upa,crossword,thumal_kawp,sentence_builder",
word.pitar,pitar,traditional_culture,K7,draft,pending,pending,"Source: Kumtluang Class VII (SCERT Mizoram). VERIFY culture-sensitive: khuavang/spirit-folklore creature; exact identity (insect vs. small animal) uncertain, route to human culture reviewer.",a small creature associated with khuavang folklore,"Rannung tê deuh, khuavang thawnthu ah sawi thin hi a ni.",Khuavang pitar tê an tih chu an hria.,7,"word_chain,spelling,word_search,tawng_upa,crossword,sentence_builder",
