stable_id,title,content_type,bucket,cultural_review_required,seed_category,source_title,notes
sentence.039,Tlawmngaihna chu kan nunphung hlu tak a ni.,sentence,needs_culture,true,"",Thumal Quest Phase 0 pilot sentence pack,Cultural review and nuanced translation mandatory
word.aiawt,aiâwt,word,needs_culture,true,culture/folklore,Kumtluang Class I-VII (SCERT Mizoram) — cross-referenced vocabulary extraction,"Source: Kumtluang Class VI (SCERT Mizoram) VERIFY culture-sensitive craft term, route to human culture reviewer."
word.arbawm-2,Arbâwm,word,needs_culture,true,traditional_culture,Kumtluang Class I-VII (SCERT Mizoram) — cross-referenced vocabulary extraction,Source: Kumtluang Class VI (SCERT Mizoram). VERIFY culture-sensitive: a traditional bamboo-craft item; route to human culture reviewer if needed. VERIFY possible duplicate: diacritic-variant of existing word 'arbawm' already in corpus — confirm same word or distinct before import.
word.awkpaka,âwkpakâ,word,needs_culture,true,traditional_culture,Kumtluang Class I-VII (SCERT Mizoram) — cross-referenced vocabulary extraction,Source: Kumtluang Class VII (SCERT Mizoram). VERIFY culture-sensitive: traditional zawlbûk architecture detail.
word.awmnikham,awmni kham,word,needs_culture,true,traditional_culture,Kumtluang Class I-VII (SCERT Mizoram) — cross-referenced vocabulary extraction,"Source: Kumtluang Class VII (SCERT Mizoram). VERIFY culture-sensitive: death/mourning-related community custom, route to human culture reviewer."
word.bahzar,bahzâr,word,needs_culture,true,traditional_culture,Kumtluang Class I-VII (SCERT Mizoram) — cross-referenced vocabulary extraction,Source: Kumtluang Class VII (SCERT Mizoram). VERIFY culture-sensitive: traditional architecture tied to zawlbûk/chief's house.
word.bangkalhkim,Bang kalh kim,word,needs_culture,true,traditional_culture,Kumtluang Class I-VII (SCERT Mizoram) — cross-referenced vocabulary extraction,Source: Kumtluang Class VI (SCERT Mizoram). VERIFY culture-sensitive: describes a traditional bamboo-weaving craft quality; route to human culture reviewer if needed.
word.banglai,Banglai,word,needs_culture,true,traditional_culture,Kumtluang Class I-VII (SCERT Mizoram) — cross-referenced vocabulary extraction,Source: Kumtluang Class VI (SCERT Mizoram). VERIFY culture-sensitive: a traditional headgear/attire item; route to human culture reviewer if needed.
word.bawhbel,bawhbel,word,needs_culture,true,traditional_culture,Kumtluang Class I-VII (SCERT Mizoram) — cross-referenced vocabulary extraction,Source: Kumtluang Class VII (SCERT Mizoram). VERIFY culture-sensitive: traditional zawlbûk architecture practice.
word.buhtun,buhtun,word,needs_culture,true,culture/folklore,Kumtluang Class I-VII (SCERT Mizoram) — cross-referenced vocabulary extraction,"Source: Kumtluang Class VI (SCERT Mizoram) VERIFY culture-sensitive craft/domestic term, route to human culture reviewer."
word.chawnlehlam,chawn leh lâm,word,needs_culture,true,traditional_culture,Kumtluang Class I-VII (SCERT Mizoram) — cross-referenced vocabulary extraction,Source: Kumtluang Class VII (SCERT Mizoram). VERIFY culture-sensitive: traditional ceremonial feast/dance custom.
word.chenchilhtu,chenchilhtu,word,needs_culture,true,traditional_culture,Kumtluang Class I-VII (SCERT Mizoram) — cross-referenced vocabulary extraction,Source: Kumtluang Class VII (SCERT Mizoram). VERIFY culture-sensitive: khuavang/spirit-folklore belief; exact nuance uncertain.
word.chhawng,chhâwng,word,needs_culture,true,animals,Kumtluang Class I-VII (SCERT Mizoram) — cross-referenced vocabulary extraction,"Source: Kumtluang Class III (SCERT Mizoram). VERIFY: exact animal identity uncertain (could be mithun or pig); VERIFY culture-sensitive: relates to ceremonial/festive slaughter practice, route to human culture reviewer."
word.chhawnghnawh,chhâwng hnawh,word,needs_culture,true,community,Kumtluang Class I-VII (SCERT Mizoram) — cross-referenced vocabulary extraction,Source: Kumtluang Class IV (SCERT Mizoram). VERIFY culture-sensitive: a traditional children's game (egg-knocking contest) tied to the Pawl Kut festival; route to human culture reviewer.
word.chhiahhlawh,chhiahhlawh,word,needs_culture,true,traditional_culture,Kumtluang Class I-VII (SCERT Mizoram) — cross-referenced vocabulary extraction,"Source: Kumtluang Class VII (SCERT Mizoram). VERIFY culture-sensitive: traditional social/servitude role, route to human culture reviewer."
word.chhihri,chhihri,word,needs_culture,true,culture/folklore,Kumtluang Class I-VII (SCERT Mizoram) — cross-referenced vocabulary extraction,"Source: Kumtluang Class VI (SCERT Mizoram) VERIFY culture-sensitive craft term, route to human culture reviewer."
word.darmang,darmang,word,needs_culture,true,traditional_culture,Kumtluang Class I-VII (SCERT Mizoram) — cross-referenced vocabulary extraction,Source: Kumtluang Class VII (SCERT Mizoram). VERIFY culture-sensitive: traditional musical instrument.
word.dawvan,dawvân,word,needs_culture,true,traditional_culture,Kumtluang Class I-VII (SCERT Mizoram) — cross-referenced vocabulary extraction,Source: Kumtluang Class VII (SCERT Mizoram). VERIFY culture-sensitive: traditional architecture tied to zawlbûk/chief's house.
word.ditip,ditip,word,needs_culture,true,tools,Kumtluang Class I-VII (SCERT Mizoram) — cross-referenced vocabulary extraction,"Source: Kumtluang Class V (SCERT Mizoram). VERIFY: Exact meaning uncertain from context (ditipa theihai); could denote a specific carrying-bag or quiver type — confirm with native speaker. VERIFY culture-sensitive: appears in a khuavang/tree-spirit (Phungpuinu) folktale passage, route to human culture reviewer."
word.doral,dorâl,word,needs_culture,true,legend,Kumtluang Class I-VII (SCERT Mizoram) — cross-referenced vocabulary extraction,"Source: Kumtluang Class V (SCERT Mizoram). VERIFY culture-sensitive: occurs in a poem centred on pasaltha/warrior bravery and battle themes, route to human culture reviewer."
word.empai,Êmpâi,word,needs_culture,true,traditional_culture,Kumtluang Class I-VII (SCERT Mizoram) — cross-referenced vocabulary extraction,"Source: Kumtluang Class VI (SCERT Mizoram). VERIFY culture-sensitive: a traditional bamboo-woven craft item; route to human culture reviewer if needed. VERIFY: also appears in the source as ""pâiêm""; exact traditional form/use not fully confirmed beyond ""a carrying basket""."
word.faikhiat,faikhiat,word,needs_culture,true,culture/folklore,Kumtluang Class I-VII (SCERT Mizoram) — cross-referenced vocabulary extraction,"Source: Kumtluang Class VI (SCERT Mizoram) VERIFY culture-sensitive craft term, route to human culture reviewer."
word.halai,ha lai,word,needs_culture,true,traditional_dress,Kumtluang Class I-VII (SCERT Mizoram) — cross-referenced vocabulary extraction,"Source: Kumtluang Class V (SCERT Mizoram). VERIFY: Meaning inferred from image captions (Hnawkhâl ha lai / Siapsuap ha lai); confirm exact sense of 'ha lai' as a term. VERIFY culture-sensitive: describes an ancient/traditional style of dress, route to human culture reviewer."
word.hleitling,hleitling,word,needs_culture,true,adjectives,Kumtluang Class I-VII (SCERT Mizoram) — cross-referenced vocabulary extraction,Source: Kumtluang Class VII (SCERT Mizoram). VERIFY culture-sensitive: traditional wrestling attire.
word.hmusit,hmusit,word,needs_culture,true,tools/nature,Kumtluang Class I-VII (SCERT Mizoram) — cross-referenced vocabulary extraction,"Source: Kumtluang Class III (SCERT Mizoram). VERIFY culture-sensitive: relates to traditional pasaltha (warrior/hunter) hunting practice, route to human culture reviewer."
word.hnubih,hnu bih,word,needs_culture,true,traditional_dress,Kumtluang Class I-VII (SCERT Mizoram) — cross-referenced vocabulary extraction,"Source: Kumtluang Class V (SCERT Mizoram). VERIFY culture-sensitive: named traditional Mizo dress-wearing technique, route to human culture reviewer."
word.hruikhau-2,hruikhau,word,needs_culture,true,culture/folklore,Kumtluang Class I-VII (SCERT Mizoram) — cross-referenced vocabulary extraction,"Source: Kumtluang Class VI (SCERT Mizoram) VERIFY culture-sensitive craft term, route to human culture reviewer."
word.huai,huai,word,needs_culture,true,traditional_culture,Kumtluang Class I-VII (SCERT Mizoram) — cross-referenced vocabulary extraction,"Source: Kumtluang Class VII (SCERT Mizoram). VERIFY culture-sensitive: khuavang/spirit-folklore belief, route to human culture reviewer."
word.inbuan,inbuan,word,needs_culture,true,culture-sport,Kumtluang Class I-VII (SCERT Mizoram) — cross-referenced vocabulary extraction,"Source: Kumtluang Class VII (SCERT Mizoram). VERIFY: culture-sensitive, route to human culture reviewer."
word.inchhawn,inchhawn,word,needs_culture,true,traditional_culture,Kumtluang Class I-VII (SCERT Mizoram) — cross-referenced vocabulary extraction,Source: Kumtluang Class VII (SCERT Mizoram). VERIFY culture-sensitive: traditional wrestling challenge custom; exact nuance uncertain.
word.indaikhalh,indaikhalh,word,needs_culture,true,traditional_culture,Kumtluang Class I-VII (SCERT Mizoram) — cross-referenced vocabulary extraction,Source: Kumtluang Class VII (SCERT Mizoram). VERIFY culture-sensitive: traditional wrestling technique.
word.inphawi,inphawi,word,needs_culture,true,traditional_culture,Kumtluang Class I-VII (SCERT Mizoram) — cross-referenced vocabulary extraction,Source: Kumtluang Class VII (SCERT Mizoram). VERIFY culture-sensitive: traditional wrestling challenge custom.
word.insuknawr,insuknawr,word,needs_culture,true,traditional_culture,Kumtluang Class I-VII (SCERT Mizoram) — cross-referenced vocabulary extraction,Source: Kumtluang Class VII (SCERT Mizoram). VERIFY culture-sensitive: traditional wrestling custom; exact nuance inferred from context.
word.iptechei,iptechei,word,needs_culture,true,traditional_dress,Kumtluang Class I-VII (SCERT Mizoram) — cross-referenced vocabulary extraction,"Source: Kumtluang Class V (SCERT Mizoram). VERIFY: Exact identification of this traditional garment type not independently confirmed — verify with a native speaker/textile expert. VERIFY culture-sensitive: named traditional Mizo garment, route to human culture reviewer."
word.kangvar,kângvâr,word,needs_culture,true,traditional_culture,Kumtluang Class I-VII (SCERT Mizoram) — cross-referenced vocabulary extraction,Source: Kumtluang Class VII (SCERT Mizoram). VERIFY culture-sensitive: traditional craft/lighting practice.
word.kawlkhuang,kâwlkhuang,word,needs_culture,true,traditional_culture,Kumtluang Class I-VII (SCERT Mizoram) — cross-referenced vocabulary extraction,Source: Kumtluang Class VII (SCERT Mizoram). VERIFY culture-sensitive: traditional musical instrument.
word.kawrtawnghak,kawrtawnghâk,word,needs_culture,true,community,Kumtluang Class I-VII (SCERT Mizoram) — cross-referenced vocabulary extraction,"Source: Kumtluang Class IV (SCERT Mizoram). VERIFY culture-sensitive: describes a traditional Mizo men's clothing/wrapping style from before woven garments were common; a traditional craft/dress practice, route to human culture reviewer."
word.khel,khêl,word,needs_culture,true,traditional_dress,Kumtluang Class I-VII (SCERT Mizoram) — cross-referenced vocabulary extraction,"Source: Kumtluang Class V (SCERT Mizoram). VERIFY: Meaning inferred from context (kan khêl zawnah hian puan inthuah chu kan lip chhuak thin); confirm precise sense. VERIFY culture-sensitive: specific traditional Mizo dress-wearing terminology, route to human culture reviewer."
word.kho,kho,word,needs_culture,true,culture/folklore,Kumtluang Class I-VII (SCERT Mizoram) — cross-referenced vocabulary extraction,"Source: Kumtluang Class VI (SCERT Mizoram) VERIFY culture-sensitive craft term, route to human culture reviewer."
word.khuanghlang,khuang hlâng,word,needs_culture,true,traditional_culture,Kumtluang Class I-VII (SCERT Mizoram) — cross-referenced vocabulary extraction,"Source: Kumtluang Class VII (SCERT Mizoram). VERIFY culture-sensitive: khuangchawi ceremonial practice, route to human culture reviewer."
word.khuanhmasa,khuan hmasa,word,needs_culture,true,culture-tradition,Kumtluang Class I-VII (SCERT Mizoram) — cross-referenced vocabulary extraction,"Source: Kumtluang Class VII (SCERT Mizoram). VERIFY: culture-sensitive, route to human culture reviewer."
word.khuavangrikhamsa,khuavang ri kham sa,word,needs_culture,true,traditional_culture,Kumtluang Class I-VII (SCERT Mizoram) — cross-referenced vocabulary extraction,"Source: Kumtluang Class VII (SCERT Mizoram). VERIFY culture-sensitive: khuavang/spirit-folklore belief, route to human culture reviewer."
word.khumbeu,khumbeu,word,needs_culture,true,culture/folklore,Kumtluang Class I-VII (SCERT Mizoram) — cross-referenced vocabulary extraction,"Source: Kumtluang Class VI (SCERT Mizoram) VERIFY culture-sensitive craft term, route to human culture reviewer."
word.kutnivangthla,kûtni vângthla,word,needs_culture,true,traditional_culture,Kumtluang Class I-VII (SCERT Mizoram) — cross-referenced vocabulary extraction,Source: Kumtluang Class VII (SCERT Mizoram). VERIFY culture-sensitive: traditional festival calendar/practice.
word.laikingfaneih,laiking fa neih,word,needs_culture,true,idiom,Kumtluang Class I-VII (SCERT Mizoram) — cross-referenced vocabulary extraction,"Source: Kumtluang Class VII (SCERT Mizoram). VERIFY: culture-sensitive, route to human culture reviewer."
word.lal,lal,word,needs_culture,true,community,Kumtluang Class I-VII (SCERT Mizoram) — cross-referenced vocabulary extraction,"Source: Kumtluang Class I (SCERT Mizoram). VERIFY culture-sensitive: touches traditional Mizo chieftainship, route to human culture reviewer."
word.lalpa,lalpa,word,needs_culture,true,people,Kumtluang Class I-VII (SCERT Mizoram) — cross-referenced vocabulary extraction,"Source: Kumtluang Class VI (SCERT Mizoram) VERIFY culture-sensitive: traditional Mizo chieftainship term, route to human culture reviewer."
word.lamthluk,Lamthlûk,word,needs_culture,true,traditional_culture,Kumtluang Class I-VII (SCERT Mizoram) — cross-referenced vocabulary extraction,Source: Kumtluang Class VI (SCERT Mizoram). VERIFY culture-sensitive: a traditional household craft item; route to human culture reviewer if needed.
word.liang,liang,word,needs_culture,true,traditional_culture,Kumtluang Class I-VII (SCERT Mizoram) — cross-referenced vocabulary extraction,Source: Kumtluang Class VII (SCERT Mizoram). VERIFY culture-sensitive: traditional defensive/craft practice.
word.losul,Losûl,word,needs_culture,true,traditional_culture,Kumtluang Class I-VII (SCERT Mizoram) — cross-referenced vocabulary extraction,Source: Kumtluang Class VI (SCERT Mizoram). VERIFY culture-sensitive: refers to traditional jhum (shifting) cultivation practice; route to human culture reviewer if needed. VERIFY: precise term for this stage of shifting/jhum cultivation inferred from narrative context.
word.lungphun,lungphun,word,needs_culture,true,community,Kumtluang Class I-VII (SCERT Mizoram) — cross-referenced vocabulary extraction,"Source: Kumtluang Class V (SCERT Mizoram). VERIFY culture-sensitive: a memorial/gravestone associated with death-commemoration customs, route to human culture reviewer."
word.lungthu,lungthu,word,needs_culture,true,abstract,Kumtluang Class I-VII (SCERT Mizoram) — cross-referenced vocabulary extraction,"Source: Kumtluang Class III (SCERT Mizoram). VERIFY: meaning uncertain (possibly courage/resolve or spirit/will); VERIFY culture-sensitive: appears in a pasaltha (warrior) narrative, route to human culture reviewer."
word.manlehmual,man leh mual,word,needs_culture,true,traditional_culture,Kumtluang Class I-VII (SCERT Mizoram) — cross-referenced vocabulary extraction,"Source: Kumtluang Class VII (SCERT Mizoram). VERIFY culture-sensitive: traditional marriage custom, route to human culture reviewer."
word.mautawtawrawt,mau tawtawrawt,word,needs_culture,true,traditional_culture,Kumtluang Class I-VII (SCERT Mizoram) — cross-referenced vocabulary extraction,Source: Kumtluang Class VII (SCERT Mizoram). VERIFY culture-sensitive: traditional musical instrument.
word.mihrang,mi hrâng,word,needs_culture,true,traditional_culture,Kumtluang Class I-VII (SCERT Mizoram) — cross-referenced vocabulary extraction,Source: Kumtluang Class VII (SCERT Mizoram). VERIFY culture-sensitive: pasaltha/warrior-culture reference.
word.nghalchang,nghalchang,word,needs_culture,true,tools/nature,Kumtluang Class I-VII (SCERT Mizoram) — cross-referenced vocabulary extraction,"Source: Kumtluang Class III (SCERT Mizoram). VERIFY culture-sensitive: a traditional Mizo hunting-trap mechanism, route to human culture reviewer."
word.paikawng,paikâwng,word,needs_culture,true,culture/folklore,Kumtluang Class I-VII (SCERT Mizoram) — cross-referenced vocabulary extraction,"Source: Kumtluang Class VI (SCERT Mizoram) VERIFY culture-sensitive craft term, route to human culture reviewer."
word.paiper,Paipêr,word,needs_culture,true,traditional_culture,Kumtluang Class I-VII (SCERT Mizoram) — cross-referenced vocabulary extraction,Source: Kumtluang Class VI (SCERT Mizoram). VERIFY culture-sensitive: a traditional bamboo-craft storage item; route to human culture reviewer if needed.
word.phaipheng,phaipheng,word,needs_culture,true,culture/folklore,Kumtluang Class I-VII (SCERT Mizoram) — cross-referenced vocabulary extraction,"Source: Kumtluang Class VI (SCERT Mizoram) VERIFY culture-sensitive: linked to traditional memorial practice, route to human culture reviewer."
word.pialleikara,piallei kara,word,needs_culture,true,traditional_culture,Kumtluang Class I-VII (SCERT Mizoram) — cross-referenced vocabulary extraction,Source: Kumtluang Class VII (SCERT Mizoram). VERIFY culture-sensitive: reference to burial/the grave.
word.pitar,pitar,word,needs_culture,true,traditional_culture,Kumtluang Class I-VII (SCERT Mizoram) — cross-referenced vocabulary extraction,"Source: Kumtluang Class VII (SCERT Mizoram). VERIFY culture-sensitive: khuavang/spirit-folklore creature; exact identity (insect vs. small animal) uncertain, route to human culture reviewer."
word.puichhuah,puichhuah,word,needs_culture,true,culture-tradition,Kumtluang Class I-VII (SCERT Mizoram) — cross-referenced vocabulary extraction,"Source: Kumtluang Class VII (SCERT Mizoram). VERIFY: culture-sensitive, route to human culture reviewer."
word.ral-2,râl,word,needs_culture,true,people/abstract,Kumtluang Class I-VII (SCERT Mizoram) — cross-referenced vocabulary extraction,"Source: Kumtluang Class III (SCERT Mizoram). VERIFY: meaning inferred from folk-tale context; VERIFY culture-sensitive: appears in a mushroom-transformation folk tale (Zirlai 2), route to human culture reviewer. VERIFY spelling-variant: also found as class1:word.ral='ral'(K1), class3:word.ral2='râl'(K3), class4:word.ral='râl'(K4) — confirm distinct words or same word/typo."
word.ral-3,râl,word,needs_culture,true,people,Kumtluang Class I-VII (SCERT Mizoram) — cross-referenced vocabulary extraction,"Source: Kumtluang Class IV (SCERT Mizoram). VERIFY culture-sensitive: refers to traditional inter-village warfare/raiding associated with a legendary pasaltha-like strongman figure in this lesson; route to human culture reviewer. VERIFY spelling-variant: also found as class1:word.ral='ral'(K1), class3:word.ral2='râl'(K3), class4:word.ral='râl'(K4) — confirm distinct words or same word/typo."
word.ralluaih,ral lu aih,word,needs_culture,true,traditional_culture,Kumtluang Class I-VII (SCERT Mizoram) — cross-referenced vocabulary extraction,"Source: Kumtluang Class VII (SCERT Mizoram). VERIFY culture-sensitive: historical headhunting/war-trophy celebration custom, route to human culture reviewer."
word.ramchhuah,ramchhuah,word,needs_culture,true,legend,Kumtluang Class I-VII (SCERT Mizoram) — cross-referenced vocabulary extraction,"Source: Kumtluang Class V (SCERT Mizoram). VERIFY culture-sensitive: refers to the traditional ramchhuah hunting-title/status system, route to human culture reviewer."
word.ramhuai,ramhuai,word,needs_culture,true,traditional_culture,Kumtluang Class I-VII (SCERT Mizoram) — cross-referenced vocabulary extraction,"Source: Kumtluang Class VII (SCERT Mizoram). VERIFY culture-sensitive: khuavang/spirit-folklore belief, route to human culture reviewer."
word.rapchung,rapchung,word,needs_culture,true,traditional_culture,Kumtluang Class I-VII (SCERT Mizoram) — cross-referenced vocabulary extraction,Source: Kumtluang Class VII (SCERT Mizoram). VERIFY culture-sensitive: traditional agricultural craft practice.
word.riltam-2,rilṭam,word,needs_culture,true,abstract-emotion,Kumtluang Class I-VII (SCERT Mizoram) — cross-referenced vocabulary extraction,"Source: Kumtluang Class VII (SCERT Mizoram). VERIFY: culture-sensitive, route to human culture reviewer."
word.ruang,ruang,word,needs_culture,true,traditional_culture,Kumtluang Class I-VII (SCERT Mizoram) — cross-referenced vocabulary extraction,Source: Kumtluang Class VII (SCERT Mizoram). VERIFY culture-sensitive: reference to a dead body/death context.
word.sabawp,sa bawp,word,needs_culture,true,tools/nature,Kumtluang Class I-VII (SCERT Mizoram) — cross-referenced vocabulary extraction,"Source: Kumtluang Class III (SCERT Mizoram). VERIFY culture-sensitive: relates to traditional hunting practice, route to human culture reviewer."
word.sahmim,sahmîm,word,needs_culture,true,traditional_culture,Kumtluang Class I-VII (SCERT Mizoram) — cross-referenced vocabulary extraction,Source: Kumtluang Class VII (SCERT Mizoram). VERIFY culture-sensitive: traditional craft item.
word.sahmul,sahmul,word,needs_culture,true,tools,Kumtluang Class I-VII (SCERT Mizoram) — cross-referenced vocabulary extraction,"Source: Kumtluang Class V (SCERT Mizoram). VERIFY: Meaning inferred from context (sa=animal, mul=hair) in a list of traditional weaving materials; confirm exact usage. VERIFY culture-sensitive: traditional weaving/decoration craft material, route to human culture reviewer."
word.saisir,saisir,word,needs_culture,true,legend,Kumtluang Class I-VII (SCERT Mizoram) — cross-referenced vocabulary extraction,"Source: Kumtluang Class V (SCERT Mizoram). VERIFY: Meaning inferred loosely from folktale context (a saisira lawn); confirm exact sense — may refer to a vine/cord rather than hair. VERIFY culture-sensitive: word appears within a khuavang/tree-spirit (Phungpuinu) folktale passage, route to human culture reviewer."
word.saphai,saphâi,word,needs_culture,true,traditional_culture,Kumtluang Class I-VII (SCERT Mizoram) — cross-referenced vocabulary extraction,"Source: Kumtluang Class VII (SCERT Mizoram). VERIFY culture-sensitive: khuavang/spirit-folklore creature, route to human culture reviewer."
word.sehranlu,Se hrân lu,word,needs_culture,true,traditional_culture,Kumtluang Class I-VII (SCERT Mizoram) — cross-referenced vocabulary extraction,Source: Kumtluang Class VI (SCERT Mizoram). VERIFY culture-sensitive: relates to traditional death/memorial rites involving mithun skulls; route to human culture reviewer.
word.sentezel,sentezêl,word,needs_culture,true,nature,Kumtluang Class I-VII (SCERT Mizoram) — cross-referenced vocabulary extraction,"Source: Kumtluang Class V (SCERT Mizoram). VERIFY: Traditional-dye tree name; exact botanical identity not independently confirmed — verify with a native speaker. VERIFY culture-sensitive: traditional dye-making/weaving craft material, route to human culture reviewer."
word.sial,sial,word,needs_culture,true,animals,Kumtluang Class I-VII (SCERT Mizoram) — cross-referenced vocabulary extraction,Source: Kumtluang Class II (SCERT Mizoram). VERIFY culture-sensitive: sial (mithun) is a domesticated bovine central to traditional Mizo feasts of merit and status; route to human culture reviewer.
word.sichangneii,sichangneii,word,needs_culture,true,traditional_culture,Kumtluang Class I-VII (SCERT Mizoram) — cross-referenced vocabulary extraction,"Source: Kumtluang Class VII (SCERT Mizoram). VERIFY culture-sensitive: khuavang/spirit-folklore figure, route to human culture reviewer."
word.siksil,siksil,word,needs_culture,true,culture/folklore,Kumtluang Class I-VII (SCERT Mizoram) — cross-referenced vocabulary extraction,"Source: Kumtluang Class VI (SCERT Mizoram) VERIFY culture-sensitive craft term, route to human culture reviewer."
word.sisep,sisêp,word,needs_culture,true,culture/folklore,Kumtluang Class I-VII (SCERT Mizoram) — cross-referenced vocabulary extraction,"Source: Kumtluang Class VI (SCERT Mizoram) VERIFY culture-sensitive craft term, route to human culture reviewer."
word.sulsutu,sûlsutu,word,needs_culture,true,traditional_culture,Kumtluang Class I-VII (SCERT Mizoram) — cross-referenced vocabulary extraction,Source: Kumtluang Class VII (SCERT Mizoram). VERIFY culture-sensitive: traditional hunting/lighting practice; exact nuance uncertain.
word.sut-2,sût,word,needs_culture,true,traditional_culture,Kumtluang Class I-VII (SCERT Mizoram) — cross-referenced vocabulary extraction,Source: Kumtluang Class VII (SCERT Mizoram). VERIFY culture-sensitive: traditional architecture/craft practice. VERIFY possible duplicate: diacritic-variant of existing word 'sut' already in corpus — confirm same word or distinct before import.
word.tah,tah,word,needs_culture,true,verbs/craft,Kumtluang Class I-VII (SCERT Mizoram) — cross-referenced vocabulary extraction,"Source: Kumtluang Class III (SCERT Mizoram). VERIFY culture-sensitive: refers to traditional bamboo/cane weaving craft, route to human culture reviewer."
word.tapchepsut,tap chep sût,word,needs_culture,true,traditional_culture,Kumtluang Class I-VII (SCERT Mizoram) — cross-referenced vocabulary extraction,Source: Kumtluang Class VII (SCERT Mizoram). VERIFY culture-sensitive: traditional zawlbûk architecture practice.
word.thangchhuahpuan,thangchhuahpuan,word,needs_culture,true,traditional_dress,Kumtluang Class I-VII (SCERT Mizoram) — cross-referenced vocabulary extraction,"Source: Kumtluang Class V (SCERT Mizoram). VERIFY culture-sensitive: a named ceremonial cloth tied to the traditional thangchhuah (feast/hunting-earned) status system, route to human culture reviewer."
word.thawmmawl,Thawmmâwl,word,needs_culture,true,traditional_culture,Kumtluang Class I-VII (SCERT Mizoram) — cross-referenced vocabulary extraction,Source: Kumtluang Class VI (SCERT Mizoram). VERIFY culture-sensitive: a traditional waist-pouch that was part of everyday men's dress; route to human culture reviewer if needed.
word.thianchhanthihngam,thian chhan thih ngam,word,needs_culture,true,idiom,Kumtluang Class I-VII (SCERT Mizoram) — cross-referenced vocabulary extraction,"Source: Kumtluang Class V (SCERT Mizoram). VERIFY culture-sensitive: an idiom explicitly explained in the textbook in connection with pasaltha/warrior loyalty and bravery, route to human culture reviewer."
word.thinbih,thin bih,word,needs_culture,true,traditional_dress,Kumtluang Class I-VII (SCERT Mizoram) — cross-referenced vocabulary extraction,"Source: Kumtluang Class V (SCERT Mizoram). VERIFY culture-sensitive: named traditional Mizo dress-wearing technique, route to human culture reviewer."
word.thingsaphu,thingsaphu,word,needs_culture,true,nature,Kumtluang Class I-VII (SCERT Mizoram) — cross-referenced vocabulary extraction,"Source: Kumtluang Class V (SCERT Mizoram). VERIFY: Traditional-dye tree name; exact botanical identity not independently confirmed — verify with a native speaker. VERIFY culture-sensitive: traditional dye-making/weaving craft material, route to human culture reviewer."
word.thingtuluang,thingtuluang,word,needs_culture,true,culture-folklore,Kumtluang Class I-VII (SCERT Mizoram) — cross-referenced vocabulary extraction,"Source: Kumtluang Class VII (SCERT Mizoram). VERIFY: culture-sensitive, route to human culture reviewer."
word.thlaichhiah,thlaichhiah,word,needs_culture,true,community,Kumtluang Class I-VII (SCERT Mizoram) — cross-referenced vocabulary extraction,Source: Kumtluang Class IV (SCERT Mizoram). VERIFY culture-sensitive: a Mim Kut ancestor-remembrance/death custom where food is offered at graves of deceased family members; route to human culture reviewer.
word.thlaichhiahna,Thlaichhiahna,word,needs_culture,true,traditional_culture,Kumtluang Class I-VII (SCERT Mizoram) — cross-referenced vocabulary extraction,Source: Kumtluang Class VI (SCERT Mizoram). VERIFY culture-sensitive: relates to death/mourning customs (grave-marking); route to human culture reviewer.
word.thlangra,Thlangrâ,word,needs_culture,true,traditional_culture,Kumtluang Class I-VII (SCERT Mizoram) — cross-referenced vocabulary extraction,Source: Kumtluang Class VI (SCERT Mizoram). VERIFY culture-sensitive: a traditional bamboo-weaving craft item; route to human culture reviewer if needed.
word.thufing,Thufing,word,needs_culture,true,culture,Thumal Quest Phase 0 candidate pack,Source and definition review mandatory
word.thul,thûl,word,needs_culture,true,culture/folklore,Kumtluang Class I-VII (SCERT Mizoram) — cross-referenced vocabulary extraction,"Source: Kumtluang Class VI (SCERT Mizoram) VERIFY culture-sensitive craft term, route to human culture reviewer."
word.tlangau,tlangau,word,needs_culture,true,traditional_culture,Kumtluang Class I-VII (SCERT Mizoram) — cross-referenced vocabulary extraction,Source: Kumtluang Class VII (SCERT Mizoram). VERIFY culture-sensitive: traditional community announcement practice.
word.tlangban,Tlangbân,word,needs_culture,true,traditional_culture,Kumtluang Class I-VII (SCERT Mizoram) — cross-referenced vocabulary extraction,Source: Kumtluang Class VI (SCERT Mizoram). VERIFY culture-sensitive: a traditional carrying-strap item; route to human culture reviewer if needed.
word.tlawm-2,tlâwm,word,needs_culture,true,adjectives,Kumtluang Class I-VII (SCERT Mizoram) — cross-referenced vocabulary extraction,"Source: Kumtluang Class V (SCERT Mizoram). VERIFY: This sense (weak/easily defeated) is glossed explicitly in the textbook and is distinct from the adjective 'tlawm' (small/little) already catalogued; confirm they are treated as separate headwords. VERIFY culture-sensitive: occurs in a poem centred on pasaltha/warrior bravery and battle themes, route to human culture reviewer. VERIFY possible duplicate: diacritic-variant of existing word 'tlawm' already in corpus — confirm same word or distinct before import."
word.tlawmngaihna,Tlawmngaihna,word,needs_culture,true,culture,Thumal Quest Phase 0 candidate pack,Cultural review mandatory
word.tuiumdar,tuiumdâr,word,needs_culture,true,traditional_culture,Kumtluang Class I-VII (SCERT Mizoram) — cross-referenced vocabulary extraction,Source: Kumtluang Class VII (SCERT Mizoram). VERIFY culture-sensitive: traditional musical instrument.
word.tungchaw,Tungchaw,word,needs_culture,true,traditional_culture,Kumtluang Class I-VII (SCERT Mizoram) — cross-referenced vocabulary extraction,Source: Kumtluang Class VI (SCERT Mizoram). VERIFY culture-sensitive: a traditional attire/craft ornament; route to human culture reviewer if needed.
word.vaihrik,Vaihrik,word,needs_culture,true,traditional_culture,Kumtluang Class I-VII (SCERT Mizoram) — cross-referenced vocabulary extraction,"Source: Kumtluang Class VI (SCERT Mizoram). VERIFY culture-sensitive: a traditional bamboo-craft tool; route to human culture reviewer if needed. VERIFY: given in the book as an alternate/regional name for the sifting tool ""chhihri""; usage confirmed only from that one gloss."
word.vakul,vakul,word,needs_culture,true,animals,Kumtluang Class I-VII (SCERT Mizoram) — cross-referenced vocabulary extraction,"Source: Kumtluang Class V (SCERT Mizoram). VERIFY culture-sensitive: hornbill feathers are traditionally worn as a ceremonial headdress element tied to status/chieftainship, route to human culture reviewer."
word.vanduaithlak,vanduaithlâk,word,needs_culture,true,abstract-value,Kumtluang Class I-VII (SCERT Mizoram) — cross-referenced vocabulary extraction,"Source: Kumtluang Class VII (SCERT Mizoram). VERIFY: culture-sensitive, route to human culture reviewer."
word.vet,vêt,word,needs_culture,true,verbs,Kumtluang Class I-VII (SCERT Mizoram) — cross-referenced vocabulary extraction,"Source: Kumtluang Class V (SCERT Mizoram). VERIFY: Traditional dress technical term; confirm exact meaning/nuance with a native speaker. VERIFY culture-sensitive: describes a traditional Mizo way of wearing cloth, route to human culture reviewer."
word.zam,zâm,word,needs_culture,true,verbs,Kumtluang Class I-VII (SCERT Mizoram) — cross-referenced vocabulary extraction,"Source: Kumtluang Class V (SCERT Mizoram). VERIFY culture-sensitive: occurs in a poem about pasaltha/warrior honor and not fleeing battle, route to human culture reviewer."
word.zangkhua,zângkhua,word,needs_culture,true,culture-folklore,Kumtluang Class I-VII (SCERT Mizoram) — cross-referenced vocabulary extraction,"Source: Kumtluang Class VII (SCERT Mizoram). VERIFY: culture-sensitive, route to human culture reviewer."
word.zawlbuk,Zawlbûk,word,needs_culture,true,culture,Thumal Quest Phase 0 candidate pack,Cultural/source review mandatory
word.zawlpuan,Zawlpuan,word,needs_culture,true,traditional_culture,Kumtluang Class I-VII (SCERT Mizoram) — cross-referenced vocabulary extraction,"Source: Kumtluang Class VI (SCERT Mizoram). VERIFY culture-sensitive: traditional woven textile; the lesson glosses it in a funerary-use context, so route to human culture reviewer. VERIFY: in this lesson's glossary it is specifically described in a funeral/mourning context, though it is broadly known as a ceremonial textile."
word.zodipuan,zodipuan,word,needs_culture,true,traditional_dress,Kumtluang Class I-VII (SCERT Mizoram) — cross-referenced vocabulary extraction,"Source: Kumtluang Class V (SCERT Mizoram). VERIFY: Exact identification of this cloth type not independently confirmed — verify with a native speaker/textile expert. VERIFY culture-sensitive: named traditional Mizo ceremonial cloth, route to human culture reviewer."
word.zualko,zualko,word,needs_culture,true,traditional_culture,Kumtluang Class I-VII (SCERT Mizoram) — cross-referenced vocabulary extraction,"Source: Kumtluang Class VII (SCERT Mizoram). VERIFY culture-sensitive: death/mourning-related community custom; exact nuance uncertain, route to human culture reviewer."
word.zufang,Zufâng,word,needs_culture,true,traditional_culture,Kumtluang Class I-VII (SCERT Mizoram) — cross-referenced vocabulary extraction,"Source: Kumtluang Class VI (SCERT Mizoram). VERIFY culture-sensitive: relates to zu (traditional rice beer), a customary drink in older Mizo life; route to human culture reviewer. VERIFY: the glossary's wording for this item was hard to parse precisely; general meaning kept broad."
word.aieng,aieng,word,language_only_flagged,false,food,Kumtluang Class I-VII (SCERT Mizoram) — cross-referenced vocabulary extraction,Source: Kumtluang Class V (SCERT Mizoram). VERIFY: Traditional-medicine plant name; exact botanical identity not independently confirmed — verify with a native speaker/ethnobotanist.
word.aletlingakhaiang,a letlinga khai ang,word,language_only_flagged,false,idiom,Kumtluang Class I-VII (SCERT Mizoram) — cross-referenced vocabulary extraction,"Source: Kumtluang Class VI (SCERT Mizoram) VERIFY: idiom translated by sense, not verbatim; confirm nuance with fluent speaker."
word.anhling,Anhling,word,language_only_flagged,false,food,Kumtluang Class I-VII (SCERT Mizoram) — cross-referenced vocabulary extraction,Source: Kumtluang Class VI (SCERT Mizoram). VERIFY: uncertain exact species; identified only from the lesson's illustrated description of a clustered purple fruit.
word.antam,anṭam,word,language_only_flagged,false,animals,Kumtluang Class I-VII (SCERT Mizoram) — cross-referenced vocabulary extraction,"Source: Kumtluang Class III (SCERT Mizoram). VERIFY: spelling/diacritics uncertain; confirm standard Mizo word for caterpillar. VERIFY spelling-variant: also found as class3:word.antam='anṭam'(K3), class6:word.antam='Antam'(K6), vartian:word.antam='Anṭam'(TQ0) — confirm distinct words or same word/typo."
word.antam-2,Antam,word,language_only_flagged,false,food,Kumtluang Class I-VII (SCERT Mizoram) — cross-referenced vocabulary extraction,"Source: Kumtluang Class VI (SCERT Mizoram). VERIFY: uncertain of the exact species this leafy vegetable refers to. VERIFY spelling-variant: also found as class3:word.antam='anṭam'(K3), class6:word.antam='Antam'(K6), vartian:word.antam='Anṭam'(TQ0) — confirm distinct words or same word/typo."
word.antam-3,Anṭam,word,language_only_flagged,false,food,Vartian (Mizo literacy primer) — vocabulary extraction,"Source: Ujaas (Vartian) Part-1, SCERT Mizoram adult literacy primer. VERIFY spelling-variant: also found as class3:word.antam='anṭam'(K3), class6:word.antam='Antam'(K6), vartian:word.antam='Anṭam'(TQ0) — confirm distinct words or same word/typo."
word.anthur,Anthûr,word,language_only_flagged,false,nature,Kumtluang Class I-VII (SCERT Mizoram) — cross-referenced vocabulary extraction,Source: Kumtluang Class VI (SCERT Mizoram). VERIFY: uncertain exact flower species; identified only from the lesson's illustration.
word.artukkhuan,Artukkhuan,word,language_only_flagged,false,nature,Kumtluang Class I-VII (SCERT Mizoram) — cross-referenced vocabulary extraction,Source: Kumtluang Class VI (SCERT Mizoram). VERIFY: exact botanical identity uncertain; identified only from the lesson's illustrated description (pale/pink night-blooming flower).
word.aserhzingaameiang,a serh zinga a mei ang,word,language_only_flagged,false,idiom,Kumtluang Class I-VII (SCERT Mizoram) — cross-referenced vocabulary extraction,Source: Kumtluang Class VI (SCERT Mizoram) VERIFY: idiom translated by sense; confirm nuance with fluent speaker.
word.aurinna,Au rinna,word,language_only_flagged,false,objects,Vartian (Mizo literacy primer) — vocabulary extraction,"Source: Ujaas (Vartian) Part-1, SCERT Mizoram adult literacy primer. VERIFY exact scope (microphone vs. megaphone/loudspeaker)."
word.avawtuinekacheh,a vawtuin êk a cheh,word,language_only_flagged,false,idiom,Kumtluang Class I-VII (SCERT Mizoram) — cross-referenced vocabulary extraction,Source: Kumtluang Class VI (SCERT Mizoram) VERIFY: idiom translated by sense; confirm nuance with fluent speaker.
word.awllen,âwllên,word,language_only_flagged,false,time,Kumtluang Class I-VII (SCERT Mizoram) — cross-referenced vocabulary extraction,Source: Kumtluang Class III (SCERT Mizoram). VERIFY: gloss inferred from a Mizo calendar/seasons description.
word.bal-2,bâl,word,language_only_flagged,false,values,Kumtluang Class I-VII (SCERT Mizoram) — cross-referenced vocabulary extraction,Source: Kumtluang Class VII (SCERT Mizoram). VERIFY: context-specific meaning (blemish/stain); word can also mean numbness elsewhere. VERIFY possible duplicate: diacritic-variant of existing word 'Bal' already in corpus — confirm same word or distinct before import.
word.bawhtir,bawhtîr,word,language_only_flagged,false,verbs,Kumtluang Class I-VII (SCERT Mizoram) — cross-referenced vocabulary extraction,"Source: Kumtluang Class II (SCERT Mizoram). VERIFY: gloss (to make an animal lie down and rest) inferred from a Psalm-23-style poem context, confirm before use."
word.behlawi,behlawi,word,language_only_flagged,false,food,Kumtluang Class I-VII (SCERT Mizoram) — cross-referenced vocabulary extraction,Source: Kumtluang Class V (SCERT Mizoram). VERIFY: Traditional-medicine plant name; exact botanical identity not independently confirmed — verify with a native speaker/ethnobotanist.
word.belthleng,Belthleng,word,language_only_flagged,false,food,Vartian (Mizo literacy primer) — vocabulary extraction,"Source: Ujaas (Vartian) Part-1, SCERT Mizoram adult literacy primer. VERIFY exact identification."
word.berul,Berul,word,language_only_flagged,false,objects,Vartian (Mizo literacy primer) — vocabulary extraction,"Source: Ujaas (Vartian) Part-1, SCERT Mizoram adult literacy primer. VERIFY exact meaning and traditional usage."
word.boralsan,boralsan,word,language_only_flagged,false,verbs,Kumtluang Class I-VII (SCERT Mizoram) — cross-referenced vocabulary extraction,"Source: Kumtluang Class VI (SCERT Mizoram) VERIFY: respectful death term, route to human culture reviewer for appropriate tone."
word.buak,buak,word,language_only_flagged,false,verbs,Kumtluang Class I-VII (SCERT Mizoram) — cross-referenced vocabulary extraction,Source: Kumtluang Class III (SCERT Mizoram). VERIFY: confirm precise verb sense (to spill vs to scatter).
word.bul,bul,word,language_only_flagged,false,nature,Kumtluang Class I-VII (SCERT Mizoram) — cross-referenced vocabulary extraction,Source: Kumtluang Class I (SCERT Mizoram). VERIFY: standalone sense (base/stump vs origin) is uncertain from limited context.
word.bulbawk,Bulbawk,word,language_only_flagged,false,food,Vartian (Mizo literacy primer) — vocabulary extraction,"Source: Ujaas (Vartian) Part-1, SCERT Mizoram adult literacy primer. VERIFY: exact species/local variety unconfirmed."
word.bullut,bullut,word,language_only_flagged,false,animals,Kumtluang Class I-VII (SCERT Mizoram) — cross-referenced vocabulary extraction,Source: Kumtluang Class IV (SCERT Mizoram). VERIFY: species identity uncertain (named in a bird-categorisation exercise).
word.chah,chah,word,language_only_flagged,false,verbs,Kumtluang Class I-VII (SCERT Mizoram) — cross-referenced vocabulary extraction,Source: Kumtluang Class V (SCERT Mizoram). VERIFY: Gloss inferred from context (mi chah nasa thei lutuk); double-check precise shade of meaning vs. related verbs.
word.chaldar,chaldâr,word,language_only_flagged,false,body_parts,Kumtluang Class I-VII (SCERT Mizoram) — cross-referenced vocabulary extraction,"Source: Kumtluang Class VII (SCERT Mizoram). VERIFY: exact anatomical meaning uncertain, inferred from hunting context."
word.chang,chang,word,language_only_flagged,false,abstract,Kumtluang Class I-VII (SCERT Mizoram) — cross-referenced vocabulary extraction,Source: Kumtluang Class III (SCERT Mizoram). VERIFY: confirm precise gloss (turn/sequence vs another sense) from a minimal-pair exercise.
word.changpat,changpât,word,language_only_flagged,false,animals,Kumtluang Class I-VII (SCERT Mizoram) — cross-referenced vocabulary extraction,Source: Kumtluang Class IV (SCERT Mizoram). VERIFY: species identity uncertain; named in a story about birds catching insects.
word.charsutphawi,char sût phawi,word,language_only_flagged,false,idiom,Kumtluang Class I-VII (SCERT Mizoram) — cross-referenced vocabulary extraction,Source: Kumtluang Class VI (SCERT Mizoram) VERIFY: idiom translated by sense; confirm nuance with fluent speaker.
word.chau,Chau,word,language_only_flagged,false,feelings,Thumal Quest diaspora expansion batch,VERIFY: confirm standard word for tired tq_level remapped 2026-09-16: was TQ1 -> TQ3 per Kumtluang curriculum cross-reference.
word.chawm-2,châwm,word,language_only_flagged,false,verbs,Kumtluang Class I-VII (SCERT Mizoram) — cross-referenced vocabulary extraction,Source: Kumtluang Class II (SCERT Mizoram). VERIFY possible duplicate: diacritic-variant of existing word 'chawm' already in corpus — confirm same word or distinct before import.
word.chawtani,Chawtani,word,language_only_flagged,false,objects,Vartian (Mizo literacy primer) — vocabulary extraction,"Source: Ujaas (Vartian) Part-1, SCERT Mizoram adult literacy primer. VERIFY: meaning inferred from a book riddle ('ha ka nei a, mi ka seh thei lo' = 'I have teeth but cannot bite'); not fully confirmed."
word.chengkawl,chêngkawl,word,language_only_flagged,false,animals,Kumtluang Class I-VII (SCERT Mizoram) — cross-referenced vocabulary extraction,Source: Kumtluang Class IV (SCERT Mizoram). VERIFY: species identity uncertain; named in a story about birds catching insects.
word.chhah,chhah,word,language_only_flagged,false,adjectives,Kumtluang Class I-VII (SCERT Mizoram) — cross-referenced vocabulary extraction,Source: Kumtluang Class VII (SCERT Mizoram). VERIFY: paired opposite of 'zau' (wide) in a grammar list; precise nuance not independently confirmed.
word.chhang,Chhang,word,language_only_flagged,false,food,Vartian (Mizo literacy primer) — vocabulary extraction,"Source: Ujaas (Vartian) Part-1, SCERT Mizoram adult literacy primer. VERIFY strongly: appears beside 'vaimim' (maize) in a spelling drill list; could instead be a different part of speech, not confirmed as this noun sense."
word.chhawlhring,chhâwlhring,word,language_only_flagged,false,animals,Kumtluang Class I-VII (SCERT Mizoram) — cross-referenced vocabulary extraction,Source: Kumtluang Class IV (SCERT Mizoram). VERIFY: species identity uncertain (named in a hunting story and a bird-categorisation exercise).
word.chhem-2,chhêm,word,language_only_flagged,false,verbs,Kumtluang Class I-VII (SCERT Mizoram) — cross-referenced vocabulary extraction,"Source: Kumtluang Class II (SCERT Mizoram). VERIFY: distinguish from ""chhem"" already catalogued (different diacritic/word); gloss (to set fire to, burn deliberately) confirmed from jhum-fire context. VERIFY possible duplicate: diacritic-variant of existing word 'chhem' already in corpus — confirm same word or distinct before import."
word.chhep,chhep,word,language_only_flagged,false,verbs,Kumtluang Class I-VII (SCERT Mizoram) — cross-referenced vocabulary extraction,Source: Kumtluang Class II (SCERT Mizoram). VERIFY: exact onomatopoeic nuance (owl's hoot) confirmed from a fable-listening exercise sentence.
word.chherup,chhe rup,word,language_only_flagged,false,nature,Kumtluang Class I-VII (SCERT Mizoram) — cross-referenced vocabulary extraction,VERIFY: contextual meaning from Zirlai 8 environmental passage. Source: Kumtluang Class V (SCERT Mizoram)
word.chhuangtuar,chhuangtuar,word,language_only_flagged,false,animals,Kumtluang Class I-VII (SCERT Mizoram) — cross-referenced vocabulary extraction,Source: Kumtluang Class IV (SCERT Mizoram). VERIFY: species identity uncertain (named in a bird-categorisation exercise).
word.chhuatphah,Chhuatphah,word,language_only_flagged,false,food,Vartian (Mizo literacy primer) — vocabulary extraction,"Source: Ujaas (Vartian) Part-1, SCERT Mizoram adult literacy primer. VERIFY strongly: appears in a kitchen-items word list (p.46); exact identification not confirmed."
word.chinghne,chinghne,word,language_only_flagged,false,animals,Kumtluang Class I-VII (SCERT Mizoram) — cross-referenced vocabulary extraction,Source: Kumtluang Class VII (SCERT Mizoram). VERIFY: exact species (wolf vs jackal) uncertain in local usage.
word.chingit,Chingit,word,language_only_flagged,false,food,Kumtluang Class I-VII (SCERT Mizoram) — cross-referenced vocabulary extraction,"Source: Kumtluang Class VI (SCERT Mizoram). VERIFY: reasonably confident this is a sponge-gourd/loofah-type vine, but exact species not fully confirmed."
word.chinrang,chinrâng,word,language_only_flagged,false,animals,Kumtluang Class I-VII (SCERT Mizoram) — cross-referenced vocabulary extraction,Source: Kumtluang Class IV (SCERT Mizoram). VERIFY: species identity uncertain (named in a hunting story and a bird-categorisation exercise).
word.chuantir,chuantir,word,language_only_flagged,false,verbs,Kumtluang Class I-VII (SCERT Mizoram) — cross-referenced vocabulary extraction,Source: Kumtluang Class III (SCERT Mizoram). VERIFY: gloss inferred from a fable context; confirm precise meaning.
word.chuk,chuk,word,language_only_flagged,false,verbs,Kumtluang Class I-VII (SCERT Mizoram) — cross-referenced vocabulary extraction,Source: Kumtluang Class I (SCERT Mizoram). VERIFY: gloss inferred from limited narrative context.
word.dai,dai,word,language_only_flagged,false,nature,Kumtluang Class I-VII (SCERT Mizoram) — cross-referenced vocabulary extraction,"VERIFY: Gloss (lightning, as distinct from thunder) inferred from context in a short sky-themed word list; not cross-checked against a dictionary. Source: Kumtluang Class I (SCERT Mizoram)."
word.dar,Dar,word,language_only_flagged,false,home,Thumal Quest diaspora expansion batch,VERIFY: confirm sense (clock vs bell vs generic metal) Provisional: not yet grade-verified against Kumtluang curriculum (2026-09-16).
word.dawhkan,dawhkân,word,language_only_flagged,false,objects,Kumtluang Class I-VII (SCERT Mizoram) — cross-referenced vocabulary extraction,"Source: Kumtluang Class II (SCERT Mizoram). VERIFY spelling-variant: also found as class2:word.dawhkan='dawhkân'(K2), vartian:word.dawhkan='Dawhkan'(TQ0) — confirm distinct words or same word/typo."
word.dawhkan-2,Dawhkan,word,language_only_flagged,false,objects,Vartian (Mizo literacy primer) — vocabulary extraction,"Source: Ujaas (Vartian) Part-1, SCERT Mizoram adult literacy primer. VERIFY: meaning inferred from a book riddle ('ke pali ka nei, mahse ka kal thei lo' = 'I have four legs but cannot walk'); not fully confirmed. VERIFY spelling-variant: also found as class2:word.dawhkan='dawhkân'(K2), vartian:word.dawhkan='Dawhkan'(TQ0) — confirm distinct words or same word/typo."
word.dawr-2,Dawr,word,language_only_flagged,false,places,Vartian (Mizo literacy primer) — vocabulary extraction,"Source: Ujaas (Vartian) Part-1, SCERT Mizoram adult literacy primer. VERIFY possible duplicate: diacritic-variant of existing word 'dâwr' already in corpus — confirm same word or distinct before import."
word.der,der,word,language_only_flagged,false,sounds,Kumtluang Class I-VII (SCERT Mizoram) — cross-referenced vocabulary extraction,"Source: Kumtluang Class I (SCERT Mizoram). VERIFY: exact standalone meaning uncertain, appears as an onomatopoeic root (""dêr dêr"") in the book's poem describing wing-flapping — include with caution."
word.derhken,derhken,word,language_only_flagged,false,nature,Kumtluang Class I-VII (SCERT Mizoram) — cross-referenced vocabulary extraction,Source: Kumtluang Class III (SCERT Mizoram). VERIFY: specific flower species uncertain (likely dahlia-type).
word.dial,dial,word,language_only_flagged,false,adjectives,Kumtluang Class I-VII (SCERT Mizoram) — cross-referenced vocabulary extraction,"Source: Kumtluang Class I (SCERT Mizoram). VERIFY: normally appears reduplicated as ""dial dial""; standalone adjective sense is inferred."
word.diar,Diar,word,language_only_flagged,false,clothing,Vartian (Mizo literacy primer) — vocabulary extraction,"Source: Ujaas (Vartian) Part-1, SCERT Mizoram adult literacy primer. VERIFY: exact style and occasion of wear unconfirmed."
word.dim,dim,word,language_only_flagged,false,verbs,Kumtluang Class I-VII (SCERT Mizoram) — cross-referenced vocabulary extraction,"Source: Kumtluang Class II (SCERT Mizoram). VERIFY: gloss (to hide/lurk stealthily) inferred from a jackal lurking in the story context, confirm before use."
word.dingdi,dingdi,word,language_only_flagged,false,nature,Kumtluang Class I-VII (SCERT Mizoram) — cross-referenced vocabulary extraction,Source: Kumtluang Class III (SCERT Mizoram). VERIFY: specific flower species uncertain (likely marigold-type).
word.emping,Emping,word,language_only_flagged,false,objects,Vartian (Mizo literacy primer) — vocabulary extraction,"Source: Ujaas (Vartian) Part-1, SCERT Mizoram adult literacy primer. VERIFY: exact form/use (basket vs. hat) unconfirmed."
word.eng,Eng,word,language_only_flagged,false,colors,Thumal Quest diaspora expansion batch,VERIFY (low confidence): eng usually means light/shine -- confirm real word for yellow tq_level confirmed TQ1 by Kumtluang curriculum cross-reference (2026-09-16).
word.eng-3,êng,word,language_only_flagged,false,adjectives,Kumtluang Class I-VII (SCERT Mizoram) — cross-referenced vocabulary extraction,Source: Kumtluang Class IV (SCERT Mizoram). VERIFY possible duplicate: diacritic-variant of existing word 'Eng' already in corpus — confirm same word or distinct before import.
word.faihliau,fai hliau,word,language_only_flagged,false,verbs,Kumtluang Class I-VII (SCERT Mizoram) — cross-referenced vocabulary extraction,Source: Kumtluang Class III (SCERT Mizoram). VERIFY: gloss inferred from a folk-tale context (wiping away tracks/tears).
word.fartuah,Farṭuah,word,language_only_flagged,false,nature,Kumtluang Class I-VII (SCERT Mizoram) — cross-referenced vocabulary extraction,Source: Kumtluang Class VII (SCERT Mizoram). VERIFY: exact botanical species uncertain.
word.felna,felna,word,language_only_flagged,false,abstract,Kumtluang Class I-VII (SCERT Mizoram) — cross-referenced vocabulary extraction,"Source: Kumtluang Class II (SCERT Mizoram). VERIFY: gloss (righteousness/moral uprightness) inferred from a Psalm-23-style poem context, confirm before use."
word.fu-2,Fu,word,language_only_flagged,false,food,Vartian (Mizo literacy primer) — vocabulary extraction,"Source: Ujaas (Vartian) Part-1, SCERT Mizoram adult literacy primer. VERIFY: may overlap with the separately-known word 'fû' (chaff/husk); this book's diacritic is unclear, please confirm exact meaning. VERIFY possible duplicate: diacritic-variant of existing word 'fû' already in corpus — confirm same word or distinct before import."
word.hahchawl-2,hahchâwl,word,language_only_flagged,false,verbs,Kumtluang Class I-VII (SCERT Mizoram) — cross-referenced vocabulary extraction,Source: Kumtluang Class II (SCERT Mizoram). VERIFY possible duplicate: diacritic-variant of existing word 'hahchawl' already in corpus — confirm same word or distinct before import.
word.hahip,hahip,word,language_only_flagged,false,verbs,Kumtluang Class I-VII (SCERT Mizoram) — cross-referenced vocabulary extraction,Source: Kumtluang Class VII (SCERT Mizoram). VERIFY: nuance inferred from limited context.
word.harhvang-2,harhvâng,word,language_only_flagged,false,adjectives,Kumtluang Class I-VII (SCERT Mizoram) — cross-referenced vocabulary extraction,Source: Kumtluang Class IV (SCERT Mizoram). VERIFY possible duplicate: diacritic-variant of existing word 'harhvang' already in corpus — confirm same word or distinct before import.
word.harsatnathli,harsatna thli,word,language_only_flagged,false,abstract/values,Kumtluang Class I-VII (SCERT Mizoram) — cross-referenced vocabulary extraction,Source: Kumtluang Class VI (SCERT Mizoram) VERIFY: figurative/poetic phrase; confirm precise reading with a fluent speaker.
word.hauhuk,Hauhuk,word,language_only_flagged,false,animals,Vartian (Mizo literacy primer) — vocabulary extraction,"Source: Ujaas (Vartian) Part-1, SCERT Mizoram adult literacy primer. VERIFY: confirm this is the standard term for hoolock gibbon."
word.hawihhawm-2,hawihhâwm,word,language_only_flagged,false,adjectives,Kumtluang Class I-VII (SCERT Mizoram) — cross-referenced vocabulary extraction,Source: Kumtluang Class I (SCERT Mizoram). VERIFY possible duplicate: diacritic-variant of existing word 'hawihhawm' already in corpus — confirm same word or distinct before import.
word.hawng-2,hawng,word,language_only_flagged,false,verbs,Kumtluang Class I-VII (SCERT Mizoram) — cross-referenced vocabulary extraction,"Source: Kumtluang Class II (SCERT Mizoram). VERIFY: gloss (to open) inferred from an antonym-matching exercise, confirm the paired antonym before use. VERIFY possible duplicate: diacritic-variant of existing word 'hâwng' already in corpus — confirm same word or distinct before import."
word.hlai,hlâi,word,language_only_flagged,false,nature,Kumtluang Class I-VII (SCERT Mizoram) — cross-referenced vocabulary extraction,"Source: Kumtluang Class III (SCERT Mizoram). VERIFY: exact species uncertain; possible homonym with the craft-related word 'hlâi' (bamboo strip) seen elsewhere in the book, kept as a separate entry."
word.hlauthawng-2,hlauthâwng,word,language_only_flagged,false,adjectives,Kumtluang Class I-VII (SCERT Mizoram) — cross-referenced vocabulary extraction,Source: Kumtluang Class IV (SCERT Mizoram). VERIFY possible duplicate: diacritic-variant of existing word 'hlauthawng' already in corpus — confirm same word or distinct before import.
word.hlet,Hlet,word,language_only_flagged,false,verbs,Kumtluang Class I-VII (SCERT Mizoram) — cross-referenced vocabulary extraction,Source: Kumtluang Class VI (SCERT Mizoram). VERIFY: word-box vocabulary item without an explicit dictionary definition given in the book; gloss inferred from context.
word.hlimhla,Hlimhla,word,language_only_flagged,false,nature,Vartian (Mizo literacy primer) — vocabulary extraction,"Source: Ujaas (Vartian) Part-1, SCERT Mizoram adult literacy primer. VERIFY heavily: meaning inferred only from a riddle answer ('ka zui reng che a, mahse min khawih thei lo' = 'I always follow you but you cannot catch me'); could plausibly mean 'shadow' but this is not confirmed and may be wrong."
word.hlobet,hlobet,word,language_only_flagged,false,nature,Kumtluang Class I-VII (SCERT Mizoram) — cross-referenced vocabulary extraction,"Source: Kumtluang Class II (SCERT Mizoram). VERIFY: gloss (a green meadow/pasture) inferred from a Psalm-23-style poem context, confirm before use."
word.hmaihthelh,hmaihthelh,word,language_only_flagged,false,verbs,Kumtluang Class I-VII (SCERT Mizoram) — cross-referenced vocabulary extraction,Source: Kumtluang Class III (SCERT Mizoram). VERIFY: confirm precise gloss (neglect vs delay).
word.hmangchang,hmangchang,word,language_only_flagged,false,adjectives,Kumtluang Class I-VII (SCERT Mizoram) — cross-referenced vocabulary extraction,Source: Kumtluang Class V (SCERT Mizoram). VERIFY: Meaning inferred from context (hmangchang an hria ka ti hle mai); confirm exact register (adverb vs. adjective).
word.hmaram,hmarâm,word,language_only_flagged,false,clothing/traditional,Kumtluang Class I-VII (SCERT Mizoram) — cross-referenced vocabulary extraction,Source: Kumtluang Class IV (SCERT Mizoram). VERIFY: general gloss for a traditional body-marking practice mentioned as historical background.
word.hmatiang,hmatiang,word,language_only_flagged,false,adjectives,Kumtluang Class I-VII (SCERT Mizoram) — cross-referenced vocabulary extraction,"Source: Kumtluang Class VII (SCERT Mizoram). VERIFY: directional suffix word, exact nuance uncertain outside grammar context."
word.hmuingilna,hmuingilna,word,language_only_flagged,false,abstract,Kumtluang Class I-VII (SCERT Mizoram) — cross-referenced vocabulary extraction,Source: Kumtluang Class III (SCERT Mizoram). VERIFY: confirm precise gloss (harmony/concord vs another related sense).
word.hnahsin,hnahsin,word,language_only_flagged,false,nature,Kumtluang Class I-VII (SCERT Mizoram) — cross-referenced vocabulary extraction,Source: Kumtluang Class III (SCERT Mizoram). VERIFY: specific plant species uncertain (likely coleus-type ornamental).
word.hnamtlawm,hnam tlawm,word,language_only_flagged,false,community,Kumtluang Class I-VII (SCERT Mizoram) — cross-referenced vocabulary extraction,Source: Kumtluang Class V (SCERT Mizoram). VERIFY: Compound noun distinct from adjective 'tlawm' (small) already recorded; confirm exact sociolinguistic usage.
word.hnar-2,hnâr,word,language_only_flagged,false,verbs,Kumtluang Class I-VII (SCERT Mizoram) — cross-referenced vocabulary extraction,Source: Kumtluang Class VII (SCERT Mizoram). VERIFY possible duplicate: diacritic-variant of existing word 'Hnar' already in corpus — confirm same word or distinct before import.
word.hnianghnar,hnianghnâr,word,language_only_flagged,false,adjectives,Kumtluang Class I-VII (SCERT Mizoram) — cross-referenced vocabulary extraction,Source: Kumtluang Class IV (SCERT Mizoram). VERIFY: gloss inferred from context (a village's dove population becoming plentiful after a hunting method was banned); no direct definition given in text.
word.hnim,hnim,word,language_only_flagged,false,nature,Kumtluang Class I-VII (SCERT Mizoram) — cross-referenced vocabulary extraction,Source: Kumtluang Class V (SCERT Mizoram). VERIFY: Confirm whether 'hnim' alone (vs. 'hnim tha'/'rihnim') is used as a standalone headword.
word.hnuk-2,hnûk,word,language_only_flagged,false,verbs,Kumtluang Class I-VII (SCERT Mizoram) — cross-referenced vocabulary extraction,Source: Kumtluang Class II (SCERT Mizoram). VERIFY possible duplicate: diacritic-variant of existing word 'hnuk' already in corpus — confirm same word or distinct before import.
word.hrai,hrai,word,language_only_flagged,false,verbs,Kumtluang Class I-VII (SCERT Mizoram) — cross-referenced vocabulary extraction,Source: Kumtluang Class III (SCERT Mizoram). VERIFY: near-synonym of 'pua'; confirm if this specific term differs in meaning or usage.
word.hram-3,hrâm,word,language_only_flagged,false,verbs,Kumtluang Class I-VII (SCERT Mizoram) — cross-referenced vocabulary extraction,Source: Kumtluang Class I (SCERT Mizoram). VERIFY: possible diacritic variant of an already-excluded form spelled without the circumflex. VERIFY possible duplicate: diacritic-variant of existing word 'hram' already in corpus — confirm same word or distinct before import.
word.hring,Hring,word,language_only_flagged,false,colors,Thumal Quest diaspora expansion batch,VERIFY: hring also means raw/unripe; confirm color sense is natural usage tq_level confirmed TQ1 by Kumtluang curriculum cross-reference (2026-09-16).
word.inkalhtlat,inkalh tlat,word,language_only_flagged,false,adjectives,Kumtluang Class I-VII (SCERT Mizoram) — cross-referenced vocabulary extraction,Source: Kumtluang Class V (SCERT Mizoram). VERIFY: Distinguish from the already-catalogued noun 'inkalh khung' (door-bolt); confirm exact usage as a verb/state describing the door being shut fast.
word.inkawm,inkâwm,word,language_only_flagged,false,verbs,Kumtluang Class I-VII (SCERT Mizoram) — cross-referenced vocabulary extraction,"Source: Kumtluang Class I (SCERT Mizoram). VERIFY spelling-variant: also found as class1:word.inkawm='inkâwm'(K1), vartian:word.inkawm='Inkawm'(TQ0) — confirm distinct words or same word/typo."
word.inkawm-2,Inkawm,word,language_only_flagged,false,verbs,Vartian (Mizo literacy primer) — vocabulary extraction,"Source: Ujaas (Vartian) Part-1, SCERT Mizoram adult literacy primer. VERIFY exact part of speech (noun vs. verb usage). VERIFY spelling-variant: also found as class1:word.inkawm='inkâwm'(K1), vartian:word.inkawm='Inkawm'(TQ0) — confirm distinct words or same word/typo."
word.inlar,inlâr,word,language_only_flagged,false,verbs,Kumtluang Class I-VII (SCERT Mizoram) — cross-referenced vocabulary extraction,"Source: Kumtluang Class II (SCERT Mizoram). VERIFY: gloss (to appear/manifest oneself) inferred from a Bible-story context (God appearing in a dream), confirm before use."
word.intihhlimna,Intihhlimna,word,language_only_flagged,false,places,Vartian (Mizo literacy primer) — vocabulary extraction,"Source: Ujaas (Vartian) Part-1, SCERT Mizoram adult literacy primer. VERIFY exact scope (activity vs. place)."
word.intihretak,intihre tak,word,language_only_flagged,false,adjectives,Kumtluang Class I-VII (SCERT Mizoram) — cross-referenced vocabulary extraction,Source: Kumtluang Class V (SCERT Mizoram). VERIFY: Exact meaning/context not fully confirmed from the visible passage; morphology suggests 'to make clearly understood' — verify with a native speaker.
word.ipte,Ipte,word,language_only_flagged,false,objects,Vartian (Mizo literacy primer) — vocabulary extraction,"Source: Ujaas (Vartian) Part-1, SCERT Mizoram adult literacy primer. VERIFY: exact craft/weave term should be checked with a fluent speaker."
word.it,ît,word,language_only_flagged,false,verbs,Kumtluang Class I-VII (SCERT Mizoram) — cross-referenced vocabulary extraction,"Source: Kumtluang Class II (SCERT Mizoram). VERIFY: gloss (to crave/be eager for) inferred from a hungry-owl story context, confirm before use."
word.kaina,kaina,word,language_only_flagged,false,nature,Kumtluang Class I-VII (SCERT Mizoram) — cross-referenced vocabulary extraction,Source: Kumtluang Class VII (SCERT Mizoram). VERIFY: nuance inferred from limited context (boundary/edge of a garden).
word.kaizaveng,kaiza veng,word,language_only_flagged,false,idiom,Kumtluang Class I-VII (SCERT Mizoram) — cross-referenced vocabulary extraction,Source: Kumtluang Class VII (SCERT Mizoram). VERIFY: nuance inferred from limited context.
word.kam,Kam,word,language_only_flagged,false,body,Thumal Quest diaspora expansion batch,VERIFY (moderate confidence): confirm standard word for mouth Provisional: not yet grade-verified against Kumtluang curriculum (2026-09-16).
word.kar,Kar,word,language_only_flagged,false,time,Thumal Quest diaspora expansion batch,VERIFY: confirm exact sense (week vs generic interval) Provisional: not yet grade-verified against Kumtluang curriculum (2026-09-16).
word.kawltheizik,kawlthei zik,word,language_only_flagged,false,food,Kumtluang Class I-VII (SCERT Mizoram) — cross-referenced vocabulary extraction,Source: Kumtluang Class V (SCERT Mizoram). VERIFY: Traditional-medicine plant name; exact botanical identity not independently confirmed — verify with a native speaker/ethnobotanist.
word.kawngkhar,kawngkhâr,word,language_only_flagged,false,tools,Kumtluang Class I-VII (SCERT Mizoram) — cross-referenced vocabulary extraction,"Source: Kumtluang Class IV (SCERT Mizoram). VERIFY spelling-variant: also found as class4:word.kawngkhar='kawngkhâr'(K4), vartian:word.kawngkhar='Kawngkhar'(TQ0) — confirm distinct words or same word/typo."
word.kawngkhar-2,Kawngkhar,word,language_only_flagged,false,objects,Vartian (Mizo literacy primer) — vocabulary extraction,"Source: Ujaas (Vartian) Part-1, SCERT Mizoram adult literacy primer. VERIFY spelling-variant: also found as class4:word.kawngkhar='kawngkhâr'(K4), vartian:word.kawngkhar='Kawngkhar'(TQ0) — confirm distinct words or same word/typo."
word.kawt,kawt,word,language_only_flagged,false,objects,Kumtluang Class I-VII (SCERT Mizoram) — cross-referenced vocabulary extraction,Source: Kumtluang Class III (SCERT Mizoram). VERIFY: exact meaning (fence vs garden border) uncertain from context.
word.kawtchhuah,kawtchhuah,word,language_only_flagged,false,traditional_culture,Kumtluang Class I-VII (SCERT Mizoram) — cross-referenced vocabulary extraction,Source: Kumtluang Class VII (SCERT Mizoram). VERIFY: nuance inferred from limited context.
word.kawtthler,Kawtthler,word,language_only_flagged,false,places,Vartian (Mizo literacy primer) — vocabulary extraction,"Source: Ujaas (Vartian) Part-1, SCERT Mizoram adult literacy primer. VERIFY: image on p.4 shows a cluster of houses/shops; exact translation not confirmed."
word.kelphungtapchimhmuang,kêlphûng tap chim hmu ang,word,language_only_flagged,false,idiom,Kumtluang Class I-VII (SCERT Mizoram) — cross-referenced vocabulary extraction,Source: Kumtluang Class VI (SCERT Mizoram) VERIFY: idiom translated by sense; confirm nuance with fluent speaker.
word.kezungpui,kezungpui,word,language_only_flagged,false,body,Kumtluang Class I-VII (SCERT Mizoram) — cross-referenced vocabulary extraction,"Source: Kumtluang Class III (SCERT Mizoram). VERIFY: gloss inferred from word parts (ke=foot, zung=base, pui=big); confirm exact meaning."
word.khalhna,khalhna,word,language_only_flagged,false,transport,Kumtluang Class I-VII (SCERT Mizoram) — cross-referenced vocabulary extraction,VERIFY: the exact term the book uses for this vehicle part is not fully certain. Source: Kumtluang Class III (SCERT Mizoram).
word.khapna,khapna,word,language_only_flagged,false,transport,Kumtluang Class I-VII (SCERT Mizoram) — cross-referenced vocabulary extraction,VERIFY: the exact term the book uses for this vehicle part is not fully certain. Source: Kumtluang Class III (SCERT Mizoram).
word.khar,khâr,word,language_only_flagged,false,adjectives,Kumtluang Class I-VII (SCERT Mizoram) — cross-referenced vocabulary extraction,"Source: Kumtluang Class II (SCERT Mizoram). VERIFY: gloss (far) inferred from an antonym-matching exercise, confirm the paired antonym before use."
word.khau-2,khâu,word,language_only_flagged,false,animals,Kumtluang Class I-VII (SCERT Mizoram) — cross-referenced vocabulary extraction,Source: Kumtluang Class VII (SCERT Mizoram). VERIFY: exact species/local usage uncertain. VERIFY possible duplicate: diacritic-variant of existing word 'khau' already in corpus — confirm same word or distinct before import.
word.khawrh,khawrh,word,language_only_flagged,false,objects,Kumtluang Class I-VII (SCERT Mizoram) — cross-referenced vocabulary extraction,Source: Kumtluang Class II (SCERT Mizoram). VERIFY: exact gloss (bait/trap for catching crab or fish) inferred from the monkey-and-tortoise story context.
word.khiang,khiang,word,language_only_flagged,false,nature,Kumtluang Class I-VII (SCERT Mizoram) — cross-referenced vocabulary extraction,"Source: Kumtluang Class II (SCERT Mizoram). VERIFY: gloss (a kind of bamboo/cane tree, from the lesson's own definition ""thing chi khat"") is broad; confirm the exact species before use."
word.khuangchawi,khuangchawi,word,language_only_flagged,false,festivals,Kumtluang Class I-VII (SCERT Mizoram) — cross-referenced vocabulary extraction,VERIFY: this is a specific traditional festival name; details are simplified here for a vocabulary entry. Source: Kumtluang Class III (SCERT Mizoram).
word.khuavang,khuavang,word,language_only_flagged,false,culture/folklore,Kumtluang Class I-VII (SCERT Mizoram) — cross-referenced vocabulary extraction,"Source: Kumtluang Class VI (SCERT Mizoram) VERIFY: supernatural/folk-belief concept, route to human culture reviewer."
word.ki,ki,word,language_only_flagged,false,body,Kumtluang Class I-VII (SCERT Mizoram) — cross-referenced vocabulary extraction,VERIFY: 'ki' as a standalone noun can be ambiguous outside context; confirm meaning with a native speaker. | Source: Kumtluang Class II (SCERT Mizoram)
word.kireuh,kireuh,word,language_only_flagged,false,animals,Kumtluang Class I-VII (SCERT Mizoram) — cross-referenced vocabulary extraction,Source: Kumtluang Class IV (SCERT Mizoram). VERIFY: species identity uncertain (named in a hunting story and a bird-categorisation exercise).
word.kuhmum,kuhmûm,word,language_only_flagged,false,verbs,Kumtluang Class I-VII (SCERT Mizoram) — cross-referenced vocabulary extraction,"Source: Kumtluang Class II (SCERT Mizoram). VERIFY: gloss (to form flower buds) inferred from context, confirm before use."
word.lam-3,lam,word,language_only_flagged,false,nature,Kumtluang Class I-VII (SCERT Mizoram) — cross-referenced vocabulary extraction,Source: Kumtluang Class I (SCERT Mizoram). VERIFY possible duplicate: diacritic-variant of existing word 'lâm' already in corpus — confirm same word or distinct before import.
word.lamthuam,lamthuam,word,language_only_flagged,false,culture/folklore,Kumtluang Class I-VII (SCERT Mizoram) — cross-referenced vocabulary extraction,"Source: Kumtluang Class VI (SCERT Mizoram) VERIFY: linked to folk-belief context, route to human culture reviewer."
word.lawi,lâwi,word,language_only_flagged,false,animals,Kumtluang Class I-VII (SCERT Mizoram) — cross-referenced vocabulary extraction,VERIFY: Exact species/gloss for 'lâwi' not fully certain from the picture-primer page alone; recommend a fluent-speaker check. Source: Kumtluang Class I (SCERT Mizoram).
word.lawngpar,Lawngpar,word,language_only_flagged,false,nature,Vartian (Mizo literacy primer) — vocabulary extraction,"Source: Ujaas (Vartian) Part-1, SCERT Mizoram adult literacy primer. VERIFY strongly."
word.lei,lei,word,language_only_flagged,false,verbs,Kumtluang Class I-VII (SCERT Mizoram) — cross-referenced vocabulary extraction,Source: Kumtluang Class III (SCERT Mizoram). VERIFY: potential homonym confusion with 'lei' meaning ground/earth; confirm intended sense from context.
word.leimin,lei min,word,language_only_flagged,false,nature,Kumtluang Class I-VII (SCERT Mizoram) — cross-referenced vocabulary extraction,Source: Kumtluang Class V (SCERT Mizoram). VERIFY: Gloss inferred from context listing natural disasters caused by deforestation; confirm exact term (possibly two separate words).
word.lengphar,lengphâr,word,language_only_flagged,false,animals,Kumtluang Class I-VII (SCERT Mizoram) — cross-referenced vocabulary extraction,Source: Kumtluang Class IV (SCERT Mizoram). VERIFY: species identity uncertain; named among birds caught in a fishing net in the source story.
word.lieng,Lieng,word,language_only_flagged,false,colors,Thumal Quest diaspora expansion batch,VERIFY: confirm exact word/spelling for blue Provisional: not yet grade-verified against Kumtluang curriculum (2026-09-16).
word.lirthei,Lirthei,word,language_only_flagged,false,objects,Vartian (Mizo literacy primer) — vocabulary extraction,"Source: Ujaas (Vartian) Part-1, SCERT Mizoram adult literacy primer. VERIFY exact scope (car specifically vs. vehicle generally)."
word.lupanhnathawh,lu pân hnathawh,word,language_only_flagged,false,idiom,Kumtluang Class I-VII (SCERT Mizoram) — cross-referenced vocabulary extraction,Source: Kumtluang Class VI (SCERT Mizoram) VERIFY: idiom translated by sense; confirm nuance with fluent speaker.
word.mai-2,Mai,word,language_only_flagged,false,food,Vartian (Mizo literacy primer) — vocabulary extraction,"Source: Ujaas (Vartian) Part-1, SCERT Mizoram adult literacy primer. VERIFY possible duplicate: diacritic-variant of existing word 'mâi' already in corpus — confirm same word or distinct before import."
word.maian,maian,word,language_only_flagged,false,nature,Kumtluang Class I-VII (SCERT Mizoram) — cross-referenced vocabulary extraction,VERIFY: confirm 'maian' is the standard modern spelling for the banana plant used in the book's tree-classification exercise. | Source: Kumtluang Class II (SCERT Mizoram)
word.makpa,Makpa,word,language_only_flagged,false,family,Thumal Quest diaspora expansion batch,VERIFY (lower confidence): confirm exact term; NO_EMOJI: needs custom illustration distinct from Pasal/husband; picture_match dropped: same reasoning as word.u -- kinship-relation words aren't visually disambiguable Provisional: not yet grade-verified against Kumtluang curriculum (2026-09-16).
word.mangkhawh,mang khawh,word,language_only_flagged,false,verbs,Kumtluang Class I-VII (SCERT Mizoram) — cross-referenced vocabulary extraction,VERIFY: gloss inferred from limited context; nuance uncertain. Source: Kumtluang Class V (SCERT Mizoram)
word.mipui,Mipui,word,language_only_flagged,false,people,Vartian (Mizo literacy primer) — vocabulary extraction,"Source: Ujaas (Vartian) Part-1, SCERT Mizoram adult literacy primer. VERIFY: exact nuance (public vs. crowd) not fully confirmed from context."
word.mitthlaah,mitthlaah,word,language_only_flagged,false,community,Kumtluang Class I-VII (SCERT Mizoram) — cross-referenced vocabulary extraction,Source: Kumtluang Class V (SCERT Mizoram). VERIFY: Meaning inferred from context (suangtuahna mitthlaah Maharaja chu a lo kal a); confirm compositional sense (mit + thlaah).
word.monu,Monu,word,language_only_flagged,false,family,Thumal Quest diaspora expansion batch,VERIFY (lower confidence): confirm exact term; NO_EMOJI: needs custom illustration distinct from Nupui/wife; picture_match dropped: same reasoning as word.u -- kinship-relation words aren't visually disambiguable Provisional: not yet grade-verified against Kumtluang curriculum (2026-09-16).
word.mualliam,Mual liam,word,language_only_flagged,false,idiom,Kumtluang Class I-VII (SCERT Mizoram) — cross-referenced vocabulary extraction,Source: Kumtluang Class VI (SCERT Mizoram). VERIFY: exact idiomatic nuance uncertain; drawn from a single line of poetry without a direct dictionary gloss.
word.nachang,nachâng,word,language_only_flagged,false,abstract,Kumtluang Class I-VII (SCERT Mizoram) — cross-referenced vocabulary extraction,Source: Kumtluang Class III (SCERT Mizoram). VERIFY: confirm precise gloss (character/trait vs habit).
word.nakalai,nâkalai,word,language_only_flagged,false,idiom,Kumtluang Class I-VII (SCERT Mizoram) — cross-referenced vocabulary extraction,Source: Kumtluang Class VII (SCERT Mizoram). VERIFY: precise temporal nuance uncertain.
word.nawi,nawi,word,language_only_flagged,false,adjectives,Kumtluang Class I-VII (SCERT Mizoram) — cross-referenced vocabulary extraction,"Source: Kumtluang Class IV (SCERT Mizoram). VERIFY: exact nuance uncertain; inferred from a poem-vocabulary exercise pairing it with 'nuam' (pleasant) without a plain-language gloss given in the text. VERIFY spelling-variant: also found as class4:word.nawi='nawi'(K4), class5:word.nawi='nâwi'(K5) — confirm distinct words or same word/typo."
word.nawi-2,nâwi,word,language_only_flagged,false,tools,Kumtluang Class I-VII (SCERT Mizoram) — cross-referenced vocabulary extraction,"Source: Kumtluang Class V (SCERT Mizoram). VERIFY spelling-variant: also found as class4:word.nawi='nawi'(K4), class5:word.nawi='nâwi'(K5) — confirm distinct words or same word/typo."
word.nawinawk,nawinâwk,word,language_only_flagged,false,colors,Kumtluang Class I-VII (SCERT Mizoram) — cross-referenced vocabulary extraction,"Source: Kumtluang Class II (SCERT Mizoram). VERIFY: exact shade (orange) inferred from rainbow-colours lesson list, confirm before use."
word.nawlhbawk,Nawlhbawk,word,language_only_flagged,false,objects,Vartian (Mizo literacy primer) — vocabulary extraction,"Source: Ujaas (Vartian) Part-1, SCERT Mizoram adult literacy primer. VERIFY exact spelling."
word.nawm,nawm,word,language_only_flagged,false,adjectives,Kumtluang Class I-VII (SCERT Mizoram) — cross-referenced vocabulary extraction,"Source: Kumtluang Class II (SCERT Mizoram). VERIFY: nuance (done playfully / for fun) distinguished from ""nuam"" (pleasant) already catalogued, confirm before use."
word.nawt-2,nâwt,word,language_only_flagged,false,verbs,Kumtluang Class I-VII (SCERT Mizoram) — cross-referenced vocabulary extraction,Source: Kumtluang Class I (SCERT Mizoram). VERIFY: possible diacritic variant of an already-excluded form spelled without the circumflex. VERIFY possible duplicate: diacritic-variant of existing word 'nawt' already in corpus — confirm same word or distinct before import.
word.nem,nêm,word,language_only_flagged,false,adjectives,Kumtluang Class I-VII (SCERT Mizoram) — cross-referenced vocabulary extraction,Source: Kumtluang Class III (SCERT Mizoram). VERIFY: confirm precise gloss from a minimal-pair exercise.
word.nghadawl,nghadawl,word,language_only_flagged,false,animals,Kumtluang Class I-VII (SCERT Mizoram) — cross-referenced vocabulary extraction,Source: Kumtluang Class IV (SCERT Mizoram). VERIFY: 'nghadawl' is one of several dove/pigeon species named in a hunting story and a bird-categorisation exercise; exact common English species name not confirmed.
word.nghafuan,nghafuan,word,language_only_flagged,false,tools,Kumtluang Class I-VII (SCERT Mizoram) — cross-referenced vocabulary extraction,Source: Kumtluang Class IV (SCERT Mizoram). VERIFY: gloss inferred from context describing a hunting method being restricted to protect dove numbers; exact construction of the trap is not described in the text.
word.nghahrah,nghahrah,word,language_only_flagged,false,animals,Kumtluang Class I-VII (SCERT Mizoram) — cross-referenced vocabulary extraction,Source: Kumtluang Class IV (SCERT Mizoram). VERIFY: 'nghahrah' is one of several dove/pigeon species named in a hunting story and a bird-categorisation exercise; exact common English species name not confirmed.
word.ngharul,ngharûl,word,language_only_flagged,false,animals,Kumtluang Class I-VII (SCERT Mizoram) — cross-referenced vocabulary extraction,Source: Kumtluang Class IV (SCERT Mizoram). VERIFY: 'ngharûl' is one of several dove/pigeon species named in a hunting story and a bird-categorisation exercise; exact common English species name not confirmed.
word.nghatun,nghatun,word,language_only_flagged,false,animals,Kumtluang Class I-VII (SCERT Mizoram) — cross-referenced vocabulary extraction,Source: Kumtluang Class IV (SCERT Mizoram). VERIFY: 'nghatun' is one of several dove/pigeon species named in a hunting story and a bird-categorisation exercise; exact common English species name not confirmed.
word.nghavang,nghavâng,word,language_only_flagged,false,animals,Kumtluang Class I-VII (SCERT Mizoram) — cross-referenced vocabulary extraction,Source: Kumtluang Class IV (SCERT Mizoram). VERIFY: 'nghavâng' is one of several dove/pigeon species named in a hunting story and a bird-categorisation exercise; exact common English species name not confirmed.
word.nghavawk,nghavawk,word,language_only_flagged,false,animals,Kumtluang Class I-VII (SCERT Mizoram) — cross-referenced vocabulary extraction,Source: Kumtluang Class IV (SCERT Mizoram). VERIFY: 'nghavawk' is one of several dove/pigeon species named in a hunting story and a bird-categorisation exercise; exact common English species name not confirmed.
word.nghawng,nghâwng,word,language_only_flagged,false,plants,Kumtluang Class I-VII (SCERT Mizoram) — cross-referenced vocabulary extraction,VERIFY: Gloss inferred from a dialogue line where a flower character says its 'nghâwng' hurts; recommend a fluent-speaker check. Source: Kumtluang Class I (SCERT Mizoram).
word.ngilneihna,ngilneihna,word,language_only_flagged,false,abstract,Kumtluang Class I-VII (SCERT Mizoram) — cross-referenced vocabulary extraction,"Source: Kumtluang Class II (SCERT Mizoram). VERIFY: gloss (mercy/kindness) inferred from a Psalm-23-style poem context, confirm before use."
word.ngun-2,ngun,word,language_only_flagged,false,adjectives,Kumtluang Class I-VII (SCERT Mizoram) — cross-referenced vocabulary extraction,Source: Kumtluang Class II (SCERT Mizoram). VERIFY possible duplicate: diacritic-variant of existing word 'ngûn' already in corpus — confirm same word or distinct before import.
word.nikir,nikir,word,language_only_flagged,false,seasons,Kumtluang Class I-VII (SCERT Mizoram) — cross-referenced vocabulary extraction,VERIFY: the exact scope of this seasonal word is not fully certain. Source: Kumtluang Class III (SCERT Mizoram).
word.pasaltha,pasaltha,word,language_only_flagged,false,history,Kumtluang Class I-VII (SCERT Mizoram) — cross-referenced vocabulary extraction,VERIFY: this is a traditional cultural term; kept general rather than tied to the hunting-story plot. Source: Kumtluang Class III (SCERT Mizoram).
word.pawhraw,Pawhraw,word,language_only_flagged,false,idiom,Kumtluang Class I-VII (SCERT Mizoram) — cross-referenced vocabulary extraction,Source: Kumtluang Class VI (SCERT Mizoram). VERIFY: meaning inferred from context (listed among undesirable youthful behaviors); precise dictionary definition not confirmed.
word.pawl,pawl,word,language_only_flagged,false,colors,Kumtluang Class I-VII (SCERT Mizoram) — cross-referenced vocabulary extraction,VERIFY: Gloss inferred from a blue mug's picture caption in a colour-naming exercise; not cross-checked against a dictionary. Source: Kumtluang Class I (SCERT Mizoram).
word.pawl-4,pâwl,word,language_only_flagged,false,colors,Kumtluang Class I-VII (SCERT Mizoram) — cross-referenced vocabulary extraction,"Source: Kumtluang Class II (SCERT Mizoram). Note: distinct from ""pawl"" (group/class) already catalogued; here pâwl names a colour in the rainbow-colours lesson. VERIFY possible duplicate: diacritic-variant of existing word 'pawl' already in corpus — confirm same word or distinct before import."
word.pawng,pâwng,word,language_only_flagged,false,values,Kumtluang Class I-VII (SCERT Mizoram) — cross-referenced vocabulary extraction,Source: Kumtluang Class V (SCERT Mizoram). VERIFY: Meaning inferred from context (mi tha leh neinung an pâwng hek lo); confirm exact shade of meaning.
word.peng,pêng,word,language_only_flagged,false,nature,Kumtluang Class I-VII (SCERT Mizoram) — cross-referenced vocabulary extraction,"Source: Kumtluang Class I (SCERT Mizoram). VERIFY spelling-variant: also found as class1:word.peng='pêng'(K1), class3:word.peng='peng'(K3) — confirm distinct words or same word/typo."
word.peng-2,peng,word,language_only_flagged,false,body,Kumtluang Class I-VII (SCERT Mizoram) — cross-referenced vocabulary extraction,"Source: Kumtluang Class III (SCERT Mizoram). VERIFY spelling-variant: also found as class1:word.peng='pêng'(K1), class3:word.peng='peng'(K3) — confirm distinct words or same word/typo."
word.perek,Perek,word,language_only_flagged,false,food,Vartian (Mizo literacy primer) — vocabulary extraction,"Source: Ujaas (Vartian) Part-1, SCERT Mizoram adult literacy primer. VERIFY translation."
word.phalhauh,phalhauh,word,language_only_flagged,false,verbs,Kumtluang Class I-VII (SCERT Mizoram) — cross-referenced vocabulary extraction,Source: Kumtluang Class VII (SCERT Mizoram). VERIFY: precise nuance inferred from limited context.
word.phengphehlep-2,Phengphehlep,word,language_only_flagged,false,food,Vartian (Mizo literacy primer) — vocabulary extraction,"Source: Ujaas (Vartian) Part-1, SCERT Mizoram adult literacy primer. VERIFY strongly: appears in a kitchen-items word list (p.46); exact identification not confirmed. VERIFY possible duplicate: diacritic-variant of existing word 'phêngphehlep' already in corpus — confirm same word or distinct before import."
word.phian,phian,word,language_only_flagged,false,adjectives,Kumtluang Class I-VII (SCERT Mizoram) — cross-referenced vocabulary extraction,Source: Kumtluang Class V (SCERT Mizoram). VERIFY: Meaning inferred from a single narrative use (a awih phian mai lehnghal); confirm as standalone headword vs. bound form.
word.phu,phu,word,language_only_flagged,false,verbs,Kumtluang Class I-VII (SCERT Mizoram) — cross-referenced vocabulary extraction,Source: Kumtluang Class II (SCERT Mizoram). VERIFY: gloss (to blow/pant hard) inferred from a dove panting for breath in the story context.
word.phuba,phubâ,word,language_only_flagged,false,household,Kumtluang Class I-VII (SCERT Mizoram) — cross-referenced vocabulary extraction,VERIFY: the exact traditional structure this refers to is simplified here. Source: Kumtluang Class III (SCERT Mizoram).
word.phuh,phuh,word,language_only_flagged,false,verbs,Kumtluang Class I-VII (SCERT Mizoram) — cross-referenced vocabulary extraction,Source: Kumtluang Class II (SCERT Mizoram). VERIFY: gloss (to spray/blow out water or breath) inferred from an elephant spraying water in the story context.
word.phuihnam,phuihnam,word,language_only_flagged,false,food,Kumtluang Class I-VII (SCERT Mizoram) — cross-referenced vocabulary extraction,Source: Kumtluang Class V (SCERT Mizoram). VERIFY: Traditional-medicine plant name; exact botanical identity not independently confirmed — verify with a native speaker/ethnobotanist.
word.phulraw,phûlraw,word,language_only_flagged,false,food,Kumtluang Class I-VII (SCERT Mizoram) — cross-referenced vocabulary extraction,Source: Kumtluang Class VII (SCERT Mizoram). VERIFY: exact plant identification uncertain.
word.phurhhlan,phurhhlân,word,language_only_flagged,false,abstract/values,Kumtluang Class I-VII (SCERT Mizoram) — cross-referenced vocabulary extraction,Source: Kumtluang Class VI (SCERT Mizoram) VERIFY: figurative/poetic term; confirm precise reading with a fluent speaker.
word.pit,pit,word,language_only_flagged,false,animals,Kumtluang Class I-VII (SCERT Mizoram) — cross-referenced vocabulary extraction,Source: Kumtluang Class IV (SCERT Mizoram). VERIFY: species identity uncertain (small generic bird named in a story).
word.puak,puak,word,language_only_flagged,false,verbs,Kumtluang Class I-VII (SCERT Mizoram) — cross-referenced vocabulary extraction,"Source: Kumtluang Class II (SCERT Mizoram). VERIFY: gloss (to bear fruit / swell) inferred from a flower-and-rain story context, confirm before use."
word.ral,ral,word,language_only_flagged,false,community,Kumtluang Class I-VII (SCERT Mizoram) — cross-referenced vocabulary extraction,"Source: Kumtluang Class I (SCERT Mizoram). VERIFY spelling-variant: also found as class1:word.ral='ral'(K1), class3:word.ral2='râl'(K3), class4:word.ral='râl'(K4) — confirm distinct words or same word/typo."
word.ralkairual,râl kai rual,word,language_only_flagged,false,idiom,Kumtluang Class I-VII (SCERT Mizoram) — cross-referenced vocabulary extraction,Source: Kumtluang Class VI (SCERT Mizoram) VERIFY: idiom rooted in older warfare context; confirm nuance with human culture reviewer.
word.rapthlak,râpthlâk,word,language_only_flagged,false,adjectives,Kumtluang Class I-VII (SCERT Mizoram) — cross-referenced vocabulary extraction,Source: Kumtluang Class III (SCERT Mizoram). VERIFY: confirm precise gloss from a sentiment-classification exercise.
word.ruahmansak,ruahmansak,word,language_only_flagged,false,verbs,Kumtluang Class I-VII (SCERT Mizoram) — cross-referenced vocabulary extraction,Source: Kumtluang Class V (SCERT Mizoram). VERIFY: Meaning inferred from context (min ruahmansak te); confirm exact shade of meaning vs. plain 'ruahman'.
word.ruai,ruai,word,language_only_flagged,false,abstract,Kumtluang Class I-VII (SCERT Mizoram) — cross-referenced vocabulary extraction,"Source: Kumtluang Class II (SCERT Mizoram). VERIFY: exact sense (a rumour/warning cry spread by word of mouth among the animals) inferred from context, confirm before use."
word.rualthawt,rual ṭhawt,word,language_only_flagged,false,verbs,Kumtluang Class I-VII (SCERT Mizoram) — cross-referenced vocabulary extraction,Source: Kumtluang Class III (SCERT Mizoram). VERIFY: gloss inferred from a caterpillar/butterfly story context.
word.sa-2,sâ,word,language_only_flagged,false,food/body,Kumtluang Class I-VII (SCERT Mizoram) — cross-referenced vocabulary extraction,Source: Kumtluang Class III (SCERT Mizoram). VERIFY: confirm precise gloss; possible near-duplicate of 'thau'. VERIFY possible duplicate: diacritic-variant of existing word 'Sa' already in corpus — confirm same word or distinct before import.
word.sairawkherh,sairawkherh,word,language_only_flagged,false,tools,Kumtluang Class I-VII (SCERT Mizoram) — cross-referenced vocabulary extraction,Source: Kumtluang Class V (SCERT Mizoram). VERIFY: Exact identification/spelling of this traditional tool name should be confirmed with a native speaker.
word.sakawr,Sakawr,word,language_only_flagged,false,animals,Thumal Quest diaspora expansion batch,VERIFY: confirm spelling Provisional: not yet grade-verified against Kumtluang curriculum (2026-09-16).
word.sanghal,sanghal,word,language_only_flagged,false,animals,Kumtluang Class I-VII (SCERT Mizoram) — cross-referenced vocabulary extraction,Source: Kumtluang Class IV (SCERT Mizoram). VERIFY: spelling is close to 'sanghar' (porcupine) elsewhere in the same book; may be the same animal or a distinct one—needs language review.
word.sanghar,sanghar,word,language_only_flagged,false,animals,Kumtluang Class I-VII (SCERT Mizoram) — cross-referenced vocabulary extraction,"Source: Kumtluang Class IV (SCERT Mizoram). VERIFY: likely means porcupine, inferred from grouping with other wild-game names in an animal-sounds exercise."
word.sarzuk,sarzuk,word,language_only_flagged,false,food,Kumtluang Class I-VII (SCERT Mizoram) — cross-referenced vocabulary extraction,Source: Kumtluang Class V (SCERT Mizoram). VERIFY: Traditional-medicine plant name; exact botanical identity not independently confirmed — verify with a native speaker/ethnobotanist.
word.sawhthing,sawhthing,word,language_only_flagged,false,food,Kumtluang Class I-VII (SCERT Mizoram) — cross-referenced vocabulary extraction,Source: Kumtluang Class V (SCERT Mizoram). VERIFY: Traditional-medicine plant name; exact botanical identity not independently confirmed — verify with a native speaker/ethnobotanist.
word.sawmhnih,Sawmhnih,word,language_only_flagged,false,numbers,Thumal Quest diaspora expansion batch,VERIFY: confirm compound form/spelling; NO_EMOJI: no clean single glyph for 20 -- needs custom illustration or compound display Provisional: not yet grade-verified against Kumtluang curriculum (2026-09-16).
word.sawmkhat,Sawmkhat,word,language_only_flagged,false,numbers,Thumal Quest diaspora expansion batch,VERIFY: confirm compound form/spelling; NO_EMOJI: no clean single glyph for 11 -- needs custom illustration or compound display Provisional: not yet grade-verified against Kumtluang curriculum (2026-09-16).
word.sazuk,sazuk,word,language_only_flagged,false,animals,Kumtluang Class I-VII (SCERT Mizoram) — cross-referenced vocabulary extraction,Source: Kumtluang Class IV (SCERT Mizoram). VERIFY: likely refers to a small deer species; route for language review to confirm exact identity vs. 'sihal'.
word.sekhupthur,sekhupthur,word,language_only_flagged,false,food,Kumtluang Class I-VII (SCERT Mizoram) — cross-referenced vocabulary extraction,Source: Kumtluang Class V (SCERT Mizoram). VERIFY: Traditional-medicine plant name; exact botanical identity not independently confirmed — verify with a native speaker/ethnobotanist.
word.sena,sêna,word,language_only_flagged,false,verbs,Kumtluang Class I-VII (SCERT Mizoram) — cross-referenced vocabulary extraction,Source: Kumtluang Class V (SCERT Mizoram). VERIFY: Meaning inferred from context (kan zirna atan pawisa te an sêna); confirm exact nuance vs. plain 'ngen'.
word.serthlum,serthlum,word,language_only_flagged,false,colors,Kumtluang Class I-VII (SCERT Mizoram) — cross-referenced vocabulary extraction,"Source: Kumtluang Class II (SCERT Mizoram). VERIFY: exact shade (golden-yellow) inferred from rainbow-colours lesson list, confirm before use."
word.siahthing,siahthing,word,language_only_flagged,false,nature,Kumtluang Class I-VII (SCERT Mizoram) — cross-referenced vocabulary extraction,Source: Kumtluang Class VII (SCERT Mizoram). VERIFY: exact tree species uncertain.
word.siang,siang,word,language_only_flagged,false,nature,Kumtluang Class I-VII (SCERT Mizoram) — cross-referenced vocabulary extraction,"Source: Kumtluang Class IV (SCERT Mizoram). VERIFY: an archaic/poetic word glossed in the textbook itself as 'in, chenna' (house, dwelling); modern usage is rare so confidence is moderate."
word.sihal,sihal,word,language_only_flagged,false,animals,Kumtluang Class I-VII (SCERT Mizoram) — cross-referenced vocabulary extraction,"Source: Kumtluang Class IV (SCERT Mizoram). VERIFY: likely refers to the barking deer, inferred from its grouping with other deer/wild-game names."
word.sirva-2,sîrva,word,language_only_flagged,false,animals,Kumtluang Class I-VII (SCERT Mizoram) — cross-referenced vocabulary extraction,Source: Kumtluang Class VII (SCERT Mizoram). VERIFY: exact bird species uncertain; glossed generically as a small bird. VERIFY possible duplicate: diacritic-variant of existing word 'sirva' already in corpus — confirm same word or distinct before import.
word.sumbul,sumbul,word,language_only_flagged,false,food,Kumtluang Class I-VII (SCERT Mizoram) — cross-referenced vocabulary extraction,Source: Kumtluang Class V (SCERT Mizoram). VERIFY: Traditional-medicine plant name; exact botanical identity not independently confirmed — verify with a native speaker/ethnobotanist.
word.sunhlu,Sunhlu,word,language_only_flagged,false,food,Kumtluang Class I-VII (SCERT Mizoram) — cross-referenced vocabulary extraction,"Source: Kumtluang Class VI (SCERT Mizoram). VERIFY: reasonably confident this is Indian gooseberry/amla, but exact species not fully confirmed."
word.taihmakna-2,taihmâkna,word,language_only_flagged,false,values,Kumtluang Class I-VII (SCERT Mizoram) — cross-referenced vocabulary extraction,Source: Kumtluang Class VII (SCERT Mizoram). VERIFY possible duplicate: diacritic-variant of existing word 'taihmakna' already in corpus — confirm same word or distinct before import.
word.tap,ṭap,word,language_only_flagged,false,verbs,Kumtluang Class I-VII (SCERT Mizoram) — cross-referenced vocabulary extraction,"Source: Kumtluang Class I (SCERT Mizoram). VERIFY spelling-variant: also found as class1:word.tap='ṭap'(K1), class3:word.tap='tap'(K3) — confirm distinct words or same word/typo."
word.tap-2,tap,word,language_only_flagged,false,verbs,Kumtluang Class I-VII (SCERT Mizoram) — cross-referenced vocabulary extraction,"Source: Kumtluang Class III (SCERT Mizoram). VERIFY spelling-variant: also found as class1:word.tap='ṭap'(K1), class3:word.tap='tap'(K3) — confirm distinct words or same word/typo."
word.tawitaw,tawitaw,word,language_only_flagged,false,food,Kumtluang Class I-VII (SCERT Mizoram) — cross-referenced vocabulary extraction,Source: Kumtluang Class V (SCERT Mizoram). VERIFY: Traditional-medicine plant name; exact botanical identity not independently confirmed — verify with a native speaker/ethnobotanist.
word.tawktarh,tawktarh,word,language_only_flagged,false,history,Kumtluang Class I-VII (SCERT Mizoram) — cross-referenced vocabulary extraction,"VERIFY: a traditional historical tool; included as vocabulary, not for hunting instruction. Source: Kumtluang Class III (SCERT Mizoram)."
word.tawlailir,Tawlailir,word,language_only_flagged,false,objects,Vartian (Mizo literacy primer) — vocabulary extraction,"Source: Ujaas (Vartian) Part-1, SCERT Mizoram adult literacy primer. VERIFY exact type of ride."
word.tawllawt,tawllâwt,word,language_only_flagged,false,animals,Kumtluang Class I-VII (SCERT Mizoram) — cross-referenced vocabulary extraction,Source: Kumtluang Class IV (SCERT Mizoram). VERIFY: species identity uncertain (named in a bird-categorisation exercise).
word.tel,têl,word,language_only_flagged,false,tools,Kumtluang Class I-VII (SCERT Mizoram) — cross-referenced vocabulary extraction,"Source: Kumtluang Class VII (SCERT Mizoram). VERIFY spelling-variant: also found as class7:word.tel='têl'(K7), vartian:word.tel='Tel'(TQ0) — confirm distinct words or same word/typo."
word.tel-2,Tel,word,language_only_flagged,false,food,Vartian (Mizo literacy primer) — vocabulary extraction,"Source: Ujaas (Vartian) Part-1, SCERT Mizoram adult literacy primer. VERIFY spelling-variant: also found as class7:word.tel='têl'(K7), vartian:word.tel='Tel'(TQ0) — confirm distinct words or same word/typo."
word.tengte,Tengte,word,language_only_flagged,false,food,Vartian (Mizo literacy primer) — vocabulary extraction,"Source: Ujaas (Vartian) Part-1, SCERT Mizoram adult literacy primer. VERIFY exact species name."
word.thahrui,thahrui,word,language_only_flagged,false,folktale/legend,Kumtluang Class I-VII (SCERT Mizoram) — cross-referenced vocabulary extraction,Source: Kumtluang Class IV (SCERT Mizoram). VERIFY: gloss inferred from context in a strongman legend; literal meaning may be closer to 'sinew/muscle'.
word.thal,ṭhâl,word,language_only_flagged,false,nature,Kumtluang Class I-VII (SCERT Mizoram) — cross-referenced vocabulary extraction,"Source: Kumtluang Class II (SCERT Mizoram). Gloss given directly by the lesson's own glossary-style definition (khaw ro lai tak). VERIFY spelling-variant: also found as class2:word.thal='ṭhâl'(K2), class3:word.thal='thal'(K3) — confirm distinct words or same word/typo."
word.thal-2,thal,word,language_only_flagged,false,adjectives,Kumtluang Class I-VII (SCERT Mizoram) — cross-referenced vocabulary extraction,"Source: Kumtluang Class III (SCERT Mizoram). VERIFY: confirm precise gloss from a minimal-pair exercise. VERIFY spelling-variant: also found as class2:word.thal='ṭhâl'(K2), class3:word.thal='thal'(K3) — confirm distinct words or same word/typo."
word.thangrei,thangrei,word,language_only_flagged,false,nature,Kumtluang Class I-VII (SCERT Mizoram) — cross-referenced vocabulary extraction,Source: Kumtluang Class III (SCERT Mizoram). VERIFY: specific plant species uncertain.
word.thangthar,ṭhangthar,word,language_only_flagged,false,people,Kumtluang Class I-VII (SCERT Mizoram) — cross-referenced vocabulary extraction,"Source: Kumtluang Class IV (SCERT Mizoram). VERIFY spelling-variant: also found as class4:word.thangthar='ṭhangthar'(K4), class7:word.thangthar='thangthar'(K7) — confirm distinct words or same word/typo."
word.thangthar-2,thangthar,word,language_only_flagged,false,community,Kumtluang Class I-VII (SCERT Mizoram) — cross-referenced vocabulary extraction,"Source: Kumtluang Class VII (SCERT Mizoram). VERIFY spelling-variant: also found as class4:word.thangthar='ṭhangthar'(K4), class7:word.thangthar='thangthar'(K7) — confirm distinct words or same word/typo."
word.theiherawt,theiherâwt,word,language_only_flagged,false,food,Kumtluang Class I-VII (SCERT Mizoram) — cross-referenced vocabulary extraction,"Source: Kumtluang Class IV (SCERT Mizoram). VERIFY: identified as a local fruit whose fruit turns reddish, matched in a fruit-vocabulary exercise; exact common English name not fully confirmed. VERIFY spelling-variant: also found as class4:word.theiherawt='theiherâwt'(K4), class5:word.theiherawt='theiherawt'(K5) — confirm distinct words or same word/typo."
word.theiherawt-2,theiherawt,word,language_only_flagged,false,food,Kumtluang Class I-VII (SCERT Mizoram) — cross-referenced vocabulary extraction,"Source: Kumtluang Class V (SCERT Mizoram). VERIFY: Traditional-medicine plant name; exact botanical identity not independently confirmed — verify with a native speaker/ethnobotanist. VERIFY spelling-variant: also found as class4:word.theiherawt='theiherâwt'(K4), class5:word.theiherawt='theiherawt'(K5) — confirm distinct words or same word/typo."
word.theite,theitê,word,language_only_flagged,false,food,Kumtluang Class I-VII (SCERT Mizoram) — cross-referenced vocabulary extraction,VERIFY: the exact fruit species the book means is not fully certain. Source: Kumtluang Class III (SCERT Mizoram).
word.theitehmul,theitehmul,word,language_only_flagged,false,food,Kumtluang Class I-VII (SCERT Mizoram) — cross-referenced vocabulary extraction,"Source: Kumtluang Class III (SCERT Mizoram). VERIFY: gloss inferred from word parts (thei=fruit, mul=fuzz); confirm exact meaning."
word.thelh-2,ṭhelh,word,language_only_flagged,false,verbs,Kumtluang Class I-VII (SCERT Mizoram) — cross-referenced vocabulary extraction,Source: Kumtluang Class II (SCERT Mizoram). VERIFY possible duplicate: diacritic-variant of existing word 'thelh' already in corpus — confirm same word or distinct before import.
word.thenawm-2,Ṭhenawm,word,language_only_flagged,false,people,Vartian (Mizo literacy primer) — vocabulary extraction,"Source: Ujaas (Vartian) Part-1, SCERT Mizoram adult literacy primer. Book captions this as plural 'Ṭhenawmte'; singular root form 'Ṭhenawm' used here as the canonical vocabulary entry. VERIFY possible duplicate: diacritic-variant of existing word 'thenawm' already in corpus — confirm same word or distinct before import."
word.thial,thial,word,language_only_flagged,false,adjectives,Kumtluang Class I-VII (SCERT Mizoram) — cross-referenced vocabulary extraction,Source: Kumtluang Class III (SCERT Mizoram). VERIFY: confirm precise gloss (spilled vs messy) from context.
word.thingchangvar,thingchang var,word,language_only_flagged,false,idiom,Kumtluang Class I-VII (SCERT Mizoram) — cross-referenced vocabulary extraction,Source: Kumtluang Class VI (SCERT Mizoram) VERIFY: idiom translated by sense; confirm nuance with fluent speaker.
word.thingfanghmai,Thingfanghmai,word,language_only_flagged,false,food,Kumtluang Class I-VII (SCERT Mizoram) — cross-referenced vocabulary extraction,"Source: Kumtluang Class VI (SCERT Mizoram). VERIFY: reasonably confident this is papaya, based on the lesson's illustration and description."
word.thinghar,Thing hâr,word,language_only_flagged,false,idiom,Kumtluang Class I-VII (SCERT Mizoram) — cross-referenced vocabulary extraction,Source: Kumtluang Class VI (SCERT Mizoram). VERIFY: idiomatic nuance inferred from the lesson's narrative context; no explicit dictionary definition was given.
word.thinur,Thinur,word,language_only_flagged,false,feelings,Thumal Quest diaspora expansion batch,VERIFY: confirm spelling/register Provisional: not yet grade-verified against Kumtluang curriculum (2026-09-16).
word.thirbel,Thirbel,word,language_only_flagged,false,objects,Vartian (Mizo literacy primer) — vocabulary extraction,"Source: Ujaas (Vartian) Part-1, SCERT Mizoram adult literacy primer. VERIFY exact distinction from plain 'bêl'."
word.thlal,thlal,word,language_only_flagged,false,time,Kumtluang Class I-VII (SCERT Mizoram) — cross-referenced vocabulary extraction,VERIFY: spelling of tone marks on 'thlâl' — confirm with a fluent speaker. | Source: Kumtluang Class II (SCERT Mizoram)
word.thlang,thlang,word,language_only_flagged,false,nature,Kumtluang Class I-VII (SCERT Mizoram) — cross-referenced vocabulary extraction,Source: Kumtluang Class VII (SCERT Mizoram). VERIFY: 'thlang' more commonly means hillside; here paired with chhak (east) to mean west.
word.thlaphang,thlaphâng,word,language_only_flagged,false,nature,Kumtluang Class I-VII (SCERT Mizoram) — cross-referenced vocabulary extraction,Source: Kumtluang Class III (SCERT Mizoram). VERIFY: gloss inferred from lion-and-mouse fable context.
word.thlemnathli,thlêmna thli,word,language_only_flagged,false,abstract/values,Kumtluang Class I-VII (SCERT Mizoram) — cross-referenced vocabulary extraction,Source: Kumtluang Class VI (SCERT Mizoram) VERIFY: figurative/poetic phrase; confirm precise reading with a fluent speaker.
word.thlitfimsak,thlit fimsak,word,language_only_flagged,false,nature,Kumtluang Class I-VII (SCERT Mizoram) — cross-referenced vocabulary extraction,VERIFY: exact nuance inferred from forest-conservation context; gloss may need native-speaker check. Source: Kumtluang Class V (SCERT Mizoram)
word.thuhnuairawlh,thuhnuairawlh,word,language_only_flagged,false,adjectives,Kumtluang Class I-VII (SCERT Mizoram) — cross-referenced vocabulary extraction,Source: Kumtluang Class III (SCERT Mizoram). VERIFY: gloss inferred from a paraphrase-style Beatitudes poem; confirm precise meaning.
word.thui-2,ṭhui,word,language_only_flagged,false,objects,Kumtluang Class I-VII (SCERT Mizoram) — cross-referenced vocabulary extraction,Source: Kumtluang Class III (SCERT Mizoram). VERIFY: spelling uncertain (may be a variant of the excluded word 'thui'); confirm exact meaning (thread/lace vs a distinct term). VERIFY possible duplicate: diacritic-variant of existing word 'thui' already in corpus — confirm same word or distinct before import.
word.thuttir,thuttir,word,language_only_flagged,false,verbs,Kumtluang Class I-VII (SCERT Mizoram) — cross-referenced vocabulary extraction,Source: Kumtluang Class V (SCERT Mizoram). VERIFY: Meaning inferred from context (mikhual pa chuan naupanghote chu a thuttir a); confirm exact nuance vs. 'en fiah'.
word.tiang,tiang,word,language_only_flagged,false,objects,Kumtluang Class I-VII (SCERT Mizoram) — cross-referenced vocabulary extraction,"Source: Kumtluang Class II (SCERT Mizoram). VERIFY: gloss (a rod/staff) inferred from a Psalm-23-style poem context, confirm before use."
word.tiauvut,ṭiauvut,word,language_only_flagged,false,nature,Kumtluang Class I-VII (SCERT Mizoram) — cross-referenced vocabulary extraction,Source: Kumtluang Class IV (SCERT Mizoram). VERIFY: this word's precise sense is not glossed in the textbook; inferred from flood-poem context (debris/miscellaneous things carried by floodwater).
word.tichereu,tichereu,word,language_only_flagged,false,verbs,Kumtluang Class I-VII (SCERT Mizoram) — cross-referenced vocabulary extraction,"VERIFY: contextual meaning inferred, not explicitly glossed in book. Source: Kumtluang Class V (SCERT Mizoram)"
word.tin,tin,word,language_only_flagged,false,body parts,Kumtluang Class I-VII (SCERT Mizoram) — cross-referenced vocabulary extraction,"Source: Kumtluang Class I (SCERT Mizoram). VERIFY spelling-variant: also found as class1:word.tin='tin'(K1), vartian:word.tin='Ṭin'(TQ0) — confirm distinct words or same word/typo."
word.tin-2,Ṭin,word,language_only_flagged,false,objects,Vartian (Mizo literacy primer) — vocabulary extraction,"Source: Ujaas (Vartian) Part-1, SCERT Mizoram adult literacy primer. VERIFY exact usage (generic can vs. specific milk-tin). VERIFY spelling-variant: also found as class1:word.tin='tin'(K1), vartian:word.tin='Ṭin'(TQ0) — confirm distinct words or same word/typo."
word.ting,ting,word,language_only_flagged,false,colors,Kumtluang Class I-VII (SCERT Mizoram) — cross-referenced vocabulary extraction,"Source: Kumtluang Class II (SCERT Mizoram). VERIFY: exact shade (indigo/blue) inferred from rainbow-colours lesson list, confirm before use."
word.tlai-2,tlai,word,language_only_flagged,false,adjectives,Kumtluang Class I-VII (SCERT Mizoram) — cross-referenced vocabulary extraction,Source: Kumtluang Class IV (SCERT Mizoram). VERIFY possible duplicate: diacritic-variant of existing word 'Tlâi' already in corpus — confirm same word or distinct before import.
word.tlakbuak,tlakbuak,word,language_only_flagged,false,verbs,Kumtluang Class I-VII (SCERT Mizoram) — cross-referenced vocabulary extraction,Source: Kumtluang Class V (SCERT Mizoram). VERIFY: Meaning inferred from context (harsain a tlakbuak chang pawha); confirm exact register/usage.
word.tlangsam,tlangsam,word,language_only_flagged,false,food,Kumtluang Class I-VII (SCERT Mizoram) — cross-referenced vocabulary extraction,Source: Kumtluang Class V (SCERT Mizoram). VERIFY: Traditional-medicine plant name; exact botanical identity not independently confirmed — verify with a native speaker/ethnobotanist.
word.tluklohrimnam,tluk loh rim nam,word,language_only_flagged,false,idiom,Kumtluang Class I-VII (SCERT Mizoram) — cross-referenced vocabulary extraction,Source: Kumtluang Class VII (SCERT Mizoram). VERIFY: nuance inferred from limited context.
word.to,ṭo,word,language_only_flagged,false,nature,Kumtluang Class I-VII (SCERT Mizoram) — cross-referenced vocabulary extraction,Source: Kumtluang Class I (SCERT Mizoram). VERIFY: gloss inferred from limited narrative context (Little Red Hen story).
word.tu,Tu,word,language_only_flagged,false,family,Thumal Quest diaspora expansion batch,"VERIFY: single syllable, homonym-heavy; confirm sense disambiguation; Rough placeholder -- consider custom illustration Provisional: not yet grade-verified against Kumtluang curriculum (2026-09-16)."
word.tuihal,tuihâl,word,language_only_flagged,false,adjectives,Kumtluang Class I-VII (SCERT Mizoram) — cross-referenced vocabulary extraction,"Source: Kumtluang Class II (SCERT Mizoram). VERIFY: gloss (thirsty) inferred from a proverb-style matching exercise, confirm before use."
word.tuihawk,tuihâwk,word,language_only_flagged,false,nature,Kumtluang Class I-VII (SCERT Mizoram) — cross-referenced vocabulary extraction,"Source: Kumtluang Class II (SCERT Mizoram). VERIFY: gloss (flood / strong river current) inferred from a heavy-rain story context, confirm before use."
word.tuihnai-2,tuihnâi,word,language_only_flagged,false,verbs,Kumtluang Class I-VII (SCERT Mizoram) — cross-referenced vocabulary extraction,Source: Kumtluang Class IV (SCERT Mizoram). VERIFY: inferred from a rat's ravenous eating in a fable's word-box; precise shade of meaning not glossed in the text. VERIFY possible duplicate: diacritic-variant of existing word 'tuihnai' already in corpus — confirm same word or distinct before import.
word.tuium,Tui um,word,language_only_flagged,false,objects,Vartian (Mizo literacy primer) — vocabulary extraction,"Source: Ujaas (Vartian) Part-1, SCERT Mizoram adult literacy primer. VERIFY compound spelling/usage."
word.u,U,word,language_only_flagged,false,family,Thumal Quest diaspora expansion batch,"VERIFY: single-letter form; confirm searchable/orthography handling; NO_EMOJI: sibling terms need custom illustration, not a generic person glyph; picture_match dropped: a picture cannot visually distinguish a kinship-relation word from a generic person/couple -- keep to spelling/word_search/listen_pick tq_level remapped 2026-09-16: was TQ1 -> TQ2 per Kumtluang curriculum cross-reference."
word.uchang,Uchang,word,language_only_flagged,false,food,Vartian (Mizo literacy primer) — vocabulary extraction,"Source: Ujaas (Vartian) Part-1, SCERT Mizoram adult literacy primer. VERIFY: exact species/translation unconfirmed; drawn from an isolated phonics word list without image."
word.umpha,ûmpha,word,language_only_flagged,false,adverbs,Kumtluang Class I-VII (SCERT Mizoram) — cross-referenced vocabulary extraction,"Source: Kumtluang Class II (SCERT Mizoram). VERIFY: gloss (severely/very badly) inferred from a burn-injury story context, confirm before use."
word.urh,urh,word,language_only_flagged,false,adjectives,Kumtluang Class I-VII (SCERT Mizoram) — cross-referenced vocabulary extraction,Source: Kumtluang Class III (SCERT Mizoram). VERIFY: confirm precise meaning (warmth vs a related sense) from context.
word.vani-an,vani-an,word,language_only_flagged,false,legend,Kumtluang Class I-VII (SCERT Mizoram) — cross-referenced vocabulary extraction,VERIFY: term as used in this specific folktale context. Source: Kumtluang Class V (SCERT Mizoram)
word.vapual,vapual,word,language_only_flagged,false,animals,Kumtluang Class I-VII (SCERT Mizoram) — cross-referenced vocabulary extraction,Source: Kumtluang Class IV (SCERT Mizoram). VERIFY: species identity uncertain (named in a bird-categorisation exercise).
word.var-2,vâr,word,language_only_flagged,false,verbs,Kumtluang Class I-VII (SCERT Mizoram) — cross-referenced vocabulary extraction,Source: Kumtluang Class II (SCERT Mizoram). VERIFY possible duplicate: diacritic-variant of existing word 'Var' already in corpus — confirm same word or distinct before import.
word.varihaw,varihâw,word,language_only_flagged,false,animals,Kumtluang Class I-VII (SCERT Mizoram) — cross-referenced vocabulary extraction,"Source: Kumtluang Class IV (SCERT Mizoram). VERIFY: species identity uncertain; possibly refers to a hornbill, inferred from the 'va-' bird prefix and 'lian' size context."
word.veilam-2,veilam,word,language_only_flagged,false,body,Kumtluang Class I-VII (SCERT Mizoram) — cross-referenced vocabulary extraction,"Source: Kumtluang Class II (SCERT Mizoram). VERIFY: exact meaning uncertain — could mean ""wrist"" or more generally ""the side/alongside""; confirm before use."
word.vengtu,vêngtu,word,language_only_flagged,false,people,Kumtluang Class I-VII (SCERT Mizoram) — cross-referenced vocabulary extraction,"Source: Kumtluang Class II (SCERT Mizoram). VERIFY spelling-variant: also found as class2:word.vengtu='vêngtu'(K2), class7:word.vengtu='vengtu'(K7) — confirm distinct words or same word/typo."
word.vengtu-2,vengtu,word,language_only_flagged,false,community,Kumtluang Class I-VII (SCERT Mizoram) — cross-referenced vocabulary extraction,"Source: Kumtluang Class VII (SCERT Mizoram). VERIFY spelling-variant: also found as class2:word.vengtu='vêngtu'(K2), class7:word.vengtu='vengtu'(K7) — confirm distinct words or same word/typo."
word.vui,vûi,word,language_only_flagged,false,nature,Kumtluang Class I-VII (SCERT Mizoram) — cross-referenced vocabulary extraction,Source: Kumtluang Class I (SCERT Mizoram). VERIFY: gloss inferred from limited narrative context (Little Red Hen story).
word.vur,Vur,word,language_only_flagged,false,nature,Thumal Quest diaspora expansion batch,VERIFY: confirm spelling Provisional: not yet grade-verified against Kumtluang curriculum (2026-09-16).
word.za,Za,word,language_only_flagged,false,numbers,Thumal Quest diaspora expansion batch,VERIFY: confirm standalone usage vs compound Provisional: not yet grade-verified against Kumtluang curriculum (2026-09-16).
word.zangruh,zângruh,word,language_only_flagged,false,adjectives,Kumtluang Class I-VII (SCERT Mizoram) — cross-referenced vocabulary extraction,Source: Kumtluang Class IV (SCERT Mizoram). VERIFY: gloss inferred from fable context (a predator spotting an opponent's exposed weak spot); not a common everyday word.
word.zar-2,zâr,word,language_only_flagged,false,verbs,Kumtluang Class I-VII (SCERT Mizoram) — cross-referenced vocabulary extraction,"Source: Kumtluang Class II (SCERT Mizoram). VERIFY: exact nuance (swarm out / spread densely) inferred from ant-swarm context, confirm before use. VERIFY possible duplicate: diacritic-variant of existing word 'zar' already in corpus — confirm same word or distinct before import."
word.zawhte-2,zawhtê,word,language_only_flagged,false,animals,Kumtluang Class I-VII (SCERT Mizoram) — cross-referenced vocabulary extraction,Source: Kumtluang Class IV (SCERT Mizoram). VERIFY: exact animal identity not confirmed; named in an exercise about animal calls/sounds. VERIFY possible duplicate: diacritic-variant of existing word 'Zawhte' already in corpus — confirm same word or distinct before import.
word.zawngte-2,Zâwngte,word,language_only_flagged,false,animals,Vartian (Mizo literacy primer) — vocabulary extraction,"Source: Ujaas (Vartian) Part-1, SCERT Mizoram adult literacy primer. VERIFY: distinguish from the verb 'zawng' (to search); confirm this is the standard noun for monkey. VERIFY possible duplicate: diacritic-variant of existing word 'zawngte' already in corpus — confirm same word or distinct before import."
word.zawrhna,Zawrhna,word,language_only_flagged,false,places,Vartian (Mizo literacy primer) — vocabulary extraction,"Source: Ujaas (Vartian) Part-1, SCERT Mizoram adult literacy primer. VERIFY: this is a productive suffix root seen in the compound 'Thei zawrhna' (fruit stall) rather than a standalone labelled word; confirm standalone usage."
word.zelthel,zelthel,word,language_only_flagged,false,verbs,Kumtluang Class I-VII (SCERT Mizoram) — cross-referenced vocabulary extraction,Source: Kumtluang Class III (SCERT Mizoram). VERIFY: confirm precise gloss (to avoid vs to skip/shirk).
word.zikhlum,Zikhlum,word,language_only_flagged,false,food,Vartian (Mizo literacy primer) — vocabulary extraction,"Source: Ujaas (Vartian) Part-1, SCERT Mizoram adult literacy primer. VERIFY strongly: drawn from an isolated phonics list without image or further context."
word.zuk,zuk,word,language_only_flagged,false,verbs,Kumtluang Class I-VII (SCERT Mizoram) — cross-referenced vocabulary extraction,Source: Kumtluang Class I (SCERT Mizoram). VERIFY: exact nuance of this adverb is uncertain from limited context; gloss is a best estimate.
